84.0,26.0,-3.0,9.0
78.0,26.0,-4.0,8.0
80.0,26.0,-5.0,10.0
88.0,26.0,-4.0,10.0
94.0,27.0,-4.0,10.0
99.0,26.0,-5.0,8.0
104.0,27.0,-3.0,9.0
109.0,30.0,-4.0,9.0
111.0,34.0,-4.0,8.0
112.0,37.0,-4.0,9.0
110.0,40.0,-7.0,13.0
107.0,45.0,-7.0,14.0
103.0,44.0,-8.0,10.0
101.0,42.0,-7.0,5.0
100.0,38.0,-6.0,4.0
102.0,33.0,-3.0,3.0
109.0,30.0,-1.0,2.0
122.0,28.0,1.0,1.0
141.0,29.0,6.0,1.0
159.0,30.0,7.0,-1.0
173.0,31.0,3.0,2.0
180.0,32.0,0.0,2.0
179.0,33.0,-5.0,5.0
171.0,31.0,-6.0,8.0
158.0,27.0,-5.0,6.0
142.0,24.0,-2.0,6.0
126.0,24.0,-2.0,7.0
111.0,24.0,0.0,5.0
98.0,23.0,2.0,5.0
88.0,26.0,2.0,6.0
83.0,27.0,0.0,5.0
81.0,27.0,1.0,6.0
83.0,29.0,-1.0,8.0
89.0,28.0,-1.0,9.0
97.0,26.0,0.0,7.0
104.0,26.0,0.0,7.0
110.0,28.0,1.0,9.0
113.0,33.0,0.0,9.0
115.0,35.0,1.0,7.0
114.0,38.0,-1.0,8.0
111.0,41.0,-1.0,14.0
107.0,43.0,-2.0,11.0
103.0,45.0,-7.0,12.0
101.0,42.0,-12.0,7.0
103.0,39.0,-12.0,4.0
111.0,34.0,-10.0,3.0
126.0,28.0,-8.0,1.0
147.0,24.0,-4.0,1.0
170.0,25.0,-2.0,2.0
188.0,25.0,-1.0,3.0
197.0,28.0,-5.0,4.0
195.0,31.0,-8.0,7.0
181.0,32.0,-9.0,8.0
158.0,32.0,-10.0,6.0
140.0,29.0,-8.0,6.0
124.0,25.0,-6.0,6.0
110.0,22.0,-3.0,6.0
98.0,21.0,0.0,6.0
88.0,23.0,0.0,6.0
82.0,22.0,-1.0,6.0
80.0,26.0,-1.0,7.0
82.0,28.0,-3.0,8.0
87.0,29.0,-6.0,11.0
94.0,29.0,-5.0,9.0
102.0,28.0,-7.0,9.0
109.0,27.0,-6.0,9.0
114.0,28.0,-4.0,8.0
116.0,32.0,-2.0,9.0
115.0,33.0,-2.0,10.0
113.0,37.0,-3.0,9.0
108.0,38.0,-7.0,12.0
103.0,44.0,-8.0,12.0
97.0,45.0,-7.0,11.0
94.0,41.0,-8.0,5.0
100.0,38.0,-5.0,3.0
117.0,34.0,-3.0,1.0
143.0,28.0,-2.0,2.0
170.0,27.0,1.0,-1.0
192.0,28.0,6.0,-2.0
204.0,30.0,6.0,0.0
204.0,32.0,5.0,-1.0
192.0,35.0,-1.0,1.0
172.0,35.0,-6.0,4.0
149.0,33.0,-6.0,6.0
127.0,27.0,-7.0,8.0
107.0,24.0,-5.0,7.0
93.0,22.0,-3.0,5.0
86.0,22.0,-1.0,6.0
85.0,22.0,0.0,5.0
87.0,23.0,2.0,4.0
92.0,26.0,0.0,5.0
98.0,28.0,0.0,7.0
104.0,28.0,-1.0,7.0
110.0,27.0,-1.0,6.0
113.0,27.0,-2.0,5.0
115.0,29.0,1.0,6.0
115.0,30.0,1.0,7.0
114.0,32.0,-1.0,7.0
111.0,36.0,0.0,8.0
108.0,37.0,-3.0,7.0
105.0,39.0,-3.0,11.0
103.0,40.0,-1.0,12.0
108.0,42.0,-4.0,12.0
122.0,43.0,-9.0,10.0
138.0,40.0,-14.0,4.0
161.0,36.0,-13.0,4.0
187.0,30.0,-9.0,3.0
210.0,27.0,-7.0,2.0
223.0,27.0,-5.0,3.0
221.0,27.0,-2.0,3.0
207.0,29.0,-3.0,5.0
181.0,31.0,-6.0,7.0
152.0,32.0,-6.0,9.0
124.0,29.0,-6.0,9.0
100.0,28.0,-6.0,8.0
83.0,26.0,-5.0,7.0
74.0,24.0,-4.0,7.0
71.0,22.0,-3.0,6.0
74.0,22.0,-2.0,8.0
81.0,23.0,0.0,8.0
90.0,26.0,-2.0,8.0
100.0,27.0,-2.0,7.0
109.0,27.0,-5.0,10.0
116.0,29.0,-6.0,8.0
121.0,26.0,-6.0,10.0
124.0,28.0,-4.0,10.0
124.0,28.0,-4.0,11.0
122.0,29.0,-1.0,11.0
119.0,34.0,-3.0,11.0
114.0,37.0,-2.0,8.0
110.0,39.0,-6.0,10.0
111.0,43.0,-7.0,14.0
122.0,46.0,-8.0,16.0
146.0,43.0,-5.0,11.0
177.0,37.0,-6.0,6.0
206.0,34.0,-5.0,4.0
226.0,30.0,-4.0,3.0
231.0,27.0,0.0,1.0
221.0,28.0,2.0,1.0
198.0,27.0,6.0,0.0
167.0,30.0,8.0,1.0
134.0,31.0,3.0,0.0
104.0,33.0,-1.0,5.0
81.0,31.0,-6.0,8.0
68.0,28.0,-5.0,8.0
67.0,27.0,-4.0,7.0
74.0,24.0,-3.0,7.0
87.0,24.0,-1.0,5.0
101.0,22.0,0.0,5.0
113.0,23.0,1.0,5.0
121.0,24.0,2.0,6.0
124.0,27.0,0.0,6.0
120.0,28.0,-1.0,7.0
111.0,30.0,-2.0,9.0
107.0,29.0,-1.0,6.0
107.0,27.0,-2.0,6.0
105.0,30.0,1.0,8.0
103.0,31.0,0.0,9.0
101.0,33.0,0.0,7.0
100.0,38.0,-2.0,9.0
108.0,38.0,-2.0,12.0
129.0,42.0,-3.0,11.0
160.0,44.0,-4.0,10.0
194.0,42.0,-10.0,8.0
220.0,42.0,-12.0,6.0
231.0,38.0,-10.0,3.0
231.0,33.0,-9.0,3.0
215.0,29.0,-7.0,1.0
189.0,28.0,-4.0,2.0
157.0,28.0,-4.0,4.0
127.0,27.0,-7.0,5.0
101.0,30.0,-6.0,7.0
80.0,29.0,-8.0,7.0
68.0,29.0,-6.0,6.0
63.0,27.0,-5.0,8.0
64.0,23.0,-5.0,8.0
69.0,22.0,-2.0,6.0
77.0,23.0,-1.0,8.0
85.0,24.0,-1.0,8.0
93.0,25.0,-3.0,8.0
99.0,25.0,-2.0,9.0
103.0,28.0,-5.0,9.0
106.0,27.0,-5.0,8.0
108.0,27.0,-7.0,10.0
109.0,27.0,-5.0,8.0
109.0,26.0,-4.0,8.0
107.0,29.0,-4.0,8.0
104.0,32.0,-2.0,10.0
100.0,35.0,-4.0,9.0
100.0,36.0,-6.0,9.0
110.0,39.0,-8.0,13.0
130.0,43.0,-8.0,13.0
158.0,43.0,-7.0,10.0
186.0,42.0,-6.0,4.0
206.0,37.0,-5.0,3.0
215.0,34.0,-3.0,2.0
211.0,31.0,-2.0,0.0
194.0,27.0,3.0,-1.0
169.0,29.0,5.0,0.0
139.0,29.0,6.0,0.0
108.0,32.0,4.0,-1.0
81.0,31.0,-2.0,2.0
66.0,31.0,-5.0,6.0
65.0,30.0,-6.0,6.0
66.0,28.0,-5.0,7.0
73.0,24.0,-4.0,6.0
85.0,24.0,-2.0,5.0
98.0,22.0,1.0,6.0
109.0,24.0,2.0,6.0
115.0,24.0,3.0,6.0
116.0,27.0,2.0,6.0
114.0,27.0,1.0,7.0
108.0,30.0,-2.0,9.0
102.0,30.0,-1.0,9.0
96.0,28.0,-1.0,7.0
92.0,27.0,-1.0,6.0
91.0,30.0,-1.0,7.0
97.0,32.0,0.0,9.0
113.0,36.0,-1.0,8.0
138.0,36.0,-4.0,9.0
167.0,39.0,-6.0,11.0
191.0,42.0,-3.0,10.0
205.0,42.0,-7.0,8.0
206.0,41.0,-12.0,6.0
195.0,40.0,-13.0,3.0
175.0,35.0,-9.0,4.0
153.0,30.0,-5.0,3.0
130.0,26.0,-5.0,1.0
109.0,27.0,-3.0,3.0
91.0,27.0,-4.0,5.0
78.0,31.0,-7.0,6.0
69.0,31.0,-8.0,7.0
66.0,33.0,-9.0,6.0
68.0,29.0,-9.0,6.0
75.0,26.0,-7.0,8.0
84.0,25.0,-5.0,7.0
93.0,23.0,-2.0,7.0
100.0,23.0,-2.0,6.0
103.0,22.0,0.0,6.0
103.0,24.0,-2.0,5.0
102.0,26.0,-3.0,6.0
99.0,27.0,-3.0,9.0
96.0,27.0,-4.0,8.0
94.0,28.0,-6.0,10.0
93.0,26.0,-5.0,8.0
97.0,28.0,-5.0,8.0
109.0,29.0,-5.0,10.0
130.0,30.0,-3.0,8.0
158.0,32.0,-4.0,6.0
183.0,37.0,-5.0,10.0
200.0,41.0,-5.0,13.0
206.0,44.0,-7.0,14.0
196.0,45.0,-9.0,12.0
174.0,40.0,-7.0,5.0
154.0,37.0,-4.0,3.0
135.0,34.0,-2.0,3.0
117.0,30.0,-1.0,2.0
99.0,28.0,2.0,1.0
85.0,26.0,5.0,-1.0
76.0,29.0,5.0,-2.0
71.0,29.0,2.0,0.0
70.0,32.0,0.0,1.0
73.0,34.0,-4.0,6.0
80.0,32.0,-6.0,8.0
89.0,29.0,-6.0,8.0
98.0,25.0,-5.0,6.0
106.0,23.0,-4.0,8.0
112.0,23.0,-2.0,7.0
116.0,23.0,-1.0,5.0
116.0,26.0,0.0,6.0
113.0,26.0,0.0,6.0
107.0,27.0,1.0,5.0
101.0,29.0,1.0,6.0
95.0,27.0,-1.0,6.0
94.0,28.0,-1.0,7.0
102.0,27.0,-1.0,8.0
121.0,30.0,-1.0,8.0
148.0,31.0,0.0,9.0
174.0,33.0,-2.0,8.0
193.0,36.0,-3.0,9.0
199.0,35.0,-3.0,12.0
193.0,37.0,-1.0,13.0
177.0,42.0,-4.0,10.0
157.0,44.0,-10.0,11.0
134.0,44.0,-14.0,5.0
113.0,40.0,-14.0,3.0
97.0,33.0,-10.0,2.0
87.0,30.0,-7.0,4.0
83.0,28.0,-6.0,4.0
84.0,26.0,-5.0,2.0
88.0,27.0,-3.0,3.0
91.0,28.0,-4.0,4.0
94.0,31.0,-6.0,8.0
95.0,30.0,-8.0,6.0
96.0,28.0,-6.0,5.0
96.0,26.0,-5.0,6.0
96.0,25.0,-5.0,5.0
94.0,23.0,-2.0,5.0
92.0,25.0,-3.0,7.0
89.0,26.0,-3.0,7.0
87.0,27.0,-4.0,6.0
85.0,27.0,-3.0,8.0
87.0,29.0,-4.0,8.0
95.0,29.0,-7.0,10.0
101.0,26.0,-6.0,8.0
115.0,27.0,-5.0,8.0
138.0,28.0,-3.0,8.0
166.0,30.0,-4.0,8.0
190.0,31.0,-3.0,8.0
204.0,35.0,-4.0,8.0
205.0,37.0,-5.0,10.0
194.0,36.0,-8.0,14.0
174.0,41.0,-8.0,15.0
151.0,41.0,-7.0,12.0
128.0,42.0,-5.0,4.0
108.0,40.0,-6.0,3.0
92.0,33.0,-4.0,2.0
82.0,29.0,-3.0,1.0
77.0,26.0,1.0,-1.0
78.0,27.0,6.0,-2.0
83.0,27.0,7.0,1.0
88.0,30.0,4.0,1.0
93.0,33.0,-2.0,4.0
98.0,35.0,-5.0,4.0
102.0,32.0,-8.0,5.0
105.0,31.0,-8.0,5.0
108.0,25.0,-5.0,7.0
110.0,24.0,-3.0,7.0
112.0,23.0,-1.0,7.0
111.0,23.0,2.0,6.0
108.0,24.0,3.0,6.0
105.0,26.0,2.0,6.0
102.0,27.0,0.0,5.0
107.0,28.0,-1.0,8.0
123.0,28.0,0.0,7.0
147.0,28.0,-2.0,7.0
173.0,26.0,-1.0,6.0
193.0,29.0,-1.0,7.0
202.0,31.0,0.0,9.0
199.0,32.0,-1.0,8.0
184.0,36.0,-3.0,7.0
162.0,37.0,-1.0,12.0
138.0,41.0,0.0,9.0
114.0,44.0,-3.0,9.0
95.0,44.0,-10.0,7.0
82.0,43.0,-13.0,5.0
79.0,39.0,-12.0,2.0
83.0,34.0,-9.0,1.0
91.0,26.0,-5.0,1.0
100.0,24.0,-4.0,2.0
109.0,26.0,-3.0,4.0
114.0,28.0,-3.0,5.0
113.0,30.0,-7.0,4.0
104.0,31.0,-8.0,5.0
100.0,32.0,-7.0,6.0
100.0,29.0,-6.0,6.0
99.0,27.0,-5.0,8.0
98.0,23.0,-4.0,7.0
96.0,22.0,0.0,5.0
94.0,23.0,-1.0,5.0
92.0,23.0,0.0,5.0
93.0,26.0,-1.0,7.0
102.0,26.0,-4.0,8.0
123.0,27.0,-5.0,7.0
155.0,29.0,-6.0,8.0
189.0,29.0,-6.0,7.0
214.0,28.0,-6.0,8.0
225.0,27.0,-4.0,9.0
221.0,28.0,-4.0,10.0
203.0,31.0,-2.0,8.0
176.0,35.0,-2.0,7.0
144.0,37.0,-4.0,10.0
114.0,42.0,-8.0,14.0
88.0,46.0,-10.0,15.0
73.0,42.0,-7.0,13.0
69.0,38.0,-7.0,6.0
74.0,36.0,-5.0,3.0
84.0,32.0,-3.0,3.0
97.0,31.0,-2.0,1.0
109.0,28.0,-1.0,3.0
117.0,29.0,0.0,5.0
120.0,29.0,2.0,1.0
118.0,31.0,6.0,-2.0
113.0,30.0,4.0,-4.0
106.0,29.0,1.0,-2.0
101.0,32.0,-4.0,4.0
97.0,32.0,-7.0,8.0
94.0,27.0,-8.0,13.0
94.0,25.0,-5.0,7.0
95.0,23.0,-1.0,6.0
99.0,24.0,1.0,6.0
110.0,23.0,2.0,6.0
129.0,24.0,0.0,7.0
156.0,25.0,0.0,6.0
184.0,28.0,0.0,6.0
206.0,28.0,0.0,6.0
215.0,28.0,-1.0,4.0
210.0,28.0,0.0,5.0
193.0,30.0,-1.0,7.0
167.0,32.0,1.0,8.0
139.0,32.0,0.0,7.0
111.0,37.0,-2.0,8.0
89.0,38.0,-2.0,10.0
80.0,39.0,-3.0,12.0
72.0,43.0,-3.0,9.0
69.0,43.0,-8.0,9.0
74.0,43.0,-11.0,4.0
84.0,37.0,-12.0,1.0
98.0,32.0,-8.0,0.0
112.0,26.0,-5.0,0.0
123.0,25.0,-4.0,2.0
128.0,24.0,-5.0,2.0
128.0,29.0,-4.0,3.0
123.0,32.0,-6.0,4.0
114.0,35.0,-6.0,4.0
104.0,34.0,-7.0,5.0
94.0,30.0,-10.0,5.0
86.0,28.0,-8.0,7.0
81.0,23.0,-5.0,7.0
79.0,21.0,-3.0,7.0
83.0,23.0,-1.0,6.0
93.0,25.0,1.0,5.0
112.0,25.0,0.0,6.0
140.0,26.0,-1.0,2.0
170.0,28.0,-5.0,0.0
194.0,29.0,-7.0,1.0
207.0,29.0,-6.0,5.0
207.0,29.0,-4.0,10.0
195.0,25.0,-5.0,9.0
174.0,27.0,-6.0,12.0
149.0,33.0,-5.0,9.0
124.0,36.0,-6.0,5.0
101.0,37.0,-9.0,7.0
82.0,42.0,-8.0,8.0
69.0,47.0,-7.0,9.0
64.0,42.0,-7.0,4.0
67.0,39.0,-5.0,2.0
79.0,35.0,-5.0,0.0
96.0,31.0,-3.0,0.0
113.0,29.0,-1.0,0.0
126.0,27.0,3.0,-2.0
131.0,30.0,4.0,-1.0
128.0,31.0,4.0,0.0
118.0,32.0,1.0,2.0
106.0,31.0,-3.0,3.0
95.0,31.0,-5.0,4.0
87.0,29.0,-5.0,6.0
83.0,25.0,-6.0,7.0
83.0,25.0,-3.0,5.0
88.0,22.0,-2.0,6.0
102.0,23.0,1.0,6.0
127.0,23.0,0.0,6.0
158.0,25.0,0.0,5.0
182.0,29.0,-1.0,5.0
206.0,30.0,-2.0,5.0
217.0,29.0,-2.0,5.0
213.0,28.0,-2.0,7.0
195.0,27.0,-1.0,5.0
168.0,28.0,-1.0,5.0
138.0,28.0,0.0,6.0
109.0,33.0,-2.0,8.0
85.0,34.0,-5.0,6.0
70.0,39.0,-6.0,10.0
64.0,42.0,-5.0,8.0
67.0,45.0,-4.0,8.0
76.0,46.0,-8.0,7.0
90.0,44.0,-12.0,6.0
104.0,38.0,-11.0,2.0
118.0,33.0,-9.0,0.0
128.0,28.0,-7.0,-1.0
133.0,28.0,-5.0,2.0
132.0,27.0,-5.0,3.0
127.0,28.0,-6.0,3.0
118.0,29.0,-10.0,5.0
107.0,31.0,-9.0,5.0
97.0,30.0,-9.0,5.0
89.0,26.0,-7.0,5.0
83.0,25.0,-5.0,6.0
81.0,21.0,-2.0,6.0
86.0,21.0,-3.0,6.0
101.0,22.0,-3.0,5.0
129.0,25.0,-2.0,5.0
163.0,25.0,-3.0,6.0
194.0,28.0,-6.0,6.0
215.0,29.0,-6.0,6.0
220.0,29.0,-6.0,9.0
211.0,27.0,-6.0,8.0
191.0,28.0,-7.0,8.0
164.0,28.0,-6.0,7.0
136.0,30.0,-4.0,8.0
108.0,31.0,-5.0,9.0
85.0,33.0,-4.0,8.0
70.0,36.0,-7.0,7.0
63.0,42.0,-8.0,11.0
63.0,46.0,-7.0,11.0
71.0,45.0,-9.0,6.0
83.0,44.0,-6.0,3.0
97.0,40.0,-6.0,0.0
111.0,34.0,-3.0,0.0
121.0,27.0,-1.0,-1.0
126.0,25.0,1.0,-3.0
126.0,27.0,3.0,-3.0
122.0,29.0,3.0,-1.0
121.0,30.0,1.0,2.0
110.0,32.0,-2.0,3.0
97.0,32.0,-4.0,3.0
86.0,30.0,-4.0,4.0
81.0,30.0,-4.0,5.0
84.0,26.0,-4.0,6.0
98.0,25.0,-2.0,6.0
126.0,24.0,0.0,4.0
162.0,23.0,2.0,5.0
196.0,25.0,0.0,5.0
219.0,28.0,1.0,5.0
226.0,29.0,-2.0,6.0
218.0,29.0,-2.0,7.0
196.0,27.0,-2.0,6.0
166.0,28.0,-2.0,6.0
135.0,26.0,-2.0,6.0
106.0,29.0,-1.0,6.0
83.0,32.0,-1.0,7.0
67.0,33.0,-1.0,7.0
60.0,37.0,-2.0,7.0
61.0,41.0,-2.0,12.0
69.0,42.0,-4.0,7.0
82.0,46.0,-7.0,10.0
96.0,46.0,-12.0,5.0
109.0,41.0,-12.0,2.0
120.0,35.0,-9.0,1.0
126.0,31.0,-9.0,2.0
129.0,27.0,-5.0,1.0
127.0,24.0,-7.0,3.0
122.0,25.0,-6.0,3.0
114.0,28.0,-7.0,5.0
104.0,30.0,-8.0,5.0
93.0,31.0,-8.0,7.0
85.0,30.0,-8.0,7.0
78.0,26.0,-7.0,5.0
75.0,24.0,-5.0,5.0
79.0,22.0,-2.0,6.0
94.0,23.0,-3.0,5.0
121.0,24.0,-3.0,5.0
155.0,24.0,-4.0,7.0
186.0,27.0,-4.0,8.0
206.0,27.0,-5.0,7.0
213.0,29.0,-7.0,8.0
206.0,27.0,-6.0,9.0
187.0,26.0,-6.0,9.0
162.0,28.0,-5.0,7.0
134.0,27.0,-4.0,7.0
106.0,31.0,-5.0,9.0
83.0,32.0,-5.0,10.0
68.0,36.0,-7.0,8.0
53.0,40.0,-7.0,9.0
55.0,45.0,-8.0,11.0
66.0,47.0,-9.0,8.0
81.0,43.0,-7.0,4.0
97.0,39.0,-6.0,1.0
111.0,35.0,-6.0,0.0
123.0,29.0,-1.0,0.0
130.0,27.0,2.0,-2.0
131.0,27.0,5.0,-3.0
127.0,28.0,5.0,0.0
118.0,30.0,1.0,0.0
106.0,30.0,0.0,1.0
94.0,33.0,-3.0,2.0
85.0,31.0,-4.0,3.0
81.0,31.0,-4.0,5.0
87.0,29.0,-3.0,6.0
106.0,24.0,-3.0,6.0
139.0,24.0,-1.0,4.0
175.0,24.0,0.0,5.0
205.0,25.0,0.0,5.0
222.0,25.0,-1.0,5.0
221.0,26.0,0.0,5.0
206.0,29.0,-2.0,8.0
181.0,28.0,0.0,8.0
149.0,29.0,-2.0,7.0
118.0,27.0,0.0,6.0
91.0,29.0,0.0,6.0
70.0,29.0,1.0,9.0
58.0,33.0,-2.0,9.0
55.0,34.0,-1.0,7.0
60.0,38.0,-3.0,9.0
71.0,39.0,-3.0,11.0
85.0,45.0,-2.0,9.0
100.0,46.0,-8.0,8.0
113.0,44.0,-13.0,5.0
122.0,41.0,-13.0,1.0
128.0,35.0,-9.0,2.0
130.0,27.0,-7.0,2.0
130.0,23.0,-4.0,1.0
127.0,24.0,-5.0,2.0
122.0,28.0,-6.0,4.0
114.0,29.0,-6.0,3.0
104.0,33.0,-10.0,6.0
94.0,31.0,-10.0,5.0
86.0,30.0,-8.0,7.0
88.0,27.0,-4.0,5.0
105.0,23.0,-2.0,5.0
134.0,23.0,-2.0,6.0
168.0,23.0,-1.0,5.0
195.0,23.0,-1.0,6.0
218.0,26.0,-3.0,5.0
217.0,26.0,-3.0,6.0
200.0,28.0,-4.0,8.0
174.0,29.0,-6.0,9.0
145.0,28.0,-7.0,9.0
117.0,26.0,-6.0,10.0
94.0,27.0,-5.0,8.0
77.0,28.0,-4.0,9.0
67.0,30.0,-5.0,9.0
65.0,34.0,-6.0,9.0
69.0,35.0,-6.0,9.0
77.0,37.0,-8.0,11.0
87.0,41.0,-6.0,13.0
97.0,45.0,-7.0,11.0
107.0,44.0,-7.0,5.0
115.0,39.0,-5.0,0.0
119.0,34.0,-3.0,1.0
121.0,31.0,-2.0,0.0
119.0,28.0,2.0,2.0
115.0,28.0,3.0,1.0
109.0,29.0,3.0,0.0
101.0,33.0,0.0,1.0
92.0,34.0,-3.0,3.0
84.0,32.0,-6.0,4.0
85.0,30.0,-6.0,5.0
100.0,29.0,-6.0,6.0
132.0,26.0,-4.0,6.0
172.0,22.0,-1.0,5.0
207.0,21.0,-1.0,5.0
230.0,23.0,0.0,6.0
231.0,23.0,0.0,6.0
221.0,25.0,1.0,7.0
195.0,27.0,-2.0,8.0
160.0,29.0,-1.0,7.0
125.0,27.0,-3.0,7.0
95.0,26.0,-1.0,8.0
71.0,28.0,-2.0,7.0
57.0,28.0,1.0,8.0
52.0,31.0,-1.0,10.0
54.0,34.0,-1.0,8.0
63.0,37.0,-4.0,10.0
76.0,40.0,-4.0,14.0
91.0,42.0,-2.0,12.0
105.0,45.0,-6.0,13.0
116.0,43.0,-11.0,8.0
123.0,40.0,-12.0,6.0
126.0,36.0,-11.0,2.0
126.0,30.0,-8.0,1.0
124.0,24.0,-6.0,2.0
121.0,24.0,-3.0,5.0
107.0,27.0,-3.0,5.0
101.0,28.0,-5.0,4.0
97.0,33.0,-8.0,7.0
92.0,32.0,-9.0,8.0
89.0,31.0,-8.0,8.0
94.0,26.0,-7.0,7.0
112.0,24.0,-5.0,8.0
142.0,23.0,-3.0,7.0
173.0,23.0,-2.0,7.0
196.0,22.0,-1.0,7.0
206.0,25.0,-3.0,6.0
201.0,25.0,-2.0,9.0
185.0,26.0,-3.0,10.0
161.0,26.0,-4.0,11.0
136.0,26.0,-5.0,9.0
111.0,26.0,-5.0,11.0
90.0,29.0,-4.0,10.0
75.0,30.0,-3.0,10.0
68.0,30.0,-4.0,9.0
67.0,32.0,-4.0,9.0
72.0,34.0,-5.0,11.0
81.0,38.0,-7.0,16.0
91.0,40.0,-6.0,14.0
102.0,44.0,-6.0,11.0
111.0,40.0,-7.0,5.0
119.0,37.0,-3.0,1.0
123.0,33.0,-2.0,0.0
123.0,30.0,1.0,1.0
120.0,30.0,4.0,-1.0
114.0,30.0,4.0,1.0
106.0,33.0,3.0,2.0
97.0,32.0,-1.0,2.0
89.0,31.0,-6.0,5.0
88.0,29.0,-6.0,8.0
99.0,28.0,-4.0,9.0
125.0,25.0,-4.0,8.0
161.0,24.0,-1.0,5.0
195.0,23.0,-1.0,6.0
217.0,25.0,0.0,6.0
223.0,24.0,0.0,6.0
213.0,28.0,0.0,5.0
190.0,28.0,-1.0,6.0
159.0,28.0,-2.0,8.0
126.0,27.0,-2.0,9.0
97.0,26.0,-2.0,8.0
74.0,27.0,-1.0,9.0
60.0,28.0,0.0,7.0
55.0,29.0,-1.0,9.0
57.0,32.0,-1.0,9.0
66.0,36.0,-4.0,9.0
87.0,36.0,-4.0,10.0
100.0,38.0,-2.0,16.0
110.0,42.0,-2.0,13.0
118.0,43.0,-7.0,13.0
124.0,42.0,-13.0,7.0
127.0,39.0,-12.0,4.0
128.0,33.0,-9.0,4.0
126.0,29.0,-7.0,4.0
124.0,24.0,-4.0,4.0
121.0,26.0,-3.0,5.0
115.0,28.0,-5.0,6.0
107.0,31.0,-6.0,5.0
99.0,33.0,-9.0,8.0
96.0,31.0,-8.0,7.0
104.0,28.0,-8.0,8.0
128.0,27.0,-7.0,7.0
160.0,25.0,-5.0,8.0
189.0,23.0,-2.0,6.0
206.0,22.0,-1.0,7.0
209.0,24.0,-1.0,8.0
198.0,24.0,-2.0,7.0
176.0,26.0,-5.0,8.0
149.0,27.0,-5.0,9.0
121.0,29.0,-6.0,11.0
96.0,28.0,-6.0,9.0
77.0,27.0,-7.0,10.0
67.0,26.0,-4.0,9.0
64.0,27.0,-3.0,10.0
68.0,30.0,-3.0,10.0
76.0,33.0,-4.0,10.0
85.0,37.0,-7.0,9.0
94.0,38.0,-8.0,15.0
103.0,40.0,-8.0,16.0
110.0,40.0,-5.0,15.0
116.0,38.0,-5.0,10.0
120.0,39.0,-5.0,4.0
121.0,36.0,-3.0,3.0
120.0,33.0,-1.0,2.0
116.0,29.0,0.0,1.0
110.0,29.0,3.0,0.0
103.0,30.0,6.0,1.0
96.0,30.0,3.0,1.0
94.0,31.0,-2.0,5.0
105.0,31.0,-4.0,7.0
131.0,31.0,-6.0,7.0
167.0,28.0,-4.0,6.0
199.0,26.0,-4.0,8.0
220.0,25.0,-2.0,7.0
224.0,24.0,0.0,5.0
213.0,25.0,1.0,5.0
179.0,25.0,1.0,6.0
145.0,27.0,0.0,6.0
113.0,28.0,1.0,7.0
85.0,28.0,0.0,7.0
64.0,28.0,-1.0,10.0
52.0,26.0,-1.0,10.0
49.0,28.0,-1.0,7.0
54.0,29.0,-1.0,8.0
66.0,29.0,0.0,8.0
80.0,31.0,-1.0,9.0
94.0,32.0,0.0,8.0
105.0,34.0,0.0,11.0
113.0,35.0,-1.0,13.0
118.0,38.0,-1.0,15.0
119.0,43.0,-5.0,13.0
117.0,44.0,-9.0,10.0
115.0,43.0,-11.0,6.0
111.0,40.0,-10.0,3.0
108.0,34.0,-9.0,1.0
106.0,29.0,-7.0,1.0
104.0,25.0,-6.0,2.0
105.0,26.0,-5.0,5.0
109.0,28.0,-7.0,6.0
123.0,30.0,-6.0,6.0
144.0,30.0,-7.0,7.0
170.0,30.0,-7.0,8.0
191.0,30.0,-8.0,7.0
203.0,26.0,-7.0,6.0
203.0,24.0,-4.0,6.0
191.0,22.0,-2.0,6.0
169.0,22.0,-3.0,6.0
143.0,23.0,-4.0,8.0
115.0,26.0,-3.0,8.0
88.0,27.0,-4.0,9.0
68.0,26.0,-6.0,10.0
56.0,28.0,-5.0,9.0
54.0,27.0,-5.0,10.0
60.0,27.0,-7.0,10.0
71.0,26.0,-6.0,10.0
86.0,29.0,-5.0,10.0
99.0,30.0,-5.0,10.0
110.0,34.0,-6.0,8.0
115.0,36.0,-5.0,9.0
116.0,37.0,-8.0,12.0
115.0,39.0,-9.0,14.0
112.0,42.0,-8.0,14.0
110.0,40.0,-5.0,10.0
109.0,40.0,-6.0,3.0
109.0,36.0,-6.0,2.0
108.0,33.0,-3.0,1.0
118.0,30.0,-1.0,1.0
127.0,29.0,4.0,1.0
142.0,28.0,4.0,1.0
163.0,31.0,2.0,1.0
184.0,31.0,-1.0,4.0
199.0,32.0,-5.0,6.0
203.0,32.0,-6.0,6.0
198.0,28.0,-7.0,6.0
183.0,27.0,-6.0,8.0
162.0,25.0,-3.0,6.0
138.0,22.0,-1.0,7.0
114.0,23.0,-1.0,7.0
91.0,24.0,0.0,5.0
73.0,26.0,0.0,4.0
60.0,26.0,-1.0,6.0
54.0,28.0,0.0,6.0
55.0,28.0,-1.0,9.0
63.0,27.0,-2.0,10.0
75.0,26.0,0.0,10.0
88.0,27.0,-2.0,9.0
102.0,29.0,-2.0,10.0
111.0,31.0,-1.0,8.0
117.0,34.0,-3.0,8.0
118.0,35.0,-4.0,9.0
115.0,37.0,-3.0,15.0
112.0,39.0,-3.0,12.0
108.0,43.0,-6.0,10.0
105.0,44.0,-12.0,8.0
104.0,44.0,-16.0,5.0
109.0,39.0,-12.0,2.0
125.0,31.0,-8.0,2.0
153.0,27.0,-5.0,1.0
185.0,24.0,-4.0,4.0
212.0,26.0,-2.0,5.0
224.0,31.0,-5.0,5.0
221.0,33.0,-9.0,5.0
205.0,34.0,-10.0,6.0
179.0,32.0,-9.0,8.0
150.0,27.0,-8.0,7.0
123.0,25.0,-6.0,8.0
99.0,21.0,-4.0,8.0
81.0,20.0,-3.0,7.0
68.0,22.0,-1.0,7.0
60.0,22.0,-3.0,6.0
56.0,24.0,-4.0,8.0
59.0,26.0,-5.0,9.0
66.0,28.0,-5.0,10.0
78.0,26.0,-7.0,9.0
91.0,25.0,-7.0,8.0
104.0,27.0,-5.0,10.0
106.0,27.0,-5.0,8.0
112.0,29.0,-5.0,8.0
117.0,33.0,-4.0,9.0
117.0,34.0,-7.0,10.0
114.0,37.0,-8.0,13.0
107.0,38.0,-8.0,15.0
102.0,42.0,-9.0,13.0
98.0,42.0,-8.0,9.0
102.0,40.0,-8.0,4.0
117.0,37.0,-5.0,2.0
144.0,34.0,-3.0,2.0
177.0,30.0,0.0,-1.0
205.0,26.0,3.0,0.0
221.0,26.0,3.0,-2.0
221.0,28.0,3.0,-1.0
206.0,30.0,0.0,2.0
181.0,33.0,-3.0,2.0
150.0,31.0,-6.0,4.0
121.0,30.0,-6.0,7.0
96.0,30.0,-6.0,5.0
78.0,26.0,-6.0,6.0
68.0,24.0,-5.0,6.0
65.0,23.0,-1.0,4.0
68.0,23.0,0.0,5.0
75.0,24.0,0.0,5.0
83.0,26.0,-1.0,6.0
92.0,29.0,-1.0,5.0
100.0,28.0,-2.0,6.0
107.0,27.0,-1.0,5.0
111.0,28.0,0.0,5.0
112.0,28.0,0.0,7.0
111.0,28.0,-1.0,8.0
108.0,30.0,-3.0,9.0
103.0,32.0,-4.0,9.0
99.0,36.0,-4.0,8.0
96.0,37.0,-4.0,9.0
99.0,41.0,-3.0,9.0
111.0,43.0,-5.0,10.0
136.0,45.0,-11.0,8.0
170.0,41.0,-15.0,4.0
202.0,37.0,-12.0,1.0
226.0,31.0,-10.0,1.0
231.0,25.0,-6.0,3.0
231.0,24.0,-6.0,3.0
211.0,26.0,-6.0,3.0
179.0,29.0,-7.0,5.0
142.0,32.0,-10.0,6.0
107.0,32.0,-10.0,6.0
78.0,30.0,-9.0,6.0
58.0,29.0,-8.0,8.0
56.0,24.0,-4.0,6.0
55.0,22.0,-4.0,5.0
58.0,21.0,-3.0,7.0
65.0,23.0,-2.0,6.0
75.0,23.0,-4.0,6.0
86.0,26.0,-5.0,7.0
96.0,27.0,-5.0,7.0
104.0,26.0,-6.0,10.0
111.0,26.0,-8.0,9.0
115.0,25.0,-6.0,9.0
116.0,26.0,-7.0,8.0
115.0,27.0,-6.0,9.0
112.0,29.0,-4.0,9.0
109.0,33.0,-7.0,9.0
111.0,35.0,-8.0,8.0
124.0,38.0,-7.0,11.0
149.0,40.0,-7.0,12.0
180.0,43.0,-7.0,13.0
207.0,42.0,-7.0,9.0
223.0,41.0,-8.0,4.0
224.0,36.0,-6.0,2.0
212.0,32.0,-4.0,2.0
188.0,28.0,-1.0,0.0
158.0,28.0,1.0,-1.0
125.0,27.0,4.0,1.0
95.0,30.0,2.0,2.0
68.0,33.0,0.0,1.0
50.0,32.0,-3.0,4.0
42.0,32.0,-4.0,6.0
42.0,28.0,-5.0,6.0
50.0,27.0,-4.0,8.0
63.0,25.0,-2.0,4.0
76.0,25.0,-1.0,5.0
88.0,25.0,0.0,5.0
96.0,24.0,-1.0,5.0
100.0,25.0,-1.0,4.0
100.0,28.0,0.0,7.0
99.0,28.0,-1.0,6.0
97.0,28.0,-3.0,6.0
95.0,28.0,-1.0,6.0
96.0,27.0,-2.0,6.0
102.0,28.0,0.0,6.0
118.0,31.0,0.0,8.0
144.0,33.0,-2.0,7.0
177.0,34.0,-2.0,8.0
207.0,35.0,-4.0,9.0
228.0,37.0,-3.0,11.0
231.0,39.0,-2.0,11.0
224.0,43.0,-6.0,11.0
203.0,42.0,-11.0,6.0
132.0,37.0,-13.0,1.0
108.0,31.0,-11.0,1.0
91.0,26.0,-8.0,1.0
83.0,25.0,-7.0,4.0
80.0,24.0,-7.0,4.0
81.0,26.0,-7.0,6.0
85.0,28.0,-8.0,6.0
89.0,31.0,-10.0,6.0
94.0,31.0,-8.0,7.0
98.0,27.0,-5.0,6.0
99.0,27.0,-5.0,6.0
99.0,25.0,-3.0,7.0
99.0,24.0,-4.0,5.0
97.0,24.0,-3.0,5.0
94.0,26.0,-4.0,7.0
90.0,27.0,-5.0,8.0
88.0,28.0,-5.0,7.0
94.0,28.0,-8.0,9.0
113.0,27.0,-7.0,9.0
145.0,25.0,-8.0,10.0
182.0,27.0,-5.0,8.0
213.0,27.0,-3.0,9.0
231.0,30.0,-3.0,9.0
231.0,33.0,-4.0,7.0
212.0,35.0,-5.0,7.0
183.0,37.0,-6.0,14.0
150.0,39.0,-8.0,15.0
118.0,41.0,-9.0,12.0
92.0,43.0,-7.0,7.0
75.0,42.0,-5.0,2.0
66.0,37.0,-4.0,-1.0
66.0,34.0,-4.0,1.0
72.0,29.0,0.0,1.0
82.0,29.0,2.0,-1.0
93.0,28.0,4.0,1.0
101.0,30.0,2.0,0.0
107.0,32.0,-3.0,2.0
109.0,34.0,-4.0,4.0
109.0,32.0,-6.0,7.0
108.0,31.0,-7.0,5.0
107.0,28.0,-6.0,7.0
106.0,26.0,-4.0,7.0
106.0,23.0,-3.0,6.0
109.0,24.0,-1.0,6.0
121.0,24.0,1.0,6.0
144.0,25.0,-1.0,4.0
172.0,27.0,0.0,5.0
198.0,26.0,-1.0,7.0
213.0,27.0,-2.0,7.0
222.0,25.0,-1.0,6.0
212.0,26.0,-1.0,7.0
187.0,27.0,-1.0,7.0
154.0,30.0,-2.0,7.0
122.0,31.0,-1.0,10.0
93.0,33.0,-3.0,9.0
71.0,34.0,-2.0,10.0
59.0,38.0,-3.0,11.0
58.0,39.0,-3.0,10.0
64.0,44.0,-6.0,10.0
76.0,47.0,-11.0,10.0
90.0,45.0,-13.0,5.0
105.0,40.0,-11.0,1.0
118.0,34.0,-10.0,1.0
128.0,28.0,-6.0,1.0
134.0,23.0,-7.0,1.0
136.0,24.0,-7.0,5.0
132.0,26.0,-5.0,3.0
123.0,27.0,-5.0,4.0
111.0,31.0,-7.0,6.0
98.0,32.0,-8.0,5.0
89.0,29.0,-8.0,6.0
90.0,27.0,-6.0,7.0
105.0,25.0,-6.0,7.0
132.0,24.0,-3.0,5.0
161.0,24.0,-4.0,6.0
185.0,26.0,-5.0,5.0
196.0,27.0,-4.0,8.0
194.0,28.0,-6.0,9.0
180.0,27.0,-5.0,9.0
159.0,26.0,-5.0,8.0
135.0,25.0,-7.0,10.0
111.0,24.0,-7.0,9.0
91.0,26.0,-5.0,10.0
77.0,26.0,-5.0,7.0
69.0,28.0,-3.0,7.0
67.0,31.0,-3.0,9.0
70.0,33.0,-5.0,8.0
76.0,37.0,-8.0,10.0
83.0,38.0,-9.0,14.0
90.0,43.0,-7.0,12.0
98.0,43.0,-8.0,7.0
104.0,42.0,-8.0,4.0
109.0,40.0,-7.0,2.0
111.0,36.0,-3.0,0.0
111.0,32.0,0.0,1.0
108.0,28.0,0.0,-2.0
105.0,26.0,3.0,-1.0
101.0,27.0,3.0,0.0
102.0,28.0,2.0,1.0
102.0,31.0,1.0,1.0
119.0,30.0,-2.0,4.0
147.0,30.0,-6.0,5.0
174.0,29.0,-5.0,5.0
191.0,27.0,-4.0,5.0
197.0,25.0,-2.0,5.0
190.0,23.0,-1.0,4.0
174.0,23.0,1.0,3.0
151.0,24.0,3.0,3.0
125.0,27.0,2.0,5.0
100.0,26.0,1.0,6.0
79.0,28.0,-1.0,7.0
65.0,28.0,0.0,8.0
60.0,27.0,1.0,6.0
63.0,27.0,0.0,7.0
71.0,28.0,0.0,5.0
81.0,31.0,-1.0,6.0
91.0,33.0,-1.0,8.0
100.0,33.0,0.0,6.0
105.0,37.0,-2.0,9.0
109.0,38.0,-2.0,11.0
110.0,41.0,-1.0,9.0
110.0,45.0,-6.0,10.0
108.0,45.0,-11.0,5.0
105.0,42.0,-14.0,4.0
104.0,38.0,-11.0,1.0
106.0,30.0,-8.0,-1.0
116.0,26.0,-7.0,-1.0
134.0,24.0,-7.0,2.0
157.0,25.0,-5.0,1.0
177.0,28.0,-7.0,2.0
190.0,30.0,-8.0,3.0
194.0,31.0,-9.0,7.0
189.0,30.0,-8.0,7.0
177.0,28.0,-6.0,5.0
158.0,25.0,-3.0,6.0
136.0,23.0,-3.0,6.0
114.0,24.0,-1.0,6.0
94.0,23.0,-3.0,7.0
78.0,26.0,-4.0,6.0
68.0,25.0,-4.0,8.0
66.0,26.0,-5.0,7.0
69.0,27.0,-6.0,9.0
78.0,25.0,-6.0,8.0
89.0,26.0,-6.0,7.0
100.0,25.0,-5.0,7.0
109.0,27.0,-5.0,8.0
115.0,29.0,-5.0,7.0
116.0,33.0,-6.0,9.0
115.0,34.0,-7.0,9.0
117.0,37.0,-8.0,9.0
112.0,43.0,-8.0,11.0
104.0,48.0,-8.0,8.0
99.0,46.0,-10.0,4.0
102.0,41.0,-8.0,0.0
117.0,37.0,-6.0,-2.0
144.0,30.0,-3.0,-1.0
174.0,28.0,-1.0,-2.0
199.0,25.0,2.0,-1.0
212.0,28.0,5.0,-1.0
211.0,29.0,2.0,1.0
197.0,31.0,0.0,0.0
174.0,31.0,-3.0,3.0
148.0,32.0,-5.0,3.0
123.0,31.0,-7.0,6.0
102.0,28.0,-5.0,6.0
87.0,24.0,-5.0,6.0
76.0,22.0,-2.0,5.0
80.0,24.0,0.0,3.0
86.0,25.0,2.0,3.0
93.0,26.0,1.0,4.0
101.0,27.0,0.0,5.0
107.0,27.0,-2.0,5.0
110.0,29.0,-2.0,5.0
111.0,29.0,-1.0,5.0
109.0,30.0,-3.0,5.0
106.0,32.0,-2.0,9.0
102.0,34.0,-2.0,8.0
98.0,37.0,-2.0,6.0
95.0,39.0,-4.0,6.0
94.0,42.0,-4.0,11.0
98.0,44.0,-6.0,7.0
113.0,45.0,-9.0,6.0
140.0,45.0,-14.0,1.0
173.0,41.0,-14.0,0.0
203.0,33.0,-10.0,1.0
223.0,28.0,-9.0,1.0
231.0,23.0,-6.0,3.0
224.0,25.0,-6.0,4.0
205.0,25.0,-7.0,4.0
176.0,28.0,-7.0,3.0
145.0,30.0,-9.0,6.0
115.0,29.0,-8.0,6.0
90.0,28.0,-7.0,5.0
72.0,25.0,-5.0,4.0
62.0,23.0,-2.0,4.0
59.0,24.0,-3.0,6.0
63.0,24.0,-2.0,5.0
71.0,25.0,-2.0,6.0
72.0,26.0,-3.0,6.0
81.0,27.0,-4.0,7.0
94.0,26.0,-6.0,8.0
105.0,26.0,-6.0,7.0
112.0,26.0,-7.0,8.0
116.0,26.0,-5.0,7.0
117.0,26.0,-4.0,10.0
115.0,28.0,-5.0,10.0
111.0,32.0,-4.0,10.0
105.0,36.0,-6.0,8.0
100.0,40.0,-9.0,11.0
98.0,43.0,-10.0,11.0
105.0,47.0,-11.0,12.0
124.0,44.0,-8.0,5.0
154.0,41.0,-7.0,2.0
185.0,35.0,-4.0,2.0
210.0,30.0,-3.0,1.0
220.0,28.0,0.0,-2.0
216.0,25.0,3.0,-3.0
200.0,26.0,6.0,0.0
174.0,30.0,2.0,2.0
145.0,32.0,-2.0,2.0
116.0,33.0,-5.0,3.0
90.0,31.0,-6.0,4.0
73.0,29.0,-6.0,6.0
64.0,28.0,-6.0,5.0
63.0,26.0,-2.0,6.0
69.0,24.0,0.0,4.0
78.0,24.0,2.0,4.0
88.0,23.0,1.0,5.0
97.0,26.0,1.0,3.0
103.0,28.0,-2.0,6.0
106.0,28.0,-1.0,5.0
107.0,28.0,-3.0,7.0
107.0,29.0,-2.0,6.0
105.0,28.0,-2.0,5.0
102.0,28.0,-2.0,6.0
99.0,29.0,0.0,7.0
96.0,32.0,-1.0,7.0
94.0,36.0,-4.0,6.0
96.0,39.0,-3.0,8.0
108.0,38.0,-4.0,11.0
132.0,41.0,-2.0,8.0
162.0,45.0,-7.0,9.0
189.0,44.0,-12.0,6.0
208.0,41.0,-13.0,3.0
215.0,36.0,-11.0,2.0
210.0,31.0,-8.0,-1.0
195.0,26.0,-5.0,0.0
173.0,24.0,-6.0,2.0
155.0,25.0,-6.0,3.0
131.0,28.0,-7.0,4.0
105.0,30.0,-6.0,4.0
82.0,31.0,-8.0,5.0
67.0,29.0,-6.0,5.0
61.0,28.0,-5.0,5.0
61.0,25.0,-5.0,7.0
65.0,23.0,-4.0,6.0
72.0,22.0,-2.0,5.0
80.0,23.0,-3.0,7.0
87.0,24.0,-2.0,7.0
93.0,25.0,-3.0,6.0
97.0,26.0,-6.0,7.0
101.0,28.0,-5.0,10.0
104.0,28.0,-5.0,8.0
105.0,27.0,-6.0,9.0
106.0,29.0,-6.0,7.0
106.0,28.0,-4.0,9.0
109.0,30.0,-5.0,9.0
118.0,32.0,-5.0,9.0
135.0,35.0,-6.0,9.0
158.0,39.0,-7.0,12.0
180.0,43.0,-8.0,13.0
196.0,45.0,-10.0,10.0
204.0,44.0,-9.0,6.0
201.0,40.0,-8.0,1.0
189.0,34.0,-5.0,2.0
171.0,31.0,-2.0,2.0
149.0,27.0,2.0,0.0
125.0,25.0,4.0,-3.0
103.0,27.0,5.0,0.0
84.0,31.0,4.0,0.0
70.0,33.0,-1.0,3.0
62.0,33.0,-5.0,3.0
62.0,32.0,-7.0,4.0
67.0,30.0,-6.0,7.0
78.0,26.0,-4.0,6.0
90.0,26.0,-3.0,6.0
101.0,24.0,0.0,5.0
109.0,22.0,1.0,3.0
113.0,24.0,1.0,5.0
114.0,24.0,1.0,6.0
112.0,27.0,-1.0,6.0
107.0,29.0,0.0,7.0
102.0,30.0,-1.0,6.0
97.0,29.0,-3.0,5.0
96.0,28.0,-3.0,6.0
103.0,29.0,-1.0,6.0
123.0,31.0,0.0,9.0
151.0,32.0,-3.0,7.0
173.0,35.0,-4.0,6.0
194.0,38.0,-5.0,8.0
207.0,42.0,-4.0,10.0
207.0,44.0,-4.0,7.0
196.0,44.0,-9.0,8.0
176.0,43.0,-14.0,5.0
153.0,39.0,-12.0,1.0
130.0,31.0,-10.0,1.0
110.0,28.0,-7.0,2.0
96.0,26.0,-6.0,3.0
87.0,26.0,-7.0,3.0
83.0,29.0,-6.0,4.0
82.0,29.0,-8.0,5.0
84.0,30.0,-9.0,5.0
87.0,29.0,-7.0,7.0
90.0,27.0,-4.0,5.0
93.0,25.0,-5.0,4.0
95.0,25.0,-2.0,5.0
96.0,24.0,-3.0,6.0
95.0,23.0,-2.0,5.0
93.0,24.0,-2.0,6.0
90.0,25.0,-3.0,6.0
88.0,25.0,-5.0,7.0
87.0,26.0,-5.0,8.0
87.0,28.0,-6.0,8.0
91.0,28.0,-8.0,8.0
103.0,26.0,-5.0,8.0
124.0,26.0,-5.0,7.0
154.0,28.0,-3.0,9.0
184.0,32.0,-4.0,9.0
206.0,36.0,-6.0,7.0
215.0,42.0,-9.0,11.0
211.0,47.0,-11.0,12.0
194.0,46.0,-11.0,10.0
172.0,42.0,-10.0,5.0
147.0,38.0,-6.0,2.0
124.0,35.0,-4.0,0.0
105.0,30.0,-2.0,0.0
91.0,27.0,0.0,0.0
83.0,25.0,4.0,-1.0
79.0,26.0,5.0,-2.0
78.0,30.0,2.0,0.0
78.0,32.0,-1.0,2.0
80.0,33.0,-5.0,4.0
84.0,32.0,-6.0,5.0
88.0,29.0,-8.0,5.0
94.0,28.0,-5.0,7.0
98.0,26.0,-2.0,6.0
101.0,23.0,-1.0,4.0
102.0,24.0,0.0,4.0
108.0,25.0,0.0,4.0
107.0,24.0,-1.0,6.0
100.0,27.0,-1.0,5.0
93.0,28.0,-2.0,6.0
88.0,29.0,-1.0,8.0
89.0,27.0,-2.0,6.0
100.0,28.0,-3.0,7.0
121.0,29.0,-3.0,6.0
149.0,31.0,-2.0,7.0
174.0,34.0,-1.0,9.0
191.0,38.0,-3.0,8.0
197.0,41.0,-2.0,12.0
191.0,44.0,-4.0,8.0
176.0,47.0,-6.0,8.0
156.0,45.0,-11.0,7.0
134.0,42.0,-13.0,5.0
113.0,36.0,-10.0,1.0
97.0,32.0,-8.0,2.0
87.0,27.0,-8.0,0.0
83.0,27.0,-5.0,3.0
83.0,28.0,-8.0,2.0
85.0,29.0,-7.0,2.0
89.0,29.0,-9.0,4.0
92.0,31.0,-7.0,7.0
94.0,29.0,-7.0,7.0
96.0,27.0,-7.0,6.0
96.0,25.0,-4.0,5.0
96.0,24.0,-3.0,4.0
94.0,22.0,-1.0,4.0
91.0,24.0,-1.0,5.0
88.0,25.0,-2.0,5.0
85.0,26.0,-3.0,7.0
83.0,27.0,-4.0,9.0
82.0,28.0,-7.0,8.0
84.0,26.0,-8.0,10.0
90.0,27.0,-8.0,8.0
103.0,27.0,-7.0,9.0
123.0,26.0,-6.0,7.0
147.0,29.0,-5.0,10.0
169.0,33.0,-5.0,9.0
183.0,35.0,-7.0,9.0
187.0,41.0,-8.0,13.0
182.0,46.0,-11.0,13.0
170.0,48.0,-10.0,12.0
154.0,43.0,-11.0,6.0
136.0,41.0,-6.0,0.0
120.0,34.0,-6.0,1.0
105.0,29.0,-2.0,1.0
94.0,26.0,1.0,-1.0
88.0,25.0,3.0,-2.0
78.0,26.0,5.0,-1.0
76.0,29.0,2.0,-1.0
80.0,29.0,-1.0,1.0
85.0,30.0,-2.0,3.0
89.0,30.0,-5.0,5.0
93.0,29.0,-5.0,6.0
97.0,28.0,-4.0,6.0
100.0,27.0,-3.0,6.0
102.0,26.0,-2.0,5.0
103.0,23.0,-1.0,4.0
104.0,25.0,0.0,4.0
104.0,24.0,0.0,6.0
102.0,25.0,-1.0,7.0
102.0,26.0,-1.0,8.0
107.0,27.0,-2.0,8.0
118.0,29.0,-3.0,7.0
135.0,27.0,-2.0,4.0
155.0,29.0,-1.0,7.0
171.0,30.0,-1.0,8.0
179.0,32.0,-3.0,10.0
179.0,34.0,-4.0,8.0
171.0,38.0,-3.0,10.0
158.0,39.0,-2.0,12.0
141.0,44.0,-4.0,7.0
125.0,47.0,-8.0,8.0
110.0,45.0,-15.0,7.0
99.0,41.0,-13.0,4.0
93.0,34.0,-9.0,1.0
91.0,28.0,-8.0,2.0
94.0,26.0,-5.0,2.0
98.0,26.0,-6.0,2.0
104.0,30.0,-6.0,3.0
107.0,32.0,-7.0,5.0
109.0,32.0,-10.0,4.0
108.0,31.0,-8.0,8.0
107.0,28.0,-5.0,6.0
105.0,26.0,-4.0,6.0
102.0,22.0,-2.0,6.0
100.0,23.0,-1.0,7.0
97.0,23.0,-2.0,5.0
96.0,24.0,-2.0,6.0
94.0,26.0,-2.0,7.0
94.0,27.0,-3.0,9.0
97.0,27.0,-4.0,10.0
109.0,25.0,-4.0,9.0
130.0,24.0,-6.0,9.0
157.0,26.0,-4.0,7.0
182.0,27.0,-4.0,9.0
200.0,29.0,-5.0,12.0
207.0,33.0,-5.0,11.0
209.0,36.0,-4.0,9.0
196.0,40.0,-8.0,12.0
174.0,43.0,-10.0,14.0
148.0,49.0,-12.0,12.0
124.0,44.0,-9.0,10.0
105.0,40.0,-6.0,5.0
93.0,35.0,-5.0,4.0
88.0,32.0,-4.0,1.0
89.0,26.0,0.0,0.0
94.0,27.0,2.0,1.0
100.0,28.0,4.0,-1.0
105.0,27.0,6.0,-1.0
108.0,29.0,2.0,2.0
109.0,29.0,1.0,4.0
108.0,32.0,-3.0,6.0
106.0,32.0,-5.0,6.0
104.0,29.0,-5.0,6.0
103.0,28.0,-5.0,6.0
103.0,25.0,-3.0,6.0
104.0,23.0,0.0,7.0
105.0,23.0,1.0,6.0
105.0,25.0,1.0,6.0
106.0,26.0,1.0,7.0
113.0,27.0,0.0,7.0
130.0,29.0,-2.0,7.0
154.0,28.0,-2.0,7.0
180.0,29.0,-1.0,7.0
200.0,29.0,-1.0,6.0
209.0,28.0,-2.0,9.0
206.0,31.0,-1.0,10.0
193.0,32.0,-2.0,9.0
171.0,35.0,-2.0,9.0
146.0,38.0,-3.0,13.0
122.0,40.0,-2.0,12.0
101.0,44.0,-4.0,9.0
86.0,44.0,-11.0,5.0
80.0,43.0,-14.0,2.0
81.0,39.0,-11.0,2.0
88.0,30.0,-10.0,2.0
98.0,26.0,-7.0,3.0
109.0,25.0,-4.0,4.0
117.0,26.0,-6.0,5.0
122.0,28.0,-6.0,3.0
123.0,31.0,-10.0,7.0
120.0,30.0,-9.0,7.0
114.0,28.0,-6.0,7.0
108.0,25.0,-4.0,8.0
102.0,24.0,-2.0,7.0
96.0,23.0,0.0,6.0
91.0,23.0,-1.0,7.0
80.0,23.0,-2.0,8.0
75.0,24.0,-3.0,7.0
78.0,27.0,-3.0,8.0
89.0,28.0,-6.0,9.0
109.0,28.0,-6.0,11.0
139.0,27.0,-7.0,10.0
173.0,27.0,-7.0,11.0
203.0,27.0,-6.0,9.0
221.0,28.0,-6.0,10.0
224.0,31.0,-3.0,11.0
214.0,34.0,-3.0,10.0
191.0,36.0,-7.0,13.0
163.0,40.0,-10.0,13.0
134.0,44.0,-10.0,14.0
107.0,44.0,-8.0,10.0
88.0,42.0,-8.0,4.0
77.0,38.0,-5.0,3.0
75.0,33.0,-4.0,3.0
78.0,28.0,1.0,0.0
85.0,27.0,3.0,-1.0
93.0,26.0,5.0,0.0
99.0,29.0,3.0,0.0
102.0,31.0,1.0,2.0
103.0,32.0,-1.0,2.0
101.0,32.0,-5.0,5.0
100.0,31.0,-7.0,6.0
100.0,29.0,-7.0,8.0
101.0,27.0,-4.0,7.0
103.0,24.0,-3.0,6.0
104.0,25.0,0.0,4.0
104.0,23.0,-1.0,5.0
105.0,25.0,-1.0,4.0
109.0,25.0,1.0,6.0
123.0,28.0,0.0,7.0
146.0,27.0,-2.0,8.0
173.0,29.0,-2.0,9.0
197.0,28.0,-3.0,7.0
210.0,28.0,-1.0,7.0
209.0,30.0,0.0,8.0
196.0,32.0,0.0,8.0
173.0,33.0,-2.0,10.0
146.0,37.0,-3.0,9.0
119.0,39.0,-2.0,11.0
95.0,39.0,-4.0,13.0
79.0,43.0,-5.0,9.0
71.0,44.0,-7.0,9.0
70.0,42.0,-13.0,4.0
76.0,39.0,-12.0,1.0
86.0,31.0,-8.0,1.0
100.0,26.0,-5.0,1.0
119.0,24.0,-5.0,3.0
131.0,24.0,-5.0,2.0
132.0,27.0,-6.0,3.0
128.0,30.0,-8.0,6.0
120.0,32.0,-10.0,6.0
111.0,33.0,-8.0,9.0
103.0,28.0,-7.0,7.0
96.0,27.0,-3.0,8.0
90.0,23.0,-3.0,8.0
85.0,23.0,-2.0,7.0
84.0,23.0,-1.0,6.0
91.0,23.0,-2.0,6.0
109.0,24.0,-3.0,7.0
137.0,25.0,-5.0,7.0
169.0,27.0,-6.0,9.0
195.0,25.0,-7.0,10.0
210.0,25.0,-7.0,10.0
211.0,25.0,-6.0,10.0
200.0,27.0,-5.0,11.0
179.0,28.0,-3.0,10.0
152.0,32.0,-4.0,10.0
124.0,33.0,-3.0,10.0
98.0,38.0,-6.0,12.0
78.0,46.0,-7.0,11.0
65.0,47.0,-10.0,13.0
63.0,45.0,-10.0,8.0
69.0,39.0,-9.0,4.0
82.0,36.0,-5.0,0.0
96.0,33.0,-4.0,2.0
109.0,28.0,-1.0,1.0
118.0,28.0,3.0,-2.0
121.0,28.0,5.0,-2.0
118.0,28.0,6.0,-1.0
111.0,30.0,1.0,1.0
102.0,31.0,-3.0,5.0
94.0,31.0,-7.0,6.0
88.0,31.0,-8.0,7.0
85.0,28.0,-6.0,7.0
85.0,27.0,-3.0,6.0
89.0,22.0,-3.0,7.0
100.0,21.0,1.0,6.0
122.0,21.0,2.0,6.0
153.0,24.0,2.0,6.0
185.0,26.0,0.0,5.0
209.0,27.0,0.0,8.0
220.0,30.0,-1.0,9.0
216.0,30.0,-3.0,7.0
199.0,29.0,-3.0,6.0
172.0,29.0,-2.0,7.0
142.0,30.0,0.0,8.0
106.0,31.0,0.0,8.0
79.0,33.0,-3.0,8.0
64.0,37.0,-3.0,10.0
59.0,39.0,-2.0,12.0
61.0,42.0,-1.0,12.0
68.0,46.0,-7.0,9.0
80.0,45.0,-13.0,5.0
93.0,40.0,-12.0,3.0
106.0,34.0,-9.0,2.0
117.0,28.0,-6.0,0.0
125.0,25.0,-6.0,0.0
127.0,25.0,-5.0,3.0
125.0,27.0,-4.0,5.0
119.0,28.0,-8.0,3.0
111.0,32.0,-8.0,5.0
102.0,32.0,-10.0,6.0
95.0,30.0,-8.0,8.0
89.0,26.0,-4.0,8.0
85.0,25.0,-2.0,7.0
83.0,22.0,-1.0,7.0
84.0,22.0,-3.0,8.0
94.0,23.0,-3.0,6.0
114.0,26.0,-3.0,6.0
143.0,27.0,-5.0,9.0
171.0,26.0,-6.0,8.0
193.0,26.0,-6.0,9.0
202.0,25.0,-8.0,10.0
200.0,25.0,-6.0,8.0
186.0,27.0,-6.0,10.0
165.0,29.0,-4.0,9.0
140.0,32.0,-3.0,11.0
115.0,34.0,-5.0,9.0
92.0,35.0,-6.0,12.0
75.0,40.0,-9.0,12.0
66.0,46.0,-7.0,12.0
65.0,46.0,-8.0,8.0
71.0,42.0,-10.0,3.0
82.0,40.0,-7.0,1.0
94.0,32.0,-4.0,1.0
106.0,29.0,-1.0,2.0
114.0,26.0,3.0,-1.0
117.0,27.0,5.0,0.0
115.0,30.0,5.0,1.0
109.0,31.0,0.0,1.0
99.0,33.0,-5.0,3.0
91.0,30.0,-6.0,5.0
85.0,30.0,-7.0,6.0
84.0,28.0,-6.0,6.0
85.0,25.0,-4.0,6.0
88.0,22.0,-2.0,7.0
102.0,21.0,0.0,6.0
120.0,23.0,0.0,4.0
142.0,23.0,0.0,6.0
167.0,25.0,1.0,5.0
191.0,27.0,0.0,8.0
206.0,30.0,-2.0,7.0
208.0,30.0,-3.0,7.0
197.0,28.0,-2.0,7.0
177.0,28.0,-4.0,8.0
151.0,31.0,-3.0,9.0
124.0,32.0,-2.0,11.0
99.0,32.0,-4.0,10.0
80.0,34.0,-3.0,10.0
69.0,37.0,-1.0,11.0
65.0,41.0,-1.0,11.0
69.0,46.0,-6.0,11.0
78.0,46.0,-11.0,7.0
89.0,44.0,-13.0,3.0
101.0,38.0,-11.0,2.0
112.0,31.0,-10.0,3.0
122.0,24.0,-6.0,1.0
129.0,25.0,-4.0,1.0
131.0,27.0,-3.0,3.0
127.0,29.0,-6.0,2.0
119.0,33.0,-10.0,6.0
110.0,33.0,-9.0,6.0
100.0,28.0,-7.0,6.0
92.0,26.0,-4.0,6.0
87.0,23.0,-2.0,7.0
84.0,23.0,-1.0,5.0
86.0,23.0,-2.0,6.0
97.0,22.0,-1.0,6.0
118.0,25.0,-2.0,5.0
148.0,25.0,-3.0,7.0
178.0,26.0,-6.0,9.0
201.0,27.0,-6.0,10.0
211.0,27.0,-8.0,10.0
209.0,28.0,-6.0,9.0
195.0,28.0,-5.0,7.0
172.0,27.0,-4.0,10.0
146.0,29.0,-3.0,10.0
118.0,31.0,-3.0,8.0
94.0,33.0,-7.0,8.0
77.0,38.0,-7.0,13.0
67.0,44.0,-10.0,11.0
65.0,47.0,-10.0,10.0
72.0,44.0,-9.0,4.0
83.0,43.0,-9.0,0.0
96.0,36.0,-5.0,0.0
108.0,31.0,-2.0,2.0
111.0,27.0,2.0,-1.0
114.0,25.0,4.0,-1.0
116.0,28.0,5.0,-1.0
115.0,31.0,1.0,2.0
109.0,31.0,-3.0,2.0
101.0,31.0,-6.0,5.0
93.0,30.0,-7.0,6.0
88.0,30.0,-5.0,5.0
86.0,25.0,-6.0,6.0
88.0,25.0,-3.0,6.0
97.0,22.0,-1.0,7.0
117.0,23.0,1.0,4.0
149.0,24.0,1.0,4.0
185.0,25.0,1.0,6.0
216.0,26.0,0.0,6.0
231.0,28.0,-1.0,7.0
231.0,28.0,-3.0,9.0
224.0,27.0,-3.0,6.0
199.0,28.0,-3.0,6.0
165.0,29.0,-2.0,8.0
130.0,31.0,-2.0,10.0
99.0,32.0,-3.0,8.0
76.0,36.0,-5.0,7.0
62.0,39.0,-5.0,10.0
58.0,42.0,-2.0,11.0
73.0,47.0,-9.0,8.0
88.0,44.0,-15.0,6.0
103.0,39.0,-13.0,2.0
118.0,33.0,-8.0,3.0
130.0,25.0,-5.0,1.0
137.0,22.0,-4.0,3.0
137.0,25.0,-3.0,3.0
132.0,26.0,-6.0,5.0
123.0,30.0,-7.0,5.0
111.0,30.0,-9.0,8.0
99.0,29.0,-7.0,7.0
89.0,28.0,-5.0,6.0
82.0,26.0,-4.0,7.0
78.0,23.0,-1.0,7.0
77.0,22.0,-3.0,5.0
83.0,24.0,-3.0,6.0
100.0,25.0,-2.0,7.0
129.0,26.0,-3.0,8.0
165.0,27.0,-5.0,10.0
196.0,28.0,-6.0,9.0
215.0,27.0,-7.0,9.0
220.0,29.0,-8.0,10.0
210.0,29.0,-6.0,10.0
189.0,27.0,-6.0,9.0
168.0,30.0,-5.0,11.0
141.0,31.0,-3.0,9.0
110.0,33.0,-4.0,7.0
82.0,37.0,-7.0,10.0
64.0,43.0,-9.0,11.0
56.0,44.0,-9.0,11.0
58.0,43.0,-8.0,6.0
69.0,41.0,-6.0,1.0
84.0,37.0,-5.0,-2.0
100.0,32.0,-3.0,-1.0
114.0,27.0,1.0,-1.0
122.0,28.0,5.0,0.0
123.0,28.0,7.0,1.0
118.0,32.0,4.0,0.0
108.0,32.0,-3.0,3.0
98.0,33.0,-5.0,5.0
89.0,31.0,-6.0,5.0
86.0,28.0,-6.0,7.0
86.0,24.0,-3.0,5.0
88.0,24.0,-1.0,6.0
93.0,23.0,-1.0,6.0
101.0,22.0,0.0,6.0
117.0,23.0,0.0,6.0
142.0,26.0,-1.0,4.0
172.0,28.0,-2.0,7.0
199.0,28.0,-1.0,8.0
214.0,29.0,-1.0,8.0
214.0,27.0,-2.0,7.0
201.0,27.0,-2.0,5.0
178.0,30.0,0.0,7.0
149.0,31.0,0.0,6.0
119.0,33.0,-1.0,7.0
92.0,36.0,-3.0,7.0
72.0,38.0,-1.0,12.0
62.0,43.0,0.0,9.0
61.0,47.0,-3.0,12.0
68.0,46.0,-11.0,7.0
81.0,44.0,-14.0,4.0
98.0,39.0,-12.0,1.0
114.0,33.0,-10.0,0.0
127.0,27.0,-6.0,1.0
135.0,22.0,-6.0,3.0
136.0,22.0,-6.0,3.0
132.0,24.0,-4.0,5.0
123.0,25.0,-5.0,5.0
113.0,29.0,-6.0,7.0
102.0,28.0,-8.0,7.0
93.0,29.0,-7.0,6.0
86.0,26.0,-6.0,7.0
82.0,26.0,-5.0,6.0
78.0,24.0,-2.0,7.0
85.0,24.0,-2.0,8.0
111.0,24.0,-2.0,8.0
145.0,26.0,-3.0,7.0
180.0,26.0,-5.0,8.0
205.0,28.0,-6.0,8.0
217.0,29.0,-7.0,9.0
214.0,27.0,-7.0,10.0
200.0,28.0,-5.0,9.0
176.0,28.0,-5.0,8.0
148.0,28.0,-3.0,10.0
119.0,32.0,-3.0,9.0
94.0,33.0,-5.0,9.0
74.0,39.0,-5.0,10.0
62.0,44.0,-9.0,12.0
59.0,48.0,-12.0,10.0
64.0,43.0,-10.0,6.0
77.0,41.0,-9.0,1.0
94.0,36.0,-6.0,0.0
111.0,31.0,-2.0,2.0
124.0,26.0,0.0,-1.0
132.0,27.0,4.0,1.0
133.0,27.0,6.0,0.0
126.0,30.0,5.0,0.0
115.0,30.0,0.0,2.0
102.0,31.0,-3.0,4.0
91.0,32.0,-5.0,7.0
84.0,29.0,-5.0,6.0
80.0,27.0,-4.0,6.0
83.0,27.0,-4.0,7.0
96.0,25.0,-1.0,5.0
122.0,24.0,-1.0,5.0
158.0,24.0,0.0,6.0
194.0,23.0,1.0,5.0
220.0,26.0,-1.0,6.0
231.0,27.0,-1.0,9.0
231.0,29.0,-3.0,10.0
209.0,29.0,-3.0,7.0
179.0,29.0,-1.0,6.0
146.0,29.0,-2.0,7.0
114.0,29.0,0.0,9.0
87.0,33.0,0.0,11.0
68.0,34.0,-1.0,9.0
58.0,37.0,-1.0,10.0
56.0,40.0,-2.0,15.0
63.0,43.0,-3.0,10.0
75.0,45.0,-8.0,9.0
90.0,43.0,-14.0,5.0
104.0,39.0,-14.0,4.0
116.0,34.0,-12.0,2.0
132.0,29.0,-9.0,2.0
141.0,26.0,-8.0,4.0
140.0,28.0,-6.0,5.0
134.0,28.0,-9.0,4.0
125.0,29.0,-8.0,7.0
115.0,32.0,-9.0,8.0
105.0,30.0,-4.0,7.0
95.0,28.0,-4.0,6.0
86.0,25.0,-3.0,5.0
79.0,22.0,-3.0,6.0
80.0,21.0,-3.0,8.0
92.0,21.0,-3.0,8.0
116.0,22.0,-2.0,6.0
149.0,24.0,-4.0,9.0
180.0,27.0,-4.0,9.0
201.0,26.0,-7.0,10.0
208.0,26.0,-6.0,10.0
203.0,27.0,-5.0,8.0
187.0,27.0,-4.0,10.0
164.0,26.0,-5.0,11.0
137.0,30.0,-4.0,11.0
110.0,32.0,-2.0,11.0
87.0,34.0,-4.0,10.0
70.0,39.0,-10.0,12.0
61.0,44.0,-10.0,13.0
59.0,44.0,-12.0,12.0
66.0,41.0,-10.0,8.0
78.0,38.0,-8.0,6.0
91.0,34.0,-5.0,5.0
105.0,29.0,-4.0,4.0
115.0,26.0,0.0,1.0
120.0,28.0,3.0,-1.0
120.0,28.0,6.0,1.0
114.0,30.0,4.0,0.0
105.0,32.0,-2.0,4.0
94.0,34.0,-6.0,5.0
86.0,31.0,-7.0,8.0
82.0,30.0,-7.0,8.0
81.0,26.0,-8.0,8.0
84.0,23.0,-4.0,8.0
93.0,21.0,-2.0,7.0
110.0,21.0,1.0,7.0
136.0,23.0,0.0,5.0
166.0,23.0,0.0,7.0
191.0,26.0,-1.0,8.0
206.0,28.0,-3.0,9.0
207.0,30.0,-3.0,10.0
196.0,30.0,-3.0,9.0
176.0,28.0,-1.0,8.0
150.0,28.0,-1.0,9.0
118.0,30.0,-3.0,9.0
89.0,33.0,-2.0,12.0
72.0,33.0,-2.0,11.0
64.0,35.0,-2.0,13.0
62.0,38.0,0.0,11.0
66.0,43.0,-3.0,12.0
74.0,44.0,-9.0,11.0
84.0,44.0,-14.0,8.0
95.0,40.0,-12.0,4.0
105.0,32.0,-10.0,3.0
114.0,28.0,-9.0,2.0
122.0,26.0,-6.0,3.0
127.0,26.0,-5.0,3.0
127.0,27.0,-6.0,3.0
123.0,29.0,-7.0,7.0
117.0,31.0,-6.0,8.0
108.0,32.0,-6.0,6.0
100.0,28.0,-5.0,6.0
93.0,26.0,-4.0,6.0
88.0,24.0,-2.0,7.0
89.0,23.0,-2.0,8.0
98.0,23.0,-1.0,7.0
115.0,25.0,-3.0,8.0
138.0,26.0,-3.0,9.0
159.0,27.0,-6.0,10.0
175.0,27.0,-7.0,10.0
183.0,25.0,-7.0,10.0
181.0,26.0,-7.0,11.0
171.0,27.0,-5.0,9.0
155.0,27.0,-4.0,11.0
136.0,31.0,-3.0,11.0
116.0,32.0,-3.0,10.0
98.0,35.0,-5.0,8.0
85.0,36.0,-9.0,14.0
77.0,42.0,-10.0,13.0
76.0,45.0,-9.0,12.0
80.0,42.0,-9.0,8.0
88.0,40.0,-8.0,4.0
97.0,37.0,-6.0,2.0
105.0,32.0,-3.0,2.0
111.0,27.0,1.0,3.0
114.0,28.0,2.0,0.0
114.0,28.0,6.0,-1.0
110.0,27.0,6.0,1.0
104.0,31.0,2.0,3.0
98.0,32.0,-3.0,4.0
91.0,33.0,-7.0,6.0
87.0,30.0,-7.0,7.0
87.0,27.0,-8.0,7.0
94.0,25.0,-6.0,7.0
117.0,24.0,-4.0,6.0
144.0,23.0,-1.0,5.0
169.0,22.0,0.0,6.0
189.0,25.0,2.0,5.0
199.0,25.0,0.0,6.0
199.0,27.0,1.0,7.0
189.0,30.0,0.0,9.0
171.0,31.0,-2.0,7.0
148.0,30.0,-3.0,7.0
125.0,28.0,-3.0,6.0
104.0,29.0,-1.0,7.0
87.0,30.0,-1.0,9.0
76.0,32.0,-2.0,7.0
72.0,34.0,-1.0,10.0
73.0,38.0,1.0,10.0
79.0,44.0,-2.0,10.0
88.0,47.0,-8.0,9.0
97.0,46.0,-14.0,6.0
106.0,42.0,-16.0,4.0
114.0,34.0,-10.0,1.0
120.0,27.0,-6.0,2.0
124.0,25.0,-4.0,1.0
125.0,24.0,-5.0,2.0
122.0,26.0,-5.0,4.0
117.0,30.0,-8.0,6.0
109.0,32.0,-7.0,6.0
101.0,32.0,-9.0,6.0
95.0,28.0,-8.0,8.0
91.0,25.0,-6.0,8.0
93.0,24.0,-4.0,6.0
104.0,23.0,-1.0,5.0
123.0,22.0,-1.0,6.0
147.0,23.0,-1.0,7.0
168.0,24.0,-2.0,6.0
182.0,27.0,-3.0,7.0
187.0,26.0,-5.0,8.0
182.0,28.0,-6.0,10.0
170.0,26.0,-5.0,10.0
154.0,27.0,-5.0,10.0
135.0,28.0,-4.0,10.0
116.0,28.0,-4.0,9.0
100.0,32.0,-4.0,8.0
87.0,33.0,-5.0,9.0
80.0,38.0,-6.0,11.0
79.0,42.0,-11.0,13.0
83.0,48.0,-10.0,11.0
89.0,44.0,-9.0,6.0
97.0,42.0,-8.0,3.0
106.0,38.0,-4.0,2.0
113.0,33.0,-2.0,1.0
113.0,27.0,1.0,2.0
112.0,26.0,4.0,-1.0
114.0,28.0,5.0,-2.0
113.0,30.0,4.0,-1.0
109.0,30.0,2.0,0.0
102.0,32.0,-3.0,3.0
96.0,31.0,-7.0,5.0
91.0,29.0,-7.0,6.0
90.0,28.0,-5.0,7.0
95.0,24.0,-4.0,7.0
110.0,22.0,-3.0,5.0
135.0,23.0,0.0,4.0
164.0,24.0,1.0,4.0
189.0,24.0,1.0,6.0
204.0,26.0,0.0,5.0
207.0,27.0,-2.0,8.0
199.0,28.0,-1.0,7.0
181.0,28.0,-3.0,7.0
157.0,29.0,-1.0,5.0
132.0,27.0,-2.0,6.0
108.0,30.0,-1.0,7.0
89.0,32.0,-2.0,8.0
76.0,34.0,-2.0,9.0
71.0,38.0,-3.0,7.0
72.0,41.0,-4.0,9.0
79.0,44.0,-3.0,7.0
88.0,47.0,-8.0,7.0
99.0,43.0,-13.0,4.0
109.0,39.0,-15.0,4.0
119.0,35.0,-11.0,2.0
127.0,28.0,-7.0,1.0
131.0,27.0,-6.0,2.0
132.0,27.0,-6.0,2.0
129.0,29.0,-7.0,4.0
122.0,31.0,-8.0,4.0
114.0,30.0,-8.0,5.0
105.0,30.0,-7.0,5.0
97.0,26.0,-6.0,6.0
92.0,25.0,-3.0,6.0
93.0,23.0,-3.0,5.0
101.0,22.0,0.0,4.0
118.0,21.0,-1.0,7.0
140.0,24.0,-2.0,8.0
161.0,24.0,-3.0,7.0
178.0,26.0,-5.0,10.0
186.0,27.0,-8.0,9.0
185.0,29.0,-7.0,9.0
175.0,27.0,-8.0,8.0
160.0,27.0,-5.0,7.0
142.0,27.0,-5.0,9.0
127.0,29.0,-4.0,10.0
113.0,33.0,-4.0,8.0
96.0,35.0,-4.0,9.0
85.0,38.0,-7.0,13.0
80.0,43.0,-8.0,13.0
81.0,46.0,-9.0,12.0
87.0,44.0,-8.0,7.0
97.0,39.0,-6.0,3.0
106.0,36.0,-5.0,2.0
114.0,32.0,-2.0,2.0
119.0,27.0,0.0,1.0
120.0,26.0,4.0,-1.0
118.0,29.0,4.0,1.0
112.0,31.0,4.0,2.0
105.0,33.0,1.0,1.0
96.0,32.0,-3.0,3.0
89.0,33.0,-8.0,6.0
89.0,31.0,-7.0,6.0
100.0,26.0,-8.0,8.0
124.0,25.0,-6.0,6.0
159.0,23.0,-2.0,6.0
194.0,21.0,-1.0,4.0
220.0,24.0,1.0,4.0
231.0,26.0,1.0,6.0
231.0,28.0,0.0,7.0
210.0,29.0,-2.0,8.0
181.0,30.0,-3.0,9.0
149.0,28.0,-3.0,7.0
118.0,27.0,-3.0,7.0
93.0,29.0,-1.0,8.0
74.0,30.0,-2.0,9.0
63.0,31.0,-1.0,8.0
61.0,34.0,-4.0,7.0
66.0,35.0,-2.0,8.0
76.0,37.0,0.0,11.0
88.0,42.0,-2.0,9.0
100.0,45.0,-6.0,11.0
110.0,45.0,-14.0,6.0
118.0,43.0,-14.0,4.0
123.0,36.0,-10.0,2.0
126.0,29.0,-7.0,0.0
127.0,25.0,-6.0,2.0
126.0,24.0,-5.0,2.0
122.0,27.0,-3.0,3.0
116.0,29.0,-4.0,3.0
108.0,31.0,-6.0,6.0
100.0,32.0,-7.0,6.0
97.0,30.0,-6.0,6.0
105.0,26.0,-6.0,7.0
126.0,25.0,-3.0,7.0
151.0,22.0,-3.0,5.0
175.0,22.0,-3.0,5.0
195.0,24.0,-3.0,6.0
203.0,24.0,-2.0,7.0
198.0,27.0,-3.0,6.0
181.0,26.0,-4.0,9.0
158.0,28.0,-6.0,9.0
133.0,28.0,-5.0,9.0
109.0,28.0,-7.0,10.0
90.0,27.0,-5.0,8.0
77.0,30.0,-5.0,8.0
71.0,30.0,-4.0,8.0
71.0,32.0,-3.0,9.0
76.0,36.0,-6.0,8.0
83.0,39.0,-9.0,14.0
91.0,43.0,-9.0,13.0
100.0,42.0,-8.0,12.0
109.0,42.0,-6.0,5.0
117.0,39.0,-4.0,3.0
122.0,36.0,-4.0,2.0
122.0,30.0,0.0,0.0
119.0,28.0,1.0,1.0
113.0,25.0,3.0,-1.0
106.0,28.0,6.0,1.0
97.0,30.0,2.0,2.0
89.0,32.0,-2.0,2.0
85.0,32.0,-5.0,6.0
93.0,31.0,-9.0,6.0
116.0,31.0,-9.0,7.0
153.0,28.0,-7.0,8.0
191.0,24.0,-5.0,8.0
219.0,22.0,-1.0,5.0
231.0,22.0,1.0,4.0
225.0,23.0,2.0,5.0
205.0,25.0,0.0,5.0
173.0,28.0,1.0,6.0
138.0,28.0,0.0,7.0
105.0,30.0,-2.0,6.0
77.0,28.0,-2.0,5.0
58.0,29.0,-2.0,6.0
49.0,30.0,-2.0,6.0
48.0,30.0,-2.0,8.0
54.0,33.0,-4.0,8.0
65.0,33.0,-4.0,8.0
79.0,37.0,-3.0,10.0
93.0,38.0,-2.0,12.0
106.0,40.0,-3.0,8.0
116.0,45.0,-8.0,9.0
121.0,46.0,-14.0,4.0
124.0,42.0,-14.0,1.0
127.0,36.0,-12.0,0.0
130.0,30.0,-11.0,2.0
126.0,26.0,-7.0,2.0
121.0,25.0,-5.0,2.0
114.0,27.0,-3.0,1.0
107.0,30.0,-6.0,2.0
101.0,32.0,-8.0,4.0
100.0,32.0,-10.0,7.0
109.0,29.0,-8.0,7.0
131.0,28.0,-6.0,5.0
158.0,25.0,-4.0,5.0
182.0,22.0,-1.0,6.0
194.0,23.0,-2.0,5.0
193.0,22.0,-1.0,5.0
180.0,24.0,-2.0,7.0
158.0,25.0,-3.0,8.0
133.0,27.0,-6.0,7.0
108.0,28.0,-6.0,8.0
88.0,28.0,-7.0,10.0
74.0,28.0,-8.0,10.0
68.0,28.0,-8.0,9.0
70.0,28.0,-7.0,8.0
76.0,30.0,-5.0,9.0
85.0,32.0,-5.0,9.0
95.0,35.0,-7.0,9.0
104.0,39.0,-10.0,12.0
110.0,41.0,-11.0,14.0
114.0,43.0,-9.0,10.0
117.0,41.0,-8.0,3.0
119.0,38.0,-8.0,2.0
120.0,35.0,-5.0,1.0
118.0,29.0,0.0,-1.0
113.0,27.0,3.0,0.0
108.0,29.0,5.0,0.0
102.0,29.0,2.0,1.0
97.0,31.0,0.0,2.0
99.0,32.0,-4.0,2.0
113.0,33.0,-7.0,6.0
139.0,30.0,-9.0,6.0
170.0,26.0,-9.0,7.0
195.0,23.0,-6.0,8.0
208.0,22.0,-5.0,7.0
208.0,21.0,-2.0,6.0
195.0,23.0,0.0,5.0
172.0,24.0,2.0,4.0
145.0,25.0,0.0,6.0
116.0,27.0,1.0,7.0
90.0,30.0,-2.0,9.0
71.0,30.0,-3.0,8.0
60.0,28.0,-4.0,6.0
53.0,28.0,-3.0,7.0
54.0,30.0,-2.0,6.0
66.0,32.0,-1.0,6.0
80.0,34.0,-4.0,8.0
94.0,37.0,-3.0,9.0
104.0,37.0,-4.0,12.0
113.0,42.0,-2.0,11.0
118.0,44.0,-8.0,11.0
121.0,44.0,-18.0,7.0
123.0,41.0,-19.0,4.0
123.0,36.0,-14.0,3.0
122.0,30.0,-10.0,4.0
120.0,23.0,-7.0,2.0
117.0,24.0,-7.0,5.0
115.0,24.0,-7.0,6.0
117.0,27.0,-7.0,5.0
126.0,30.0,-10.0,7.0
143.0,31.0,-10.0,7.0
163.0,30.0,-8.0,8.0
180.0,27.0,-5.0,5.0
188.0,24.0,-5.0,5.0
187.0,23.0,-3.0,5.0
175.0,22.0,-1.0,6.0
156.0,22.0,-2.0,6.0
133.0,25.0,-3.0,7.0
110.0,27.0,-5.0,7.0
90.0,26.0,-6.0,9.0
75.0,27.0,-6.0,8.0
67.0,27.0,-8.0,8.0
66.0,27.0,-7.0,8.0
70.0,27.0,-8.0,10.0
77.0,29.0,-5.0,10.0
86.0,30.0,-3.0,8.0
94.0,33.0,-4.0,9.0
100.0,34.0,-7.0,7.0
104.0,40.0,-9.0,13.0
105.0,43.0,-10.0,13.0
106.0,45.0,-9.0,10.0
106.0,43.0,-8.0,5.0
106.0,41.0,-4.0,-2.0
105.0,35.0,-4.0,-4.0
104.0,32.0,-3.0,-2.0
103.0,29.0,1.0,-2.0
104.0,26.0,4.0,-3.0
110.0,28.0,7.0,-2.0
122.0,28.0,5.0,-3.0
139.0,30.0,-1.0,0.0
158.0,34.0,-5.0,5.0
174.0,33.0,-8.0,4.0
183.0,30.0,-10.0,4.0
187.0,28.0,-7.0,4.0
183.0,27.0,-4.0,5.0
166.0,24.0,-2.0,5.0
144.0,23.0,0.0,5.0
121.0,22.0,1.0,5.0
100.0,25.0,1.0,4.0
84.0,27.0,0.0,6.0
74.0,29.0,-2.0,5.0
69.0,30.0,-1.0,7.0
70.0,30.0,-1.0,7.0
75.0,28.0,-1.0,5.0
82.0,29.0,-2.0,5.0
89.0,30.0,0.0,5.0
96.0,31.0,0.0,6.0
101.0,35.0,-2.0,7.0
104.0,36.0,-3.0,7.0
105.0,38.0,-3.0,11.0
104.0,41.0,-3.0,11.0
103.0,43.0,-6.0,9.0
102.0,44.0,-11.0,3.0
101.0,43.0,-15.0,1.0
100.0,38.0,-14.0,-1.0
100.0,33.0,-11.0,-1.0
107.0,25.0,-8.0,1.0
120.0,23.0,-5.0,1.0
140.0,25.0,-5.0,2.0
160.0,28.0,-7.0,4.0
176.0,28.0,-10.0,3.0
184.0,30.0,-10.0,4.0
183.0,29.0,-7.0,6.0
175.0,27.0,-7.0,6.0
162.0,26.0,-5.0,4.0
146.0,23.0,-2.0,6.0
129.0,24.0,-2.0,4.0
110.0,23.0,-2.0,4.0
92.0,26.0,-3.0,5.0
77.0,27.0,-3.0,6.0
68.0,26.0,-6.0,7.0
65.0,26.0,-5.0,6.0
69.0,28.0,-6.0,7.0
77.0,26.0,-6.0,7.0
87.0,28.0,-7.0,8.0
97.0,27.0,-5.0,6.0
105.0,31.0,-4.0,8.0
110.0,32.0,-3.0,5.0
112.0,35.0,-5.0,4.0
109.0,41.0,-9.0,10.0
103.0,42.0,-12.0,12.0
95.0,45.0,-10.0,11.0
92.0,43.0,-8.0,4.0
90.0,39.0,-7.0,0.0
94.0,37.0,-2.0,-2.0
110.0,32.0,1.0,-2.0
132.0,27.0,2.0,-4.0
155.0,26.0,2.0,-2.0
176.0,29.0,3.0,0.0
190.0,31.0,2.0,0.0
195.0,31.0,-2.0,-1.0
193.0,33.0,-6.0,3.0
184.0,30.0,-8.0,6.0
170.0,29.0,-7.0,7.0
153.0,27.0,-5.0,5.0
137.0,24.0,-1.0,4.0
120.0,23.0,0.0,5.0
106.0,23.0,1.0,5.0
94.0,24.0,1.0,3.0
87.0,27.0,-1.0,4.0
84.0,27.0,-1.0,4.0
84.0,29.0,-1.0,7.0
86.0,29.0,0.0,7.0
91.0,27.0,0.0,8.0
97.0,28.0,-1.0,5.0
101.0,28.0,0.0,5.0
105.0,31.0,0.0,6.0
107.0,32.0,-1.0,7.0
107.0,36.0,-3.0,7.0
107.0,38.0,-5.0,8.0
107.0,40.0,-4.0,12.0
107.0,43.0,-4.0,10.0
110.0,47.0,-11.0,8.0
115.0,46.0,-16.0,2.0
126.0,41.0,-17.0,1.0
147.0,35.0,-14.0,0.0
175.0,27.0,-10.0,2.0
202.0,25.0,-7.0,2.0
221.0,23.0,-7.0,2.0
230.0,24.0,-6.0,2.0
222.0,27.0,-7.0,4.0
203.0,29.0,-8.0,6.0
177.0,29.0,-9.0,6.0
148.0,28.0,-6.0,6.0
120.0,24.0,-4.0,6.0
96.0,24.0,-3.0,5.0
79.0,21.0,-3.0,5.0
68.0,21.0,-1.0,7.0
64.0,24.0,-2.0,6.0
65.0,24.0,-3.0,6.0
71.0,26.0,-5.0,7.0
80.0,27.0,-8.0,8.0
90.0,29.0,-8.0,9.0
105.0,28.0,-9.0,9.0
120.0,26.0,-9.0,9.0
126.0,28.0,-7.0,8.0
127.0,30.0,-3.0,9.0
124.0,31.0,-3.0,7.0
120.0,34.0,-7.0,8.0
114.0,39.0,-9.0,12.0
107.0,44.0,-10.0,14.0
101.0,47.0,-12.0,12.0
102.0,44.0,-12.0,7.0
115.0,40.0,-8.0,3.0
140.0,35.0,-7.0,2.0
172.0,32.0,-3.0,0.0
201.0,27.0,0.0,1.0
220.0,26.0,2.0,0.0
224.0,27.0,4.0,-2.0
214.0,27.0,4.0,-1.0
191.0,31.0,0.0,0.0
162.0,33.0,-4.0,3.0
132.0,33.0,-8.0,5.0
106.0,31.0,-8.0,8.0
87.0,28.0,-8.0,8.0
76.0,24.0,-6.0,6.0
72.0,24.0,-3.0,5.0
73.0,22.0,-1.0,4.0
78.0,25.0,-1.0,3.0
86.0,26.0,1.0,3.0
93.0,28.0,0.0,6.0
100.0,28.0,-1.0,7.0
105.0,30.0,-2.0,7.0
107.0,29.0,-4.0,6.0
108.0,28.0,-4.0,4.0
107.0,29.0,-4.0,4.0
105.0,29.0,-1.0,5.0
102.0,32.0,-1.0,6.0
98.0,34.0,-2.0,7.0
95.0,37.0,-5.0,8.0
93.0,39.0,-4.0,9.0
93.0,45.0,-7.0,10.0
101.0,44.0,-11.0,10.0
122.0,45.0,-15.0,6.0
153.0,42.0,-14.0,1.0
188.0,36.0,-14.0,0.0
217.0,29.0,-12.0,-1.0
231.0,24.0,-8.0,1.0
231.0,23.0,-8.0,2.0
219.0,22.0,-5.0,3.0
191.0,25.0,-6.0,4.0
157.0,26.0,-6.0,5.0
123.0,29.0,-8.0,4.0
90.0,29.0,-8.0,4.0
62.0,26.0,-6.0,4.0
50.0,24.0,-6.0,4.0
47.0,25.0,-5.0,5.0
50.0,25.0,-3.0,7.0
56.0,24.0,-6.0,6.0
66.0,27.0,-5.0,6.0
76.0,28.0,-8.0,7.0
87.0,29.0,-9.0,8.0
98.0,28.0,-8.0,10.0
108.0,28.0,-9.0,9.0
115.0,26.0,-8.0,7.0
119.0,27.0,-7.0,7.0
119.0,28.0,-4.0,9.0
117.0,30.0,-4.0,9.0
111.0,32.0,-3.0,9.0
105.0,37.0,-6.0,10.0
100.0,41.0,-11.0,12.0
98.0,44.0,-13.0,12.0
107.0,46.0,-12.0,7.0
129.0,43.0,-10.0,2.0
160.0,38.0,-7.0,1.0
190.0,33.0,-6.0,2.0
210.0,29.0,-2.0,1.0
217.0,25.0,-1.0,-1.0
210.0,25.0,3.0,-1.0
189.0,29.0,4.0,-1.0
161.0,28.0,3.0,-1.0
129.0,29.0,0.0,3.0
100.0,30.0,-4.0,6.0
78.0,31.0,-7.0,8.0
64.0,28.0,-8.0,6.0
60.0,28.0,-5.0,6.0
64.0,26.0,-4.0,5.0
72.0,23.0,-1.0,6.0
82.0,24.0,2.0,4.0
92.0,25.0,2.0,4.0
100.0,25.0,0.0,6.0
105.0,28.0,-2.0,5.0
107.0,28.0,-2.0,6.0
107.0,28.0,-2.0,7.0
105.0,29.0,-2.0,5.0
103.0,27.0,-3.0,7.0
100.0,29.0,-1.0,5.0
98.0,30.0,0.0,6.0
95.0,33.0,-1.0,8.0
94.0,37.0,-5.0,8.0
96.0,41.0,-6.0,11.0
110.0,43.0,-4.0,10.0
136.0,45.0,-6.0,8.0
174.0,43.0,-12.0,7.0
210.0,40.0,-14.0,3.0
230.0,37.0,-13.0,1.0
231.0,33.0,-11.0,1.0
221.0,28.0,-8.0,1.0
199.0,24.0,-9.0,3.0
169.0,24.0,-8.0,3.0
138.0,26.0,-8.0,5.0
110.0,28.0,-7.0,6.0
86.0,29.0,-9.0,5.0
69.0,28.0,-6.0,6.0
59.0,28.0,-5.0,6.0
55.0,24.0,-6.0,6.0
57.0,23.0,-3.0,6.0
64.0,22.0,-2.0,5.0
72.0,23.0,-2.0,5.0
82.0,26.0,-3.0,7.0
90.0,25.0,-6.0,6.0
97.0,26.0,-6.0,6.0
103.0,27.0,-6.0,6.0
107.0,27.0,-6.0,8.0
109.0,28.0,-6.0,7.0
110.0,26.0,-7.0,7.0
110.0,27.0,-5.0,8.0
108.0,29.0,-4.0,8.0
106.0,32.0,-5.0,7.0
103.0,36.0,-7.0,6.0
103.0,38.0,-8.0,10.0
110.0,42.0,-11.0,11.0
130.0,44.0,-11.0,9.0
161.0,43.0,-8.0,4.0
193.0,42.0,-6.0,2.0
217.0,36.0,-5.0,0.0
228.0,31.0,-4.0,1.0
221.0,27.0,1.0,0.0
202.0,25.0,3.0,-1.0
174.0,27.0,6.0,-2.0
140.0,29.0,4.0,-1.0
108.0,31.0,1.0,0.0
80.0,31.0,-5.0,3.0
61.0,31.0,-7.0,4.0
53.0,30.0,-9.0,5.0
55.0,28.0,-6.0,6.0
65.0,27.0,-4.0,6.0
80.0,23.0,-3.0,4.0
94.0,23.0,0.0,5.0
107.0,22.0,3.0,3.0
116.0,24.0,3.0,4.0
119.0,26.0,0.0,3.0
118.0,28.0,-1.0,6.0
110.0,29.0,-2.0,5.0
98.0,30.0,-1.0,6.0
93.0,29.0,-3.0,6.0
92.0,27.0,-3.0,5.0
91.0,29.0,-2.0,5.0
90.0,30.0,-2.0,8.0
90.0,34.0,-4.0,8.0
92.0,36.0,-5.0,8.0
102.0,40.0,-4.0,9.0
126.0,42.0,-3.0,11.0
160.0,45.0,-4.0,7.0
195.0,47.0,-12.0,5.0
221.0,45.0,-14.0,1.0
231.0,41.0,-15.0,2.0
231.0,33.0,-13.0,1.0
217.0,26.0,-10.0,2.0
193.0,21.0,-5.0,2.0
164.0,22.0,-3.0,3.0
133.0,25.0,-5.0,2.0
103.0,27.0,-5.0,4.0
78.0,30.0,-6.0,6.0
60.0,30.0,-8.0,6.0
49.0,30.0,-7.0,4.0
46.0,26.0,-4.0,6.0
48.0,26.0,-2.0,6.0
55.0,23.0,-2.0,5.0
64.0,24.0,-1.0,5.0
72.0,24.0,-3.0,5.0
80.0,24.0,-3.0,7.0
87.0,25.0,-6.0,9.0
92.0,28.0,-7.0,7.0
96.0,27.0,-8.0,9.0
99.0,27.0,-7.0,9.0
101.0,28.0,-6.0,8.0
103.0,29.0,-6.0,7.0
104.0,29.0,-5.0,8.0
104.0,32.0,-5.0,7.0
103.0,36.0,-6.0,10.0
105.0,37.0,-9.0,12.0
115.0,37.0,-9.0,12.0
137.0,40.0,-8.0,11.0
169.0,41.0,-5.0,7.0
201.0,41.0,-5.0,3.0
223.0,39.0,-8.0,1.0
231.0,34.0,-6.0,0.0
229.0,30.0,-2.0,0.0
208.0,26.0,1.0,1.0
180.0,28.0,3.0,-2.0
148.0,30.0,4.0,-1.0
116.0,31.0,1.0,1.0
91.0,33.0,-3.0,1.0
76.0,31.0,-8.0,5.0
63.0,29.0,-9.0,6.0
58.0,26.0,-8.0,6.0
62.0,23.0,-5.0,7.0
74.0,24.0,-3.0,6.0
89.0,23.0,-1.0,4.0
102.0,22.0,1.0,5.0
112.0,24.0,1.0,3.0
118.0,26.0,-1.0,6.0
120.0,28.0,-2.0,6.0
117.0,30.0,-2.0,5.0
112.0,30.0,-4.0,6.0
107.0,28.0,-4.0,5.0
101.0,28.0,-3.0,5.0
95.0,31.0,-2.0,7.0
91.0,34.0,-3.0,7.0
90.0,36.0,-5.0,7.0
95.0,40.0,-6.0,8.0
113.0,42.0,-6.0,7.0
145.0,46.0,-6.0,8.0
181.0,44.0,-9.0,7.0
212.0,41.0,-15.0,5.0
231.0,38.0,-14.0,2.0
231.0,34.0,-11.0,0.0
231.0,28.0,-10.0,1.0
209.0,24.0,-7.0,2.0
180.0,24.0,-8.0,2.0
149.0,25.0,-6.0,2.0
119.0,27.0,-8.0,4.0
93.0,28.0,-9.0,4.0
73.0,30.0,-8.0,5.0
61.0,29.0,-7.0,6.0
57.0,26.0,-8.0,6.0
59.0,24.0,-4.0,6.0
65.0,25.0,-3.0,6.0
74.0,25.0,-2.0,5.0
82.0,24.0,-3.0,5.0
89.0,25.0,-6.0,5.0
94.0,28.0,-7.0,7.0
97.0,27.0,-7.0,6.0
100.0,28.0,-8.0,8.0
103.0,27.0,-8.0,8.0
104.0,27.0,-7.0,6.0
104.0,27.0,-6.0,5.0
103.0,29.0,-4.0,6.0
101.0,33.0,-4.0,8.0
102.0,34.0,-5.0,7.0
109.0,39.0,-7.0,9.0
128.0,41.0,-8.0,10.0
155.0,46.0,-11.0,7.0
181.0,46.0,-10.0,4.0
209.0,41.0,-9.0,1.0
229.0,37.0,-6.0,-2.0
231.0,34.0,-2.0,-1.0
219.0,28.0,1.0,-2.0
194.0,27.0,3.0,-4.0
161.0,28.0,5.0,-2.0
126.0,28.0,4.0,-1.0
94.0,32.0,2.0,0.0
69.0,32.0,-2.0,2.0
54.0,30.0,-7.0,5.0
50.0,30.0,-6.0,5.0
56.0,26.0,-6.0,4.0
70.0,26.0,-2.0,5.0
86.0,25.0,0.0,4.0
101.0,23.0,1.0,5.0
111.0,23.0,0.0,3.0
118.0,25.0,1.0,3.0
119.0,27.0,-1.0,3.0
117.0,30.0,-2.0,5.0
113.0,29.0,-1.0,6.0
107.0,28.0,-1.0,7.0
102.0,28.0,-1.0,4.0
97.0,28.0,-2.0,3.0
93.0,29.0,0.0,5.0
91.0,32.0,0.0,7.0
94.0,34.0,-3.0,7.0
109.0,38.0,-4.0,5.0
138.0,39.0,-4.0,11.0
174.0,41.0,-4.0,7.0
206.0,45.0,-5.0,6.0
226.0,45.0,-12.0,2.0
231.0,44.0,-17.0,0.0
220.0,41.0,-17.0,0.0
199.0,33.0,-13.0,0.0
172.0,27.0,-10.0,0.0
146.0,24.0,-8.0,2.0
122.0,24.0,-8.0,2.0
101.0,22.0,-7.0,3.0
84.0,26.0,-7.0,3.0
72.0,26.0,-8.0,4.0
66.0,28.0,-6.0,5.0
63.0,27.0,-6.0,3.0
64.0,24.0,-5.0,4.0
68.0,25.0,-4.0,3.0
73.0,25.0,-2.0,5.0
78.0,24.0,-5.0,5.0
82.0,25.0,-5.0,5.0
86.0,26.0,-6.0,6.0
93.0,28.0,-9.0,6.0
103.0,27.0,-10.0,9.0
106.0,28.0,-10.0,10.0
107.0,26.0,-9.0,8.0
108.0,28.0,-8.0,8.0
109.0,29.0,-6.0,8.0
110.0,30.0,-4.0,7.0
115.0,34.0,-4.0,7.0
130.0,36.0,-7.0,6.0
155.0,39.0,-9.0,10.0
183.0,41.0,-9.0,10.0
206.0,45.0,-9.0,9.0
218.0,42.0,-9.0,5.0
218.0,39.0,-9.0,2.0
206.0,36.0,-6.0,-1.0
184.0,32.0,-3.0,0.0
158.0,27.0,-1.0,-2.0
130.0,26.0,2.0,-1.0
103.0,27.0,3.0,-2.0
79.0,29.0,1.0,-1.0
60.0,31.0,-1.0,0.0
50.0,33.0,-4.0,3.0
48.0,32.0,-6.0,4.0
53.0,30.0,-8.0,7.0
65.0,26.0,-8.0,5.0
79.0,25.0,-7.0,5.0
94.0,24.0,-4.0,6.0
106.0,24.0,-2.0,4.0
114.0,23.0,1.0,4.0
117.0,25.0,2.0,4.0
114.0,26.0,1.0,3.0
108.0,28.0,0.0,6.0
101.0,28.0,-1.0,6.0
94.0,29.0,-3.0,5.0
89.0,28.0,-3.0,4.0
85.0,27.0,-3.0,6.0
84.0,31.0,-3.0,5.0
89.0,33.0,-3.0,6.0
104.0,35.0,-4.0,8.0
131.0,38.0,-4.0,9.0
166.0,38.0,-4.0,11.0
198.0,42.0,-5.0,7.0
219.0,47.0,-10.0,7.0
226.0,46.0,-14.0,3.0
217.0,41.0,-16.0,2.0
199.0,37.0,-13.0,-1.0
174.0,29.0,-9.0,-1.0
149.0,26.0,-6.0,0.0
124.0,26.0,-4.0,0.0
103.0,27.0,-5.0,2.0
83.0,28.0,-6.0,2.0
63.0,30.0,-8.0,4.0
58.0,29.0,-8.0,5.0
59.0,27.0,-7.0,4.0
65.0,25.0,-4.0,5.0
71.0,25.0,-5.0,5.0
78.0,24.0,-4.0,7.0
84.0,24.0,-4.0,6.0
88.0,25.0,-4.0,5.0
91.0,25.0,-3.0,5.0
92.0,26.0,-5.0,7.0
94.0,28.0,-7.0,7.0
96.0,28.0,-7.0,8.0
99.0,26.0,-6.0,7.0
102.0,27.0,-6.0,7.0
105.0,28.0,-7.0,8.0
110.0,30.0,-5.0,7.0
119.0,30.0,-5.0,8.0
136.0,32.0,-5.0,7.0
160.0,36.0,-7.0,8.0
185.0,39.0,-9.0,10.0
204.0,44.0,-10.0,11.0
212.0,45.0,-10.0,9.0
210.0,44.0,-10.0,6.0
199.0,40.0,-8.0,1.0
182.0,35.0,-5.0,-1.0
159.0,30.0,-2.0,0.0
135.0,25.0,1.0,-2.0
111.0,24.0,2.0,-3.0
90.0,26.0,4.0,-3.0
74.0,27.0,3.0,-1.0
64.0,30.0,-1.0,1.0
59.0,31.0,-4.0,2.0
61.0,32.0,-6.0,4.0
68.0,30.0,-5.0,4.0
78.0,29.0,-5.0,6.0
89.0,26.0,-6.0,5.0
100.0,26.0,-4.0,4.0
108.0,23.0,-2.0,5.0
113.0,23.0,0.0,3.0
114.0,24.0,0.0,3.0
112.0,25.0,1.0,5.0
108.0,28.0,-1.0,5.0
103.0,28.0,-2.0,6.0
97.0,29.0,-1.0,6.0
94.0,28.0,-2.0,4.0
98.0,28.0,-2.0,5.0
112.0,31.0,-3.0,5.0
139.0,33.0,-1.0,8.0
172.0,35.0,-4.0,8.0
202.0,37.0,-3.0,8.0
229.0,38.0,-4.0,8.0
231.0,42.0,-2.0,7.0
220.0,46.0,-6.0,5.0
198.0,45.0,-13.0,3.0
169.0,42.0,-18.0,2.0
142.0,39.0,-14.0,-1.0
119.0,30.0,-10.0,0.0
102.0,25.0,-8.0,0.0
92.0,23.0,-4.0,1.0
86.0,24.0,-5.0,3.0
83.0,28.0,-6.0,3.0
83.0,31.0,-7.0,4.0
83.0,31.0,-9.0,4.0
85.0,29.0,-8.0,5.0
88.0,26.0,-6.0,5.0
92.0,24.0,-5.0,6.0
95.0,24.0,-4.0,6.0
98.0,23.0,-3.0,5.0
99.0,22.0,-1.0,3.0
98.0,25.0,-2.0,5.0
96.0,26.0,-4.0,5.0
93.0,26.0,-5.0,8.0
91.0,27.0,-6.0,7.0
90.0,27.0,-6.0,7.0
91.0,27.0,-7.0,9.0
99.0,28.0,-9.0,8.0
117.0,29.0,-7.0,10.0
145.0,30.0,-6.0,10.0
178.0,33.0,-5.0,8.0
207.0,36.0,-5.0,8.0
225.0,40.0,-8.0,13.0
230.0,45.0,-10.0,16.0
218.0,45.0,-12.0,12.0
199.0,44.0,-11.0,9.0
174.0,40.0,-9.0,3.0
148.0,34.0,-4.0,2.0
123.0,32.0,-3.0,0.0
101.0,27.0,1.0,-1.0
84.0,26.0,4.0,-2.0
72.0,27.0,7.0,-3.0
66.0,28.0,5.0,0.0
65.0,31.0,1.0,0.0
68.0,30.0,-5.0,3.0
76.0,30.0,-8.0,7.0
85.0,28.0,-7.0,8.0
93.0,27.0,-7.0,5.0
101.0,24.0,-5.0,7.0
106.0,25.0,-1.0,4.0
108.0,23.0,0.0,5.0
106.0,23.0,1.0,4.0
97.0,26.0,2.0,6.0
95.0,26.0,1.0,6.0
94.0,29.0,0.0,8.0
93.0,30.0,0.0,9.0
92.0,29.0,-2.0,7.0
94.0,28.0,-1.0,6.0
104.0,28.0,-1.0,6.0
124.0,30.0,-2.0,8.0
151.0,32.0,0.0,9.0
179.0,34.0,-3.0,7.0
199.0,37.0,-3.0,9.0
210.0,38.0,-3.0,14.0
208.0,39.0,-2.0,12.0
196.0,43.0,-6.0,10.0
175.0,43.0,-10.0,7.0
151.0,44.0,-14.0,2.0
125.0,41.0,-15.0,3.0
104.0,33.0,-12.0,1.0
89.0,27.0,-8.0,1.0
84.0,26.0,-5.0,4.0
86.0,25.0,-5.0,3.0
91.0,25.0,-7.0,5.0
97.0,30.0,-6.0,7.0
103.0,31.0,-8.0,6.0
106.0,29.0,-7.0,5.0
106.0,26.0,-4.0,7.0
102.0,25.0,-3.0,6.0
98.0,24.0,-2.0,6.0
92.0,23.0,0.0,5.0
87.0,22.0,0.0,6.0
82.0,23.0,-1.0,6.0
78.0,26.0,-4.0,7.0
75.0,26.0,-5.0,8.0
76.0,27.0,-8.0,10.0
82.0,28.0,-7.0,9.0
97.0,28.0,-7.0,9.0
122.0,28.0,-5.0,11.0
155.0,30.0,-3.0,11.0
186.0,31.0,-1.0,10.0
209.0,33.0,-2.0,8.0
219.0,36.0,-4.0,12.0
216.0,40.0,-7.0,14.0
202.0,45.0,-10.0,17.0
180.0,43.0,-9.0,14.0
156.0,42.0,-9.0,8.0
132.0,37.0,-5.0,7.0
110.0,33.0,-2.0,5.0
93.0,28.0,0.0,3.0
82.0,25.0,3.0,1.0
79.0,25.0,7.0,0.0
85.0,26.0,7.0,0.0
85.0,28.0,5.0,1.0
84.0,31.0,-1.0,4.0
84.0,31.0,-4.0,6.0
88.0,30.0,-7.0,8.0
93.0,28.0,-9.0,8.0
99.0,26.0,-7.0,7.0
106.0,25.0,-5.0,7.0
110.0,23.0,1.0,7.0
111.0,21.0,2.0,7.0
109.0,22.0,5.0,5.0
105.0,26.0,5.0,5.0
100.0,28.0,3.0,8.0
110.0,29.0,-2.0,9.0
132.0,29.0,-2.0,7.0
159.0,28.0,-2.0,8.0
186.0,28.0,-2.0,8.0
203.0,30.0,1.0,10.0
208.0,33.0,-1.0,10.0
201.0,35.0,-2.0,7.0
183.0,38.0,-3.0,11.0
160.0,41.0,-1.0,14.0
135.0,43.0,-1.0,13.0
111.0,44.0,-9.0,12.0
93.0,46.0,-16.0,7.0
81.0,41.0,-16.0,5.0
79.0,36.0,-14.0,5.0
84.0,28.0,-10.0,4.0
93.0,25.0,-4.0,2.0
104.0,22.0,-2.0,2.0
113.0,21.0,0.0,3.0
117.0,26.0,-1.0,4.0
117.0,30.0,-4.0,5.0
112.0,30.0,-5.0,6.0
106.0,31.0,-6.0,7.0
98.0,27.0,-8.0,6.0
92.0,25.0,-4.0,6.0
87.0,23.0,-2.0,6.0
83.0,23.0,-3.0,8.0
80.0,25.0,-3.0,8.0
80.0,24.0,-4.0,7.0
87.0,25.0,-6.0,9.0
106.0,26.0,-5.0,8.0
137.0,28.0,-6.0,8.0
174.0,28.0,-8.0,8.0
205.0,28.0,-7.0,9.0
224.0,27.0,-4.0,8.0
230.0,28.0,-2.0,9.0
216.0,32.0,-2.0,8.0
183.0,33.0,-2.0,7.0
152.0,36.0,-6.0,11.0
125.0,41.0,-7.0,15.0
101.0,43.0,-10.0,13.0
83.0,44.0,-10.0,9.0
74.0,42.0,-8.0,4.0
73.0,39.0,-4.0,3.0
77.0,34.0,-4.0,3.0
85.0,29.0,-1.0,1.0
95.0,27.0,4.0,-1.0
103.0,27.0,5.0,-1.0
108.0,29.0,4.0,0.0
109.0,31.0,2.0,0.0
106.0,31.0,-2.0,4.0
101.0,30.0,-7.0,6.0
97.0,30.0,-10.0,8.0
95.0,29.0,-10.0,9.0
94.0,28.0,-8.0,7.0
94.0,26.0,-3.0,7.0
95.0,24.0,0.0,5.0
97.0,21.0,2.0,7.0
103.0,22.0,3.0,7.0
119.0,25.0,3.0,7.0
143.0,26.0,2.0,6.0
170.0,28.0,1.0,7.0
192.0,29.0,-2.0,9.0
204.0,30.0,-3.0,7.0
203.0,28.0,-2.0,7.0
190.0,28.0,-1.0,8.0
169.0,29.0,0.0,10.0
143.0,31.0,-2.0,9.0
117.0,34.0,-5.0,11.0
95.0,36.0,-3.0,13.0
79.0,41.0,-3.0,11.0
70.0,44.0,-4.0,12.0
69.0,44.0,-13.0,9.0
73.0,41.0,-18.0,5.0
83.0,38.0,-14.0,5.0
96.0,33.0,-10.0,4.0
109.0,25.0,-7.0,1.0
120.0,25.0,-3.0,1.0
126.0,27.0,-3.0,1.0
126.0,28.0,-5.0,2.0
120.0,31.0,-6.0,6.0
112.0,31.0,-10.0,6.0
102.0,31.0,-9.0,6.0
94.0,27.0,-9.0,6.0
88.0,26.0,-5.0,8.0
84.0,22.0,-3.0,7.0
83.0,21.0,-3.0,6.0
95.0,21.0,-1.0,8.0
107.0,22.0,-2.0,7.0
126.0,25.0,-5.0,9.0
151.0,27.0,-6.0,10.0
176.0,26.0,-7.0,8.0
193.0,26.0,-6.0,8.0
199.0,26.0,-6.0,8.0
194.0,26.0,-5.0,10.0
180.0,27.0,-5.0,9.0
158.0,30.0,-4.0,10.0
135.0,34.0,-3.0,11.0
112.0,37.0,-6.0,10.0
93.0,40.0,-7.0,14.0
79.0,44.0,-9.0,14.0
74.0,44.0,-10.0,12.0
76.0,41.0,-11.0,8.0
84.0,39.0,-6.0,5.0
95.0,33.0,-2.0,3.0
105.0,30.0,1.0,1.0
114.0,26.0,3.0,1.0
118.0,27.0,5.0,-2.0
117.0,28.0,7.0,0.0
113.0,30.0,3.0,2.0
105.0,34.0,-1.0,2.0
98.0,34.0,-5.0,3.0
92.0,33.0,-9.0,6.0
87.0,30.0,-11.0,8.0
87.0,25.0,-11.0,9.0
94.0,24.0,-8.0,8.0
110.0,22.0,-4.0,8.0
135.0,22.0,-1.0,5.0
162.0,23.0,2.0,6.0
185.0,25.0,1.0,7.0
198.0,28.0,2.0,5.0
200.0,29.0,0.0,8.0
190.0,30.0,-1.0,9.0
172.0,29.0,-3.0,7.0
149.0,28.0,-3.0,5.0
125.0,29.0,0.0,7.0
103.0,29.0,-1.0,8.0
86.0,33.0,-1.0,10.0
74.0,34.0,-3.0,8.0
70.0,37.0,-5.0,11.0
72.0,41.0,-6.0,11.0
79.0,44.0,-5.0,9.0
89.0,43.0,-10.0,9.0
100.0,42.0,-15.0,5.0
110.0,40.0,-14.0,3.0
118.0,34.0,-13.0,2.0
122.0,28.0,-8.0,1.0
116.0,26.0,-6.0,1.0
116.0,25.0,-5.0,3.0
116.0,28.0,-4.0,5.0
114.0,31.0,-8.0,6.0
109.0,33.0,-9.0,6.0
103.0,30.0,-10.0,8.0
98.0,28.0,-7.0,8.0
96.0,24.0,-7.0,7.0
102.0,23.0,-3.0,5.0
117.0,21.0,0.0,5.0
139.0,22.0,-1.0,5.0
160.0,24.0,-2.0,7.0
175.0,24.0,-4.0,6.0
181.0,27.0,-4.0,7.0
179.0,26.0,-6.0,8.0
168.0,26.0,-6.0,8.0
153.0,27.0,-9.0,9.0
136.0,26.0,-7.0,9.0
119.0,29.0,-7.0,10.0
103.0,30.0,-6.0,11.0
91.0,34.0,-4.0,9.0
84.0,37.0,-6.0,7.0
82.0,39.0,-7.0,15.0
84.0,43.0,-9.0,13.0
89.0,46.0,-9.0,11.0
97.0,44.0,-9.0,7.0
105.0,41.0,-7.0,1.0
112.0,34.0,-5.0,1.0
116.0,29.0,-1.0,1.0
118.0,27.0,0.0,-2.0
117.0,26.0,3.0,-3.0
114.0,26.0,6.0,-1.0
108.0,28.0,4.0,1.0
101.0,32.0,2.0,2.0
94.0,32.0,-2.0,2.0
88.0,32.0,-5.0,5.0
87.0,31.0,-7.0,6.0
94.0,29.0,-6.0,5.0
112.0,27.0,-5.0,7.0
139.0,25.0,-1.0,5.0
167.0,23.0,-1.0,6.0
188.0,23.0,0.0,4.0
198.0,26.0,0.0,3.0
196.0,27.0,1.0,4.0
183.0,28.0,0.0,5.0
163.0,29.0,-2.0,8.0
140.0,29.0,-1.0,6.0
118.0,27.0,-1.0,7.0
99.0,29.0,-1.0,6.0
85.0,28.0,-2.0,7.0
85.0,30.0,-2.0,7.0
81.0,32.0,-3.0,9.0
79.0,35.0,-4.0,7.0
82.0,38.0,-4.0,12.0
88.0,43.0,-3.0,10.0
97.0,45.0,-8.0,11.0
105.0,45.0,-13.0,6.0
111.0,40.0,-14.0,4.0
116.0,36.0,-12.0,3.0
120.0,31.0,-9.0,0.0
122.0,25.0,-7.0,0.0
122.0,24.0,-6.0,2.0
119.0,26.0,-5.0,2.0
114.0,30.0,-6.0,1.0
107.0,33.0,-8.0,3.0
99.0,32.0,-8.0,6.0
94.0,30.0,-8.0,7.0
93.0,27.0,-8.0,8.0
102.0,25.0,-5.0,6.0
121.0,23.0,-3.0,5.0
146.0,23.0,-2.0,5.0
168.0,23.0,-1.0,6.0
182.0,23.0,-1.0,5.0
185.0,26.0,-1.0,7.0
179.0,27.0,-4.0,6.0
165.0,26.0,-5.0,7.0
147.0,26.0,-4.0,7.0
127.0,26.0,-6.0,7.0
108.0,26.0,-5.0,7.0
94.0,28.0,-6.0,10.0
85.0,28.0,-5.0,9.0
81.0,33.0,-3.0,9.0
83.0,36.0,-5.0,8.0
88.0,39.0,-9.0,10.0
95.0,43.0,-12.0,12.0
103.0,46.0,-12.0,13.0
110.0,41.0,-11.0,6.0
118.0,38.0,-5.0,4.0
123.0,35.0,-3.0,-1.0
126.0,32.0,-1.0,-2.0
126.0,30.0,2.0,-1.0
122.0,27.0,5.0,-5.0
115.0,27.0,5.0,-3.0
107.0,30.0,5.0,0.0
98.0,30.0,0.0,1.0
91.0,30.0,-4.0,4.0
90.0,30.0,-7.0,6.0
99.0,29.0,-7.0,6.0
121.0,29.0,-7.0,6.0
152.0,25.0,-4.0,7.0
174.0,25.0,-2.0,7.0
197.0,24.0,-2.0,6.0
210.0,23.0,1.0,4.0
208.0,26.0,0.0,4.0
194.0,28.0,1.0,6.0
171.0,29.0,1.0,7.0
145.0,28.0,-1.0,6.0
118.0,29.0,-1.0,8.0
95.0,29.0,0.0,7.0
79.0,29.0,-2.0,6.0
70.0,28.0,-2.0,7.0
69.0,30.0,0.0,7.0
74.0,32.0,-2.0,7.0
83.0,35.0,-4.0,5.0
93.0,39.0,-4.0,11.0
103.0,43.0,-4.0,8.0
112.0,47.0,-7.0,7.0
119.0,46.0,-14.0,5.0
123.0,43.0,-16.0,1.0
125.0,39.0,-13.0,-1.0
125.0,31.0,-12.0,-1.0
124.0,25.0,-7.0,1.0
122.0,25.0,-7.0,1.0
120.0,24.0,-6.0,2.0
115.0,27.0,-8.0,3.0
109.0,28.0,-8.0,3.0
105.0,30.0,-8.0,6.0
109.0,29.0,-7.0,6.0
124.0,27.0,-5.0,7.0
147.0,25.0,-5.0,5.0
172.0,23.0,-2.0,5.0
191.0,23.0,-3.0,5.0
197.0,26.0,-2.0,4.0
191.0,25.0,-3.0,4.0
175.0,27.0,-4.0,6.0
153.0,29.0,-5.0,8.0
130.0,29.0,-6.0,7.0
108.0,28.0,-9.0,9.0
90.0,27.0,-8.0,9.0
78.0,26.0,-9.0,9.0
73.0,27.0,-6.0,9.0
73.0,28.0,-4.0,7.0
78.0,31.0,-4.0,8.0
85.0,34.0,-7.0,7.0
91.0,37.0,-10.0,9.0
97.0,43.0,-11.0,12.0
102.0,47.0,-11.0,10.0
106.0,44.0,-10.0,5.0
110.0,41.0,-8.0,1.0
113.0,37.0,-7.0,1.0
122.0,32.0,-3.0,1.0
121.0,29.0,0.0,0.0
114.0,24.0,2.0,-3.0
106.0,25.0,4.0,-2.0
98.0,25.0,4.0,0.0
90.0,27.0,2.0,0.0
87.0,29.0,-2.0,2.0
92.0,32.0,-3.0,2.0
110.0,33.0,-7.0,4.0
137.0,31.0,-8.0,5.0
167.0,30.0,-6.0,6.0
190.0,28.0,-5.0,5.0
202.0,26.0,-2.0,6.0
201.0,24.0,0.0,5.0
188.0,24.0,1.0,3.0
167.0,25.0,1.0,5.0
142.0,26.0,1.0,5.0
115.0,27.0,0.0,5.0
92.0,28.0,-2.0,6.0
75.0,29.0,-1.0,6.0
65.0,28.0,-3.0,6.0
63.0,27.0,-1.0,6.0
67.0,29.0,-1.0,5.0
74.0,31.0,-1.0,6.0
83.0,34.0,-4.0,7.0
92.0,37.0,-4.0,9.0
100.0,39.0,-2.0,12.0
107.0,41.0,-4.0,9.0
111.0,45.0,-8.0,10.0
114.0,45.0,-13.0,8.0
115.0,43.0,-14.0,3.0
115.0,37.0,-13.0,0.0
114.0,31.0,-10.0,1.0
113.0,26.0,-6.0,0.0
113.0,24.0,-6.0,2.0
113.0,25.0,-4.0,2.0
118.0,29.0,-5.0,4.0
128.0,30.0,-8.0,4.0
145.0,33.0,-8.0,6.0
163.0,31.0,-7.0,6.0
177.0,28.0,-7.0,7.0
185.0,25.0,-4.0,6.0
183.0,23.0,-4.0,7.0
172.0,23.0,-3.0,6.0
154.0,23.0,-2.0,6.0
133.0,23.0,-3.0,4.0
110.0,26.0,-4.0,5.0
89.0,27.0,-4.0,8.0
73.0,26.0,-4.0,9.0
64.0,28.0,-5.0,8.0
53.0,28.0,-7.0,9.0
58.0,28.0,-7.0,9.0
70.0,27.0,-6.0,10.0
83.0,29.0,-5.0,11.0
94.0,32.0,-5.0,11.0
103.0,36.0,-5.0,9.0
108.0,40.0,-9.0,10.0
111.0,44.0,-9.0,13.0
111.0,46.0,-10.0,12.0
111.0,43.0,-11.0,11.0
111.0,39.0,-8.0,8.0
112.0,36.0,-4.0,3.0
112.0,33.0,-2.0,1.0
111.0,30.0,0.0,0.0
109.0,27.0,2.0,-2.0
110.0,26.0,4.0,-2.0
116.0,28.0,4.0,-1.0
130.0,31.0,1.0,0.0
148.0,30.0,-3.0,3.0
166.0,32.0,-4.0,4.0
179.0,30.0,-7.0,7.0
183.0,28.0,-7.0,8.0
178.0,25.0,-6.0,6.0
166.0,25.0,-3.0,6.0
148.0,23.0,-3.0,5.0
128.0,23.0,-1.0,6.0
108.0,24.0,-1.0,6.0
90.0,25.0,-2.0,7.0
76.0,26.0,0.0,7.0
68.0,27.0,0.0,8.0
66.0,28.0,0.0,7.0
68.0,28.0,-1.0,7.0
74.0,29.0,-2.0,6.0
81.0,29.0,-2.0,7.0
89.0,31.0,-2.0,10.0
96.0,32.0,-3.0,8.0
101.0,35.0,-2.0,6.0
104.0,40.0,-2.0,10.0
105.0,42.0,-2.0,11.0
105.0,47.0,-6.0,12.0
104.0,46.0,-12.0,8.0
103.0,44.0,-14.0,5.0
103.0,41.0,-12.0,2.0
102.0,33.0,-11.0,2.0
104.0,28.0,-7.0,1.0
108.0,26.0,-8.0,2.0
117.0,25.0,-7.0,3.0
132.0,25.0,-7.0,3.0
150.0,26.0,-7.0,3.0
165.0,27.0,-8.0,5.0
182.0,28.0,-8.0,7.0
184.0,25.0,-7.0,7.0
175.0,26.0,-6.0,6.0
160.0,23.0,-5.0,5.0
141.0,24.0,-2.0,5.0
120.0,25.0,-2.0,5.0
101.0,26.0,-5.0,6.0
84.0,27.0,-6.0,9.0
72.0,28.0,-5.0,8.0
65.0,28.0,-6.0,9.0
64.0,28.0,-7.0,10.0
68.0,27.0,-7.0,8.0
75.0,25.0,-8.0,9.0
84.0,27.0,-7.0,9.0
93.0,28.0,-6.0,9.0
100.0,31.0,-5.0,9.0
105.0,33.0,-5.0,9.0
108.0,38.0,-8.0,11.0
109.0,39.0,-10.0,12.0
107.0,44.0,-9.0,14.0
105.0,46.0,-9.0,11.0
104.0,44.0,-9.0,3.0
102.0,40.0,-7.0,2.0
101.0,35.0,-4.0,2.0
101.0,31.0,-3.0,1.0
104.0,26.0,1.0,0.0
113.0,24.0,4.0,-2.0
128.0,27.0,3.0,0.0
145.0,28.0,3.0,0.0
162.0,30.0,0.0,2.0
174.0,31.0,-4.0,2.0
178.0,32.0,-6.0,7.0
176.0,31.0,-6.0,8.0
167.0,28.0,-5.0,6.0
154.0,26.0,-4.0,7.0
139.0,23.0,-2.0,5.0
122.0,24.0,0.0,4.0
106.0,23.0,0.0,4.0
93.0,26.0,1.0,4.0
84.0,26.0,1.0,7.0
80.0,29.0,0.0,7.0
79.0,28.0,-2.0,6.0
82.0,29.0,-1.0,8.0
86.0,28.0,-4.0,5.0
92.0,26.0,-2.0,7.0
97.0,27.0,-2.0,7.0
101.0,30.0,-2.0,8.0
104.0,35.0,-4.0,6.0
105.0,37.0,-5.0,8.0
106.0,40.0,-3.0,13.0
98.0,44.0,-5.0,8.0
99.0,45.0,-9.0,8.0
103.0,44.0,-14.0,5.0
109.0,41.0,-15.0,4.0
119.0,35.0,-10.0,1.0
136.0,29.0,-8.0,0.0
159.0,25.0,-7.0,2.0
183.0,26.0,-6.0,2.0
200.0,28.0,-9.0,3.0
208.0,27.0,-8.0,3.0
205.0,30.0,-10.0,3.0
193.0,31.0,-10.0,4.0
175.0,28.0,-9.0,6.0
153.0,26.0,-5.0,5.0
132.0,23.0,-4.0,7.0
112.0,22.0,-2.0,7.0
95.0,22.0,-1.0,4.0
82.0,23.0,-3.0,4.0
75.0,25.0,-3.0,4.0
71.0,28.0,-4.0,5.0
72.0,27.0,-6.0,8.0
76.0,27.0,-5.0,8.0
83.0,28.0,-7.0,9.0
91.0,26.0,-6.0,7.0
99.0,26.0,-6.0,8.0
106.0,27.0,-5.0,7.0
112.0,29.0,-5.0,9.0
115.0,33.0,-3.0,9.0
116.0,36.0,-6.0,7.0
114.0,38.0,-10.0,8.0
110.0,42.0,-10.0,12.0
107.0,46.0,-11.0,12.0
107.0,41.0,-11.0,4.0
115.0,39.0,-6.0,1.0
133.0,35.0,-5.0,-1.0
160.0,33.0,-2.0,-2.0
188.0,28.0,0.0,-3.0
208.0,27.0,3.0,-3.0
217.0,29.0,4.0,-3.0
212.0,30.0,2.0,0.0
196.0,30.0,0.0,-2.0
174.0,30.0,-2.0,2.0
150.0,31.0,-6.0,3.0
128.0,28.0,-6.0,7.0
110.0,26.0,-6.0,5.0
97.0,26.0,-7.0,5.0
90.0,24.0,-4.0,6.0
88.0,25.0,-4.0,6.0
89.0,26.0,-1.0,5.0
92.0,27.0,-2.0,5.0
105.0,28.0,-2.0,5.0
109.0,28.0,-2.0,6.0
109.0,27.0,0.0,6.0
108.0,27.0,-1.0,5.0
108.0,27.0,-1.0,5.0
108.0,27.0,-3.0,4.0
108.0,30.0,-4.0,5.0
108.0,32.0,-4.0,5.0
107.0,32.0,-5.0,5.0
107.0,34.0,-6.0,7.0
107.0,38.0,-6.0,12.0
113.0,39.0,-5.0,10.0
129.0,45.0,-8.0,12.0
155.0,46.0,-15.0,5.0
186.0,42.0,-17.0,0.0
214.0,40.0,-16.0,-1.0
231.0,35.0,-13.0,-1.0
231.0,28.0,-11.0,0.0
231.0,22.0,-7.0,2.0
218.0,23.0,-8.0,4.0
189.0,24.0,-6.0,3.0
155.0,27.0,-9.0,5.0
123.0,30.0,-8.0,5.0
96.0,31.0,-8.0,6.0
76.0,28.0,-7.0,4.0
64.0,25.0,-5.0,5.0
60.0,23.0,-4.0,7.0
62.0,22.0,-3.0,7.0
69.0,22.0,-3.0,5.0
77.0,25.0,-5.0,5.0
86.0,26.0,-5.0,5.0
94.0,25.0,-8.0,6.0
102.0,26.0,-8.0,6.0
108.0,26.0,-7.0,9.0
112.0,27.0,-8.0,9.0
115.0,27.0,-8.0,9.0
117.0,27.0,-7.0,9.0
117.0,29.0,-5.0,8.0
115.0,32.0,-6.0,9.0
112.0,35.0,-7.0,9.0
110.0,37.0,-11.0,7.0
115.0,39.0,-12.0,13.0
130.0,41.0,-11.0,12.0
155.0,42.0,-10.0,9.0
184.0,41.0,-8.0,4.0
207.0,40.0,-7.0,2.0
219.0,35.0,-6.0,1.0
217.0,31.0,-3.0,-1.0
202.0,28.0,0.0,-3.0
178.0,26.0,2.0,-2.0
141.0,28.0,4.0,-1.0
112.0,30.0,3.0,-1.0
90.0,30.0,0.0,0.0
75.0,32.0,-4.0,4.0
66.0,33.0,-7.0,5.0
65.0,31.0,-11.0,7.0
71.0,27.0,-9.0,5.0
83.0,26.0,-8.0,7.0
96.0,22.0,-5.0,6.0
109.0,22.0,-3.0,6.0
118.0,21.0,-1.0,5.0
124.0,24.0,1.0,6.0
124.0,25.0,-1.0,6.0
121.0,28.0,-1.0,6.0
115.0,29.0,-2.0,6.0
108.0,30.0,-4.0,6.0
100.0,30.0,-3.0,5.0
94.0,29.0,-3.0,4.0
89.0,30.0,-1.0,6.0
86.0,30.0,-2.0,7.0
89.0,35.0,-3.0,6.0
102.0,37.0,-6.0,8.0
128.0,40.0,-6.0,10.0
160.0,46.0,-5.0,7.0
190.0,49.0,-10.0,8.0
209.0,45.0,-15.0,6.0
214.0,40.0,-15.0,2.0
207.0,34.0,-11.0,1.0
190.0,30.0,-10.0,1.0
169.0,25.0,-7.0,1.0
145.0,22.0,-7.0,4.0
122.0,23.0,-8.0,4.0
102.0,24.0,-8.0,3.0
86.0,24.0,-9.0,5.0
76.0,26.0,-8.0,7.0
71.0,26.0,-6.0,6.0
71.0,27.0,-5.0,7.0
76.0,25.0,-5.0,5.0
82.0,25.0,-4.0,5.0
89.0,25.0,-4.0,4.0
95.0,26.0,-4.0,6.0
98.0,28.0,-7.0,6.0
100.0,28.0,-7.0,8.0
101.0,28.0,-6.0,9.0
101.0,26.0,-6.0,8.0
101.0,26.0,-8.0,8.0
102.0,27.0,-8.0,9.0
102.0,26.0,-6.0,8.0
102.0,28.0,-6.0,8.0
102.0,30.0,-4.0,9.0
112.0,33.0,-5.0,8.0
121.0,37.0,-7.0,6.0
136.0,40.0,-10.0,11.0
158.0,46.0,-11.0,12.0
181.0,45.0,-11.0,9.0
198.0,44.0,-10.0,3.0
205.0,39.0,-7.0,0.0
200.0,35.0,-4.0,1.0
186.0,32.0,-1.0,0.0
164.0,27.0,0.0,-1.0
140.0,27.0,2.0,-2.0
115.0,27.0,3.0,-2.0
92.0,28.0,2.0,1.0
74.0,30.0,1.0,2.0
62.0,29.0,-2.0,4.0
58.0,30.0,-4.0,6.0
61.0,29.0,-5.0,6.0
70.0,26.0,-4.0,6.0
81.0,27.0,-5.0,7.0
92.0,24.0,-2.0,7.0
102.0,25.0,-2.0,6.0
109.0,25.0,-1.0,4.0
112.0,25.0,0.0,6.0
111.0,27.0,1.0,5.0
108.0,26.0,-1.0,7.0
104.0,27.0,0.0,9.0
100.0,29.0,-2.0,7.0
96.0,29.0,-1.0,6.0
93.0,30.0,-1.0,4.0
90.0,31.0,-2.0,6.0
89.0,32.0,-2.0,6.0
94.0,35.0,-1.0,7.0
107.0,38.0,-3.0,6.0
131.0,42.0,-5.0,8.0
161.0,45.0,-4.0,7.0
187.0,46.0,-11.0,6.0
204.0,43.0,-15.0,1.0
209.0,41.0,-16.0,2.0
203.0,33.0,-14.0,0.0
189.0,27.0,-10.0,1.0
169.0,24.0,-8.0,0.0
148.0,23.0,-5.0,3.0
126.0,25.0,-7.0,2.0
104.0,29.0,-6.0,2.0
87.0,31.0,-8.0,4.0
75.0,31.0,-10.0,6.0
69.0,29.0,-7.0,7.0
68.0,27.0,-5.0,7.0
73.0,25.0,-3.0,6.0
79.0,24.0,-2.0,5.0
79.0,24.0,-2.0,3.0
85.0,25.0,-2.0,5.0
92.0,26.0,-4.0,6.0
98.0,27.0,-6.0,7.0
101.0,27.0,-5.0,7.0
103.0,26.0,-7.0,9.0
104.0,26.0,-7.0,7.0
104.0,28.0,-6.0,7.0
105.0,29.0,-7.0,9.0
107.0,29.0,-6.0,8.0
114.0,32.0,-4.0,8.0
130.0,35.0,-6.0,7.0
153.0,38.0,-9.0,9.0
177.0,43.0,-12.0,13.0
195.0,44.0,-13.0,13.0
204.0,43.0,-10.0,8.0
204.0,40.0,-7.0,5.0
194.0,35.0,-6.0,2.0
177.0,33.0,-1.0,1.0
154.0,29.0,0.0,-1.0
130.0,28.0,2.0,-4.0
106.0,28.0,5.0,-3.0
85.0,30.0,4.0,-1.0
70.0,32.0,-1.0,2.0
62.0,32.0,-5.0,4.0
61.0,30.0,-6.0,5.0
66.0,29.0,-6.0,6.0
75.0,27.0,-6.0,6.0
87.0,26.0,-4.0,5.0
98.0,23.0,-4.0,7.0
107.0,22.0,-1.0,6.0
112.0,22.0,-1.0,4.0
114.0,25.0,-1.0,6.0
113.0,27.0,-1.0,5.0
110.0,27.0,0.0,7.0
106.0,30.0,0.0,8.0
100.0,30.0,0.0,9.0
96.0,28.0,-1.0,6.0
98.0,29.0,-2.0,6.0
108.0,30.0,-3.0,7.0
130.0,30.0,-3.0,10.0
159.0,32.0,-2.0,9.0
186.0,35.0,-3.0,8.0
205.0,39.0,-5.0,12.0
211.0,39.0,-5.0,11.0
204.0,43.0,-8.0,12.0
188.0,44.0,-13.0,9.0
167.0,43.0,-17.0,4.0
143.0,38.0,-13.0,2.0
121.0,33.0,-12.0,1.0
110.0,26.0,-9.0,2.0
98.0,25.0,-7.0,3.0
88.0,26.0,-7.0,4.0
82.0,28.0,-8.0,3.0
80.0,28.0,-10.0,4.0
82.0,30.0,-8.0,7.0
86.0,29.0,-7.0,8.0
89.0,26.0,-5.0,6.0
92.0,25.0,-3.0,7.0
94.0,22.0,-1.0,5.0
95.0,23.0,-2.0,6.0
94.0,24.0,-3.0,5.0
91.0,24.0,-3.0,7.0
89.0,27.0,-5.0,8.0
87.0,28.0,-5.0,7.0
86.0,28.0,-7.0,8.0
87.0,28.0,-8.0,9.0
91.0,27.0,-9.0,9.0
103.0,25.0,-8.0,9.0
126.0,28.0,-5.0,10.0
156.0,29.0,-3.0,10.0
186.0,33.0,-4.0,9.0
208.0,36.0,-8.0,9.0
216.0,38.0,-11.0,14.0
211.0,44.0,-13.0,13.0
196.0,45.0,-12.0,13.0
173.0,43.0,-11.0,7.0
149.0,42.0,-9.0,5.0
125.0,37.0,-6.0,1.0
103.0,32.0,-5.0,2.0
87.0,28.0,0.0,-1.0
75.0,26.0,1.0,-1.0
69.0,25.0,2.0,-1.0
67.0,30.0,1.0,1.0
68.0,32.0,-1.0,0.0
71.0,31.0,-3.0,2.0
77.0,31.0,-7.0,5.0
85.0,30.0,-8.0,8.0
93.0,29.0,-8.0,10.0
101.0,26.0,-8.0,7.0
107.0,22.0,-5.0,6.0
111.0,22.0,-2.0,7.0
113.0,23.0,0.0,4.0
111.0,23.0,-1.0,3.0
107.0,25.0,0.0,6.0
101.0,27.0,-2.0,6.0
96.0,28.0,-1.0,5.0
96.0,30.0,-3.0,8.0
104.0,29.0,-2.0,8.0
124.0,27.0,-2.0,6.0
143.0,27.0,-3.0,8.0
168.0,30.0,-3.0,8.0
189.0,32.0,-4.0,6.0
198.0,35.0,-5.0,7.0
194.0,39.0,-5.0,12.0
180.0,40.0,-3.0,11.0
159.0,43.0,-6.0,10.0
137.0,45.0,-12.0,7.0
116.0,42.0,-16.0,4.0
97.0,38.0,-15.0,2.0
86.0,32.0,-11.0,2.0
81.0,25.0,-8.0,2.0
84.0,23.0,-6.0,1.0
90.0,26.0,-6.0,3.0
99.0,26.0,-8.0,3.0
105.0,29.0,-9.0,5.0
109.0,30.0,-10.0,6.0
109.0,30.0,-8.0,8.0
108.0,28.0,-7.0,6.0
106.0,26.0,-6.0,7.0
103.0,23.0,-4.0,5.0
99.0,22.0,-1.0,4.0
94.0,22.0,-1.0,5.0
88.0,23.0,-2.0,6.0
83.0,25.0,-5.0,6.0
81.0,27.0,-5.0,7.0
87.0,26.0,-8.0,10.0
104.0,28.0,-8.0,10.0
133.0,27.0,-8.0,7.0
166.0,27.0,-9.0,9.0
194.0,27.0,-8.0,10.0
210.0,28.0,-7.0,11.0
213.0,33.0,-5.0,11.0
203.0,36.0,-9.0,8.0
185.0,40.0,-10.0,10.0
160.0,44.0,-12.0,11.0
135.0,46.0,-11.0,13.0
111.0,43.0,-10.0,9.0
93.0,40.0,-8.0,6.0
84.0,34.0,-7.0,1.0
81.0,31.0,-2.0,0.0
84.0,29.0,0.0,0.0
89.0,27.0,2.0,-2.0
95.0,25.0,2.0,-4.0
98.0,27.0,2.0,0.0
100.0,29.0,1.0,2.0
99.0,30.0,-3.0,1.0
98.0,32.0,-6.0,3.0
96.0,32.0,-8.0,7.0
96.0,29.0,-8.0,7.0
104.0,28.0,-6.0,7.0
105.0,25.0,-5.0,6.0
102.0,23.0,-3.0,7.0
99.0,24.0,-3.0,6.0
101.0,23.0,0.0,4.0
114.0,26.0,-1.0,4.0
136.0,26.0,-1.0,6.0
163.0,27.0,-1.0,5.0
189.0,30.0,0.0,8.0
205.0,28.0,-2.0,6.0
210.0,28.0,-2.0,5.0
201.0,30.0,-4.0,6.0
182.0,31.0,-3.0,8.0
158.0,31.0,-1.0,7.0
131.0,35.0,-3.0,6.0
107.0,36.0,-4.0,8.0
88.0,40.0,-4.0,13.0
76.0,44.0,-6.0,11.0
73.0,45.0,-10.0,8.0
77.0,45.0,-15.0,3.0
85.0,39.0,-17.0,3.0
96.0,33.0,-14.0,3.0
108.0,26.0,-10.0,1.0
118.0,23.0,-6.0,2.0
126.0,24.0,-5.0,2.0
129.0,25.0,-7.0,4.0
126.0,30.0,-7.0,4.0
119.0,32.0,-9.0,6.0
111.0,31.0,-11.0,6.0
102.0,30.0,-8.0,8.0
95.0,26.0,-7.0,8.0
90.0,23.0,-3.0,7.0
86.0,21.0,-3.0,5.0
85.0,22.0,-3.0,5.0
90.0,22.0,-4.0,6.0
105.0,25.0,-5.0,8.0
128.0,27.0,-6.0,7.0
156.0,27.0,-7.0,8.0
182.0,27.0,-7.0,11.0
198.0,25.0,-7.0,9.0
202.0,26.0,-8.0,10.0
195.0,25.0,-6.0,10.0
178.0,28.0,-5.0,11.0
156.0,31.0,-6.0,11.0
132.0,36.0,-8.0,10.0
109.0,37.0,-10.0,12.0
90.0,40.0,-12.0,15.0
78.0,43.0,-13.0,14.0
73.0,42.0,-10.0,11.0
76.0,40.0,-10.0,7.0
77.0,38.0,-7.0,5.0
86.0,32.0,-7.0,3.0
100.0,28.0,-4.0,0.0
112.0,27.0,-1.0,-2.0
118.0,27.0,1.0,-1.0
119.0,27.0,3.0,-1.0
116.0,29.0,0.0,1.0
110.0,32.0,-1.0,1.0
103.0,33.0,-6.0,2.0
97.0,31.0,-6.0,4.0
92.0,32.0,-7.0,6.0
90.0,28.0,-8.0,8.0
91.0,25.0,-9.0,9.0
95.0,24.0,-6.0,8.0
107.0,23.0,-5.0,7.0
128.0,22.0,-3.0,6.0
154.0,23.0,-1.0,4.0
180.0,25.0,-1.0,4.0
197.0,28.0,-3.0,4.0
204.0,29.0,-1.0,7.0
198.0,29.0,-1.0,9.0
182.0,27.0,-3.0,6.0
160.0,29.0,-3.0,6.0
136.0,29.0,-2.0,7.0
112.0,33.0,-4.0,6.0
92.0,35.0,-3.0,7.0
77.0,38.0,-4.0,6.0
70.0,39.0,-4.0,13.0
70.0,39.0,-4.0,11.0
77.0,43.0,-7.0,11.0
87.0,44.0,-14.0,8.0
100.0,41.0,-16.0,2.0
111.0,39.0,-16.0,0.0
121.0,33.0,-12.0,0.0
128.0,27.0,-9.0,2.0
132.0,22.0,-6.0,2.0
132.0,22.0,-6.0,2.0
129.0,24.0,-6.0,4.0
123.0,28.0,-7.0,5.0
115.0,32.0,-8.0,6.0
106.0,33.0,-10.0,8.0
99.0,29.0,-8.0,8.0
95.0,27.0,-8.0,7.0
99.0,25.0,-6.0,7.0
114.0,24.0,-3.0,5.0
137.0,22.0,-4.0,7.0
160.0,24.0,-3.0,8.0
178.0,25.0,-6.0,8.0
188.0,25.0,-7.0,9.0
187.0,26.0,-6.0,9.0
184.0,27.0,-8.0,8.0
170.0,26.0,-7.0,9.0
148.0,26.0,-8.0,7.0
124.0,27.0,-5.0,8.0
103.0,29.0,-4.0,9.0
87.0,33.0,-4.0,10.0
79.0,36.0,-8.0,9.0
76.0,40.0,-10.0,12.0
79.0,42.0,-11.0,12.0
85.0,45.0,-13.0,12.0
94.0,43.0,-12.0,10.0
105.0,41.0,-9.0,5.0
115.0,36.0,-7.0,2.0
123.0,32.0,-2.0,2.0
126.0,29.0,-1.0,0.0
125.0,25.0,2.0,-2.0
121.0,24.0,4.0,-2.0
113.0,27.0,3.0,-2.0
104.0,30.0,2.0,0.0
95.0,30.0,-3.0,2.0
89.0,32.0,-7.0,5.0
89.0,30.0,-10.0,8.0
102.0,30.0,-10.0,9.0
129.0,28.0,-8.0,7.0
164.0,24.0,-4.0,6.0
197.0,23.0,-2.0,8.0
218.0,23.0,0.0,6.0
223.0,24.0,-1.0,6.0
214.0,27.0,-1.0,6.0
193.0,27.0,-1.0,6.0
164.0,28.0,-2.0,7.0
134.0,28.0,-1.0,6.0
105.0,27.0,-3.0,7.0
83.0,28.0,-2.0,7.0
68.0,28.0,-2.0,8.0
61.0,28.0,-3.0,6.0
61.0,31.0,-2.0,8.0
67.0,36.0,-5.0,8.0
78.0,39.0,-5.0,10.0
90.0,41.0,-6.0,12.0
101.0,45.0,-5.0,9.0
111.0,44.0,-9.0,8.0
118.0,42.0,-14.0,4.0
123.0,40.0,-15.0,2.0
124.0,34.0,-13.0,1.0
124.0,28.0,-10.0,1.0
122.0,25.0,-9.0,2.0
120.0,23.0,-8.0,2.0
116.0,24.0,-8.0,5.0
110.0,27.0,-9.0,5.0
98.0,28.0,-10.0,4.0
96.0,31.0,-7.0,5.0
108.0,29.0,-5.0,6.0
132.0,28.0,-6.0,6.0
161.0,26.0,-5.0,6.0
188.0,24.0,-5.0,4.0
204.0,22.0,-5.0,4.0
208.0,24.0,-3.0,7.0
199.0,25.0,-4.0,8.0
181.0,24.0,-5.0,9.0
157.0,25.0,-6.0,9.0
132.0,26.0,-9.0,10.0
109.0,28.0,-8.0,10.0
92.0,26.0,-8.0,10.0
81.0,26.0,-9.0,10.0
78.0,27.0,-8.0,8.0
80.0,31.0,-5.0,10.0
87.0,33.0,-6.0,9.0
95.0,36.0,-8.0,8.0
103.0,40.0,-10.0,12.0
109.0,43.0,-10.0,10.0
112.0,44.0,-11.0,10.0
114.0,42.0,-9.0,4.0
115.0,38.0,-9.0,2.0
114.0,34.0,-5.0,0.0
113.0,31.0,-2.0,0.0
110.0,26.0,-1.0,0.0
105.0,26.0,2.0,-3.0
100.0,25.0,3.0,-3.0
96.0,29.0,2.0,1.0
100.0,29.0,-1.0,1.0
116.0,30.0,-4.0,4.0
143.0,32.0,-8.0,3.0
174.0,31.0,-10.0,7.0
199.0,30.0,-9.0,5.0
212.0,28.0,-7.0,4.0
209.0,25.0,-4.0,2.0
193.0,24.0,-4.0,2.0
169.0,22.0,-1.0,3.0
140.0,24.0,1.0,2.0
112.0,25.0,1.0,4.0
87.0,25.0,-2.0,4.0
71.0,28.0,-3.0,8.0
63.0,30.0,-4.0,9.0
65.0,30.0,-5.0,6.0
75.0,29.0,-5.0,5.0
89.0,33.0,-5.0,6.0
104.0,34.0,-4.0,6.0
116.0,35.0,-5.0,6.0
122.0,38.0,-7.0,4.0
129.0,39.0,-6.0,7.0
127.0,44.0,-5.0,5.0
118.0,44.0,-12.0,3.0
108.0,42.0,-16.0,-4.0
101.0,40.0,-18.0,-5.0
97.0,35.0,-19.0,1.0
97.0,29.0,-14.0,5.0
101.0,22.0,-12.0,4.0
109.0,20.0,-8.0,4.0
122.0,23.0,-8.0,2.0
143.0,27.0,-7.0,4.0
168.0,28.0,-8.0,6.0
190.0,29.0,-10.0,6.0
203.0,28.0,-9.0,5.0
204.0,24.0,-6.0,5.0
191.0,22.0,-4.0,3.0
167.0,22.0,-4.0,4.0
137.0,22.0,-3.0,3.0
105.0,24.0,-4.0,4.0
77.0,27.0,-8.0,6.0
56.0,29.0,-11.0,7.0
44.0,28.0,-11.0,8.0
41.0,27.0,-11.0,8.0
47.0,26.0,-10.0,8.0
58.0,26.0,-8.0,9.0
74.0,27.0,-8.0,6.0
90.0,29.0,-5.0,5.0
104.0,32.0,-5.0,7.0
115.0,33.0,-8.0,6.0
120.0,37.0,-9.0,9.0
121.0,43.0,-12.0,9.0
118.0,45.0,-14.0,8.0
114.0,46.0,-12.0,5.0
110.0,42.0,-12.0,2.0
106.0,36.0,-7.0,1.0
104.0,32.0,-4.0,1.0
103.0,28.0,-3.0,-1.0
105.0,26.0,1.0,-3.0
112.0,25.0,1.0,-5.0
127.0,29.0,4.0,-2.0
147.0,30.0,2.0,-3.0
165.0,29.0,-2.0,1.0
178.0,29.0,-6.0,6.0
183.0,28.0,-8.0,8.0
180.0,28.0,-8.0,8.0
170.0,25.0,-8.0,5.0
154.0,26.0,-6.0,6.0
134.0,25.0,-2.0,4.0
113.0,25.0,-1.0,3.0
92.0,26.0,1.0,2.0
68.0,28.0,0.0,4.0
55.0,29.0,-3.0,4.0
54.0,29.0,-3.0,5.0
60.0,29.0,-2.0,6.0
70.0,28.0,-4.0,5.0
81.0,26.0,-3.0,5.0
92.0,29.0,-2.0,4.0
102.0,29.0,-3.0,5.0
109.0,34.0,-4.0,5.0
113.0,37.0,-5.0,6.0
114.0,39.0,-6.0,11.0
114.0,41.0,-8.0,8.0
113.0,44.0,-8.0,6.0
111.0,45.0,-15.0,5.0
111.0,43.0,-17.0,3.0
116.0,37.0,-16.0,0.0
129.0,32.0,-13.0,0.0
152.0,27.0,-9.0,1.0
178.0,23.0,-7.0,1.0
199.0,25.0,-9.0,2.0
208.0,26.0,-8.0,3.0
205.0,26.0,-10.0,4.0
190.0,28.0,-10.0,4.0
168.0,29.0,-7.0,6.0
143.0,25.0,-6.0,6.0
118.0,25.0,-5.0,6.0
95.0,24.0,-6.0,4.0
78.0,23.0,-4.0,5.0
65.0,26.0,-4.0,3.0
58.0,27.0,-5.0,5.0
57.0,26.0,-6.0,5.0
61.0,26.0,-8.0,6.0
69.0,27.0,-9.0,8.0
80.0,25.0,-8.0,9.0
92.0,25.0,-8.0,8.0
105.0,26.0,-9.0,7.0
116.0,27.0,-7.0,6.0
125.0,31.0,-6.0,6.0
130.0,33.0,-6.0,6.0
130.0,34.0,-9.0,7.0
127.0,36.0,-11.0,9.0
122.0,39.0,-12.0,11.0
117.0,44.0,-11.0,12.0
119.0,43.0,-13.0,9.0
133.0,43.0,-11.0,3.0
156.0,40.0,-9.0,-3.0
182.0,35.0,-8.0,-1.0
203.0,31.0,-4.0,-2.0
212.0,26.0,-1.0,-4.0
207.0,25.0,1.0,-4.0
197.0,25.0,3.0,-2.0
174.0,26.0,3.0,-4.0
142.0,29.0,0.0,-2.0
111.0,30.0,-4.0,0.0
86.0,32.0,-8.0,6.0
69.0,33.0,-11.0,6.0
61.0,28.0,-9.0,6.0
62.0,26.0,-8.0,6.0
69.0,23.0,-4.0,7.0
80.0,24.0,-3.0,4.0
92.0,25.0,0.0,5.0
103.0,26.0,-1.0,2.0
112.0,26.0,-2.0,4.0
116.0,29.0,-1.0,4.0
116.0,30.0,-1.0,4.0
114.0,28.0,-1.0,5.0
110.0,29.0,-2.0,4.0
105.0,27.0,-4.0,4.0
101.0,31.0,-4.0,7.0
98.0,33.0,-3.0,9.0
98.0,34.0,-6.0,8.0
106.0,38.0,-7.0,10.0
124.0,38.0,-5.0,12.0
150.0,41.0,-7.0,10.0
177.0,44.0,-9.0,10.0
198.0,43.0,-15.0,4.0
208.0,41.0,-17.0,-1.0
206.0,37.0,-15.0,-1.0
195.0,31.0,-12.0,-1.0
177.0,27.0,-11.0,1.0
156.0,24.0,-8.0,3.0
134.0,22.0,-7.0,3.0
114.0,24.0,-8.0,3.0
96.0,27.0,-7.0,4.0
82.0,30.0,-8.0,5.0
74.0,30.0,-10.0,7.0
71.0,26.0,-10.0,5.0
73.0,24.0,-8.0,7.0
77.0,24.0,-6.0,5.0
83.0,23.0,-5.0,4.0
89.0,22.0,-3.0,7.0
94.0,24.0,-4.0,7.0
98.0,25.0,-6.0,7.0
100.0,28.0,-9.0,8.0
101.0,27.0,-10.0,8.0
102.0,27.0,-9.0,6.0
103.0,27.0,-10.0,7.0
103.0,25.0,-9.0,8.0
104.0,26.0,-6.0,7.0
109.0,28.0,-4.0,8.0
114.0,31.0,-5.0,9.0
130.0,36.0,-6.0,9.0
152.0,41.0,-12.0,13.0
172.0,46.0,-13.0,12.0
185.0,46.0,-15.0,11.0
188.0,44.0,-14.0,5.0
183.0,40.0,-10.0,1.0
170.0,37.0,-5.0,0.0
152.0,32.0,-2.0,0.0
132.0,29.0,0.0,-2.0
112.0,25.0,2.0,0.0
95.0,27.0,3.0,0.0
82.0,27.0,4.0,-1.0
75.0,30.0,0.0,-1.0
73.0,31.0,-4.0,1.0
75.0,32.0,-10.0,5.0
81.0,30.0,-11.0,9.0
89.0,26.0,-11.0,8.0
98.0,24.0,-6.0,7.0
105.0,25.0,-4.0,7.0
110.0,23.0,-1.0,5.0
113.0,24.0,0.0,3.0
112.0,26.0,-1.0,3.0
110.0,27.0,-1.0,5.0
106.0,27.0,-2.0,6.0
101.0,29.0,-2.0,5.0
100.0,29.0,-3.0,7.0
103.0,27.0,-4.0,6.0
114.0,28.0,-4.0,8.0
130.0,28.0,-3.0,8.0
148.0,33.0,-3.0,9.0
162.0,34.0,-4.0,6.0
169.0,37.0,-7.0,6.0
168.0,41.0,-6.0,10.0
160.0,40.0,-8.0,10.0
148.0,44.0,-10.0,13.0
134.0,44.0,-13.0,6.0
120.0,41.0,-16.0,0.0
108.0,36.0,-16.0,-2.0
100.0,32.0,-16.0,1.0
96.0,28.0,-14.0,2.0
96.0,27.0,-12.0,5.0
99.0,25.0,-10.0,5.0
103.0,25.0,-10.0,3.0
107.0,27.0,-9.0,5.0
110.0,30.0,-8.0,7.0
111.0,30.0,-7.0,7.0
110.0,28.0,-8.0,8.0
108.0,26.0,-7.0,7.0
105.0,23.0,-6.0,5.0
107.0,23.0,-1.0,5.0
104.0,22.0,0.0,4.0
98.0,24.0,2.0,2.0
91.0,24.0,-1.0,5.0
89.0,25.0,-4.0,4.0
94.0,27.0,-6.0,6.0
106.0,27.0,-10.0,9.0
123.0,28.0,-11.0,9.0
142.0,29.0,-11.0,10.0
157.0,29.0,-9.0,9.0
165.0,30.0,-6.0,9.0
165.0,32.0,-5.0,8.0
157.0,36.0,-6.0,8.0
145.0,38.0,-9.0,11.0
131.0,44.0,-10.0,13.0
116.0,46.0,-14.0,11.0
105.0,43.0,-13.0,4.0
97.0,38.0,-11.0,3.0
94.0,34.0,-5.0,-2.0
94.0,32.0,-3.0,-2.0
96.0,27.0,1.0,-1.0
100.0,28.0,2.0,-2.0
102.0,27.0,3.0,-2.0
103.0,29.0,4.0,-2.0
102.0,30.0,1.0,1.0
100.0,31.0,-3.0,2.0
99.0,31.0,-6.0,6.0
99.0,28.0,-8.0,6.0
99.0,27.0,-5.0,6.0
99.0,25.0,-5.0,5.0
99.0,23.0,-4.0,6.0
100.0,23.0,-3.0,6.0
103.0,25.0,-1.0,5.0
110.0,26.0,-1.0,6.0
121.0,26.0,-1.0,4.0
134.0,27.0,-3.0,5.0
147.0,28.0,-3.0,6.0
156.0,29.0,-2.0,6.0
159.0,27.0,-2.0,6.0
156.0,28.0,-3.0,5.0
148.0,29.0,-1.0,6.0
136.0,31.0,-3.0,7.0
124.0,35.0,-4.0,8.0
111.0,39.0,-6.0,7.0
102.0,39.0,-5.0,12.0
96.0,44.0,-6.0,9.0
94.0,45.0,-9.0,11.0
96.0,43.0,-16.0,5.0
100.0,41.0,-17.0,4.0
105.0,36.0,-13.0,0.0
105.0,28.0,-11.0,1.0
108.0,25.0,-8.0,0.0
114.0,24.0,-7.0,2.0
118.0,26.0,-6.0,3.0
120.0,26.0,-9.0,5.0
119.0,30.0,-10.0,6.0
116.0,31.0,-9.0,5.0
111.0,28.0,-7.0,5.0
107.0,25.0,-7.0,6.0
104.0,23.0,-4.0,5.0
104.0,22.0,-3.0,6.0
110.0,23.0,-2.0,4.0
120.0,24.0,-2.0,5.0
134.0,26.0,-4.0,7.0
147.0,25.0,-7.0,8.0
156.0,26.0,-8.0,9.0
161.0,28.0,-9.0,10.0
160.0,26.0,-9.0,8.0
155.0,27.0,-7.0,8.0
146.0,27.0,-7.0,9.0
135.0,29.0,-7.0,9.0
123.0,32.0,-6.0,9.0
113.0,33.0,-7.0,7.0
105.0,37.0,-8.0,7.0
101.0,40.0,-12.0,13.0
100.0,44.0,-13.0,12.0
102.0,44.0,-11.0,11.0
106.0,44.0,-10.0,5.0
111.0,40.0,-8.0,-1.0
115.0,36.0,-8.0,0.0
119.0,31.0,-4.0,1.0
120.0,27.0,-2.0,-1.0
120.0,24.0,2.0,-3.0
118.0,26.0,3.0,-1.0
114.0,27.0,2.0,0.0
110.0,29.0,-1.0,1.0
107.0,30.0,-5.0,4.0
110.0,32.0,-8.0,5.0
120.0,31.0,-8.0,6.0
137.0,29.0,-9.0,7.0
158.0,25.0,-6.0,6.0
177.0,24.0,-4.0,5.0
189.0,23.0,-3.0,4.0
191.0,22.0,0.0,5.0
185.0,25.0,0.0,4.0
172.0,27.0,-1.0,4.0
154.0,29.0,-2.0,5.0
135.0,28.0,-2.0,8.0
118.0,28.0,-3.0,7.0
104.0,29.0,-3.0,5.0
101.0,27.0,-4.0,7.0
101.0,29.0,-2.0,7.0
100.0,33.0,-4.0,7.0
101.0,34.0,-5.0,6.0
104.0,38.0,-5.0,7.0
108.0,40.0,-4.0,11.0
112.0,42.0,-6.0,10.0
115.0,43.0,-10.0,10.0
117.0,44.0,-16.0,4.0
119.0,41.0,-17.0,2.0
119.0,36.0,-13.0,1.0
118.0,30.0,-10.0,2.0
117.0,23.0,-9.0,1.0
116.0,23.0,-6.0,2.0
119.0,23.0,-6.0,6.0
126.0,26.0,-6.0,5.0
139.0,29.0,-8.0,3.0
155.0,33.0,-11.0,5.0
170.0,32.0,-11.0,8.0
180.0,28.0,-8.0,8.0
183.0,23.0,-7.0,8.0
179.0,22.0,-3.0,7.0
167.0,21.0,-2.0,5.0
150.0,23.0,-2.0,5.0
130.0,23.0,-3.0,7.0
110.0,25.0,-6.0,7.0
94.0,27.0,-6.0,7.0
84.0,28.0,-8.0,8.0
80.0,28.0,-9.0,8.0
81.0,27.0,-9.0,10.0
87.0,27.0,-7.0,9.0
94.0,28.0,-7.0,9.0
101.0,31.0,-5.0,10.0
108.0,34.0,-6.0,11.0
112.0,37.0,-10.0,10.0
114.0,40.0,-11.0,12.0
114.0,42.0,-13.0,15.0
114.0,43.0,-14.0,12.0
113.0,41.0,-11.0,9.0
112.0,39.0,-9.0,6.0
111.0,35.0,-6.0,1.0
111.0,31.0,-5.0,2.0
114.0,28.0,-2.0,-1.0
122.0,26.0,2.0,-2.0
135.0,28.0,3.0,-1.0
149.0,29.0,2.0,-1.0
160.0,31.0,-1.0,0.0
166.0,31.0,-6.0,4.0
166.0,30.0,-7.0,5.0
160.0,29.0,-8.0,7.0
144.0,28.0,-8.0,9.0
128.0,24.0,-7.0,7.0
117.0,24.0,-5.0,7.0
107.0,23.0,-5.0,6.0
99.0,22.0,-2.0,5.0
93.0,25.0,-3.0,6.0
89.0,26.0,-3.0,6.0
87.0,27.0,-2.0,5.0
87.0,29.0,-3.0,6.0
89.0,27.0,-3.0,8.0
93.0,28.0,-3.0,7.0
96.0,28.0,-4.0,5.0
99.0,28.0,-2.0,6.0
100.0,32.0,-4.0,8.0
100.0,34.0,-4.0,7.0
100.0,37.0,-7.0,9.0
99.0,38.0,-5.0,12.0
98.0,39.0,-7.0,12.0
98.0,45.0,-7.0,11.0
99.0,44.0,-12.0,9.0
99.0,42.0,-15.0,4.0
103.0,39.0,-17.0,2.0
112.0,33.0,-13.0,0.0
127.0,28.0,-11.0,1.0
145.0,24.0,-8.0,0.0
162.0,22.0,-8.0,3.0
172.0,25.0,-9.0,3.0
173.0,26.0,-10.0,5.0
167.0,31.0,-10.0,6.0
155.0,31.0,-10.0,7.0
140.0,31.0,-10.0,8.0
125.0,26.0,-8.0,8.0
109.0,22.0,-7.0,6.0
96.0,23.0,-5.0,7.0
86.0,23.0,-4.0,6.0
81.0,22.0,-3.0,6.0
79.0,24.0,-5.0,7.0
80.0,26.0,-7.0,8.0
83.0,27.0,-6.0,9.0
87.0,25.0,-8.0,9.0
93.0,25.0,-9.0,9.0
98.0,25.0,-7.0,9.0
102.0,26.0,-8.0,10.0
105.0,29.0,-6.0,10.0
107.0,32.0,-6.0,9.0
107.0,33.0,-7.0,11.0
106.0,35.0,-10.0,10.0
104.0,39.0,-11.0,12.0
103.0,43.0,-12.0,13.0
103.0,44.0,-14.0,12.0
112.0,41.0,-12.0,7.0
124.0,39.0,-10.0,1.0
138.0,33.0,-6.0,2.0
153.0,31.0,-5.0,2.0
165.0,26.0,-2.0,-1.0
171.0,26.0,2.0,-3.0
169.0,27.0,4.0,-1.0
159.0,28.0,1.0,0.0
145.0,30.0,-1.0,1.0
129.0,31.0,-6.0,3.0
113.0,31.0,-8.0,6.0
99.0,31.0,-10.0,9.0
90.0,28.0,-9.0,8.0
85.0,24.0,-5.0,7.0
84.0,22.0,-3.0,7.0
86.0,23.0,-3.0,5.0
90.0,22.0,-2.0,6.0
94.0,24.0,-2.0,6.0
98.0,26.0,-1.0,5.0
100.0,27.0,-3.0,5.0
101.0,28.0,-2.0,7.0
101.0,28.0,-4.0,9.0
101.0,28.0,-3.0,8.0
100.0,28.0,-4.0,8.0
99.0,28.0,-3.0,8.0
97.0,30.0,-2.0,8.0
96.0,33.0,-5.0,8.0
94.0,37.0,-5.0,7.0
95.0,37.0,-6.0,13.0
102.0,41.0,-6.0,13.0
116.0,44.0,-10.0,12.0
136.0,45.0,-15.0,8.0
157.0,41.0,-18.0,2.0
173.0,38.0,-16.0,2.0
182.0,32.0,-13.0,1.0
182.0,27.0,-11.0,0.0
174.0,24.0,-6.0,0.0
161.0,24.0,-6.0,2.0
144.0,24.0,-6.0,2.0
125.0,29.0,-8.0,2.0
107.0,32.0,-9.0,6.0
91.0,30.0,-12.0,7.0
81.0,29.0,-11.0,7.0
76.0,26.0,-9.0,7.0
75.0,22.0,-6.0,5.0
78.0,21.0,-3.0,6.0
82.0,23.0,-4.0,6.0
87.0,23.0,-4.0,6.0
91.0,26.0,-7.0,7.0
95.0,26.0,-9.0,8.0
93.0,28.0,-10.0,9.0
93.0,26.0,-11.0,10.0
99.0,25.0,-11.0,10.0
105.0,26.0,-10.0,10.0
108.0,27.0,-7.0,9.0
109.0,28.0,-7.0,7.0
108.0,33.0,-7.0,7.0
106.0,33.0,-9.0,7.0
106.0,36.0,-12.0,10.0
113.0,41.0,-15.0,12.0
127.0,45.0,-15.0,11.0
148.0,43.0,-14.0,6.0
169.0,41.0,-13.0,1.0
185.0,36.0,-9.0,-1.0
190.0,33.0,-8.0,0.0
186.0,27.0,-3.0,0.0
173.0,27.0,-1.0,-2.0
154.0,26.0,3.0,-2.0
133.0,29.0,1.0,-3.0
111.0,30.0,0.0,-2.0
91.0,31.0,-7.0,1.0
77.0,32.0,-10.0,5.0
71.0,29.0,-9.0,6.0
70.0,26.0,-10.0,8.0
76.0,25.0,-8.0,6.0
84.0,24.0,-8.0,7.0
94.0,23.0,-5.0,4.0
102.0,22.0,-4.0,4.0
108.0,25.0,-5.0,5.0
111.0,25.0,-3.0,5.0
112.0,28.0,-4.0,5.0
110.0,28.0,-5.0,7.0
107.0,27.0,-4.0,7.0
103.0,28.0,-5.0,8.0
100.0,28.0,-6.0,6.0
97.0,28.0,-4.0,7.0
94.0,32.0,-5.0,8.0
93.0,34.0,-5.0,8.0
97.0,35.0,-6.0,7.0
109.0,38.0,-6.0,12.0
130.0,43.0,-8.0,10.0
156.0,46.0,-12.0,12.0
178.0,44.0,-17.0,7.0
192.0,39.0,-19.0,2.0
196.0,35.0,-14.0,1.0
189.0,31.0,-12.0,2.0
176.0,25.0,-10.0,3.0
159.0,24.0,-9.0,4.0
141.0,23.0,-9.0,4.0
123.0,24.0,-9.0,4.0
111.0,26.0,-8.0,5.0
101.0,28.0,-8.0,5.0
89.0,29.0,-8.0,9.0
82.0,25.0,-7.0,8.0
81.0,23.0,-6.0,7.0
83.0,24.0,-6.0,6.0
89.0,23.0,-5.0,5.0
94.0,23.0,-4.0,6.0
98.0,24.0,-6.0,6.0
99.0,26.0,-6.0,9.0
100.0,25.0,-6.0,8.0
100.0,26.0,-9.0,11.0
100.0,26.0,-9.0,9.0
101.0,24.0,-9.0,9.0
101.0,25.0,-7.0,8.0
102.0,27.0,-6.0,10.0
104.0,28.0,-7.0,9.0
111.0,31.0,-7.0,11.0
126.0,34.0,-8.0,10.0
147.0,37.0,-11.0,12.0
171.0,43.0,-14.0,13.0
191.0,48.0,-14.0,11.0
203.0,45.0,-13.0,6.0
205.0,42.0,-10.0,4.0
197.0,39.0,-10.0,2.0
181.0,33.0,-6.0,2.0
161.0,28.0,-4.0,1.0
140.0,23.0,-2.0,-1.0
119.0,25.0,0.0,-3.0
101.0,26.0,3.0,-1.0
87.0,27.0,2.0,0.0
78.0,28.0,-1.0,2.0
75.0,30.0,-6.0,3.0
77.0,31.0,-9.0,6.0
83.0,30.0,-9.0,7.0
92.0,29.0,-10.0,9.0
101.0,24.0,-7.0,8.0
110.0,23.0,-4.0,8.0
116.0,23.0,-1.0,6.0
119.0,22.0,-1.0,4.0
119.0,23.0,-2.0,4.0
116.0,25.0,-2.0,6.0
112.0,27.0,-1.0,6.0
106.0,28.0,-3.0,8.0
101.0,30.0,-2.0,9.0
99.0,27.0,-5.0,7.0
104.0,29.0,-5.0,6.0
120.0,31.0,-3.0,7.0
146.0,33.0,-3.0,8.0
176.0,34.0,-4.0,7.0
195.0,38.0,-4.0,8.0
205.0,38.0,-4.0,11.0
207.0,42.0,-7.0,10.0
200.0,44.0,-13.0,10.0
183.0,45.0,-18.0,5.0
161.0,40.0,-17.0,2.0
140.0,36.0,-14.0,2.0
121.0,27.0,-12.0,2.0
106.0,23.0,-9.0,1.0
98.0,24.0,-6.0,3.0
94.0,25.0,-6.0,2.0
93.0,28.0,-7.0,4.0
94.0,29.0,-9.0,5.0
95.0,32.0,-9.0,7.0
98.0,30.0,-8.0,6.0
100.0,25.0,-6.0,7.0
102.0,24.0,-4.0,4.0
103.0,22.0,-4.0,6.0
102.0,22.0,-2.0,3.0
100.0,23.0,-5.0,4.0
97.0,24.0,-5.0,7.0
94.0,26.0,-6.0,7.0
91.0,27.0,-8.0,9.0
90.0,26.0,-9.0,8.0
91.0,27.0,-8.0,9.0
96.0,27.0,-9.0,7.0
107.0,26.0,-7.0,8.0
129.0,28.0,-6.0,8.0
160.0,29.0,-5.0,10.0
191.0,34.0,-7.0,9.0
214.0,36.0,-10.0,8.0
224.0,41.0,-14.0,11.0
221.0,46.0,-14.0,12.0
206.0,43.0,-15.0,11.0
184.0,42.0,-11.0,6.0
159.0,40.0,-9.0,0.0
135.0,34.0,-5.0,1.0
114.0,29.0,-3.0,-1.0
95.0,27.0,-2.0,-1.0
82.0,26.0,1.0,-3.0
75.0,27.0,4.0,-1.0
72.0,28.0,2.0,-1.0
73.0,31.0,-4.0,1.0
77.0,32.0,-7.0,3.0
84.0,31.0,-8.0,7.0
92.0,28.0,-10.0,8.0
101.0,26.0,-7.0,5.0
108.0,24.0,-5.0,7.0
113.0,24.0,-3.0,6.0
116.0,23.0,-3.0,4.0
119.0,24.0,-3.0,4.0
120.0,24.0,-3.0,6.0
112.0,26.0,-2.0,5.0
103.0,29.0,-3.0,6.0
94.0,28.0,-3.0,6.0
89.0,30.0,-2.0,8.0
91.0,29.0,-5.0,7.0
105.0,28.0,-3.0,7.0
131.0,31.0,-3.0,8.0
163.0,31.0,-3.0,7.0
191.0,33.0,-6.0,7.0
208.0,38.0,-6.0,9.0
211.0,40.0,-8.0,12.0
202.0,44.0,-7.0,8.0
182.0,45.0,-13.0,7.0
158.0,43.0,-15.0,3.0
133.0,40.0,-17.0,2.0
111.0,35.0,-13.0,0.0
94.0,29.0,-10.0,0.0
84.0,24.0,-8.0,2.0
81.0,24.0,-9.0,2.0
82.0,25.0,-10.0,3.0
86.0,27.0,-10.0,3.0
91.0,30.0,-12.0,4.0
96.0,28.0,-9.0,6.0
101.0,28.0,-8.0,8.0
104.0,25.0,-7.0,6.0
106.0,24.0,-5.0,6.0
106.0,22.0,-2.0,3.0
104.0,22.0,-4.0,3.0
100.0,23.0,-4.0,4.0
94.0,26.0,-4.0,7.0
88.0,27.0,-7.0,6.0
84.0,27.0,-7.0,9.0
83.0,26.0,-8.0,10.0
85.0,27.0,-10.0,9.0
96.0,26.0,-10.0,9.0
118.0,25.0,-7.0,8.0
150.0,29.0,-6.0,9.0
184.0,31.0,-5.0,8.0
210.0,35.0,-9.0,9.0
223.0,36.0,-10.0,9.0
221.0,41.0,-12.0,11.0
207.0,45.0,-15.0,14.0
184.0,45.0,-15.0,9.0
158.0,40.0,-11.0,2.0
134.0,36.0,-8.0,1.0
112.0,32.0,-7.0,0.0
95.0,29.0,-4.0,0.0
83.0,26.0,-1.0,-1.0
72.0,26.0,2.0,-3.0
67.0,27.0,1.0,0.0
72.0,28.0,1.0,1.0
78.0,31.0,-4.0,3.0
85.0,31.0,-7.0,5.0
91.0,32.0,-8.0,5.0
97.0,29.0,-11.0,6.0
104.0,28.0,-9.0,7.0
109.0,26.0,-6.0,6.0
113.0,23.0,-5.0,5.0
116.0,24.0,-3.0,6.0
116.0,23.0,-1.0,5.0
113.0,24.0,-1.0,4.0
109.0,25.0,-1.0,5.0
104.0,28.0,-1.0,5.0
103.0,28.0,-2.0,9.0
112.0,28.0,-4.0,7.0
135.0,26.0,-4.0,7.0
166.0,27.0,-4.0,7.0
195.0,31.0,-6.0,7.0
212.0,33.0,-5.0,6.0
215.0,35.0,-6.0,6.0
205.0,37.0,-5.0,9.0
184.0,38.0,-4.0,14.0
158.0,42.0,-7.0,9.0
131.0,44.0,-11.0,10.0
107.0,43.0,-19.0,5.0
89.0,41.0,-20.0,2.0
79.0,34.0,-14.0,0.0
77.0,28.0,-12.0,2.0
83.0,24.0,-7.0,2.0
93.0,21.0,-6.0,1.0
103.0,25.0,-7.0,2.0
110.0,30.0,-7.0,2.0
113.0,33.0,-11.0,4.0
111.0,35.0,-11.0,6.0
108.0,31.0,-13.0,5.0
104.0,28.0,-10.0,7.0
101.0,23.0,-6.0,7.0
98.0,22.0,-4.0,6.0
95.0,20.0,-3.0,4.0
92.0,21.0,-4.0,6.0
88.0,23.0,-5.0,5.0
84.0,26.0,-6.0,5.0
81.0,28.0,-6.0,5.0
83.0,28.0,-8.0,6.0
95.0,27.0,-8.0,8.0
122.0,25.0,-10.0,9.0
160.0,26.0,-8.0,8.0
198.0,26.0,-8.0,8.0
230.0,30.0,-7.0,9.0
230.0,32.0,-8.0,9.0
231.0,37.0,-10.0,7.0
218.0,41.0,-11.0,11.0
185.0,45.0,-14.0,11.0
148.0,43.0,-13.0,11.0
116.0,40.0,-14.0,7.0
93.0,37.0,-11.0,3.0
80.0,34.0,-8.0,-1.0
76.0,32.0,-3.0,-1.0
78.0,29.0,-2.0,-1.0
82.0,28.0,0.0,-4.0
86.0,29.0,1.0,-1.0
90.0,31.0,0.0,0.0
91.0,31.0,-4.0,-1.0
92.0,32.0,-8.0,1.0
94.0,29.0,-9.0,5.0
97.0,27.0,-10.0,6.0
100.0,25.0,-6.0,6.0
105.0,24.0,-5.0,5.0
108.0,21.0,-4.0,6.0
110.0,23.0,-3.0,6.0
110.0,23.0,-4.0,4.0
107.0,26.0,-4.0,4.0
103.0,28.0,-2.0,5.0
97.0,28.0,-4.0,4.0
97.0,28.0,-4.0,7.0
108.0,27.0,-4.0,6.0
132.0,28.0,-3.0,5.0
164.0,29.0,-4.0,6.0
193.0,30.0,-4.0,6.0
209.0,34.0,-6.0,7.0
210.0,37.0,-8.0,7.0
198.0,39.0,-9.0,9.0
176.0,39.0,-10.0,11.0
149.0,42.0,-11.0,9.0
124.0,43.0,-15.0,7.0
102.0,40.0,-19.0,3.0
86.0,37.0,-19.0,0.0
80.0,34.0,-15.0,1.0
81.0,27.0,-14.0,1.0
87.0,25.0,-10.0,0.0
97.0,25.0,-10.0,1.0
105.0,25.0,-10.0,3.0
111.0,25.0,-10.0,2.0
113.0,27.0,-12.0,6.0
112.0,27.0,-10.0,5.0
110.0,26.0,-9.0,5.0
106.0,23.0,-7.0,5.0
101.0,22.0,-7.0,4.0
92.0,22.0,-6.0,4.0
83.0,24.0,-6.0,6.0
81.0,24.0,-5.0,5.0
80.0,25.0,-6.0,6.0
79.0,26.0,-8.0,6.0
