30.0,-4.0,-5.0,0.989539461302
31.0,-3.0,-6.0,1.02314525982
31.0,-3.0,-8.0,1.03728614134
29.0,-2.0,-6.0,0.957472392236
27.0,-1.0,-6.0,0.892796935684
27.0,-2.0,-5.0,0.88812257406
27.0,-6.0,-3.0,0.897446951177
28.0,-6.0,-5.0,0.937705926048
25.0,-6.0,-4.0,0.839329795565
26.0,-8.0,-7.0,0.906101413238
27.0,-9.0,-7.0,0.945441992887
39.0,-10.0,-6.0,1.31310531852
41.0,-8.0,-3.0,1.35099300589
29.0,-5.0,-2.0,0.951476206694
31.0,-6.0,-6.0,1.03678443097
30.0,-4.0,-5.0,0.989539461302
32.0,-2.0,-5.0,1.04677295094
30.0,-2.0,-4.0,0.978435541168
31.0,-1.0,-4.0,1.00880617878
30.0,-2.0,-5.0,0.983209719621
33.0,-5.0,-2.0,1.07859699983
33.0,-5.0,-4.0,1.08437008477
30.0,-6.0,-4.0,0.995306362616
31.0,-5.0,-9.0,1.05370857878
30.0,-4.0,-4.0,0.984795969192
31.0,-4.0,-7.0,1.03326563729
30.0,-5.0,-6.0,1.0
30.0,-5.0,-4.0,0.989539461302
31.0,-5.0,-6.0,1.0312495073
30.0,-6.0,-3.0,0.991640396706
31.0,-4.0,-2.0,1.0103522428
30.0,-5.0,-4.0,0.989539461302
30.0,-5.0,-4.0,0.989539461302
31.0,-5.0,-6.0,1.0312495073
31.0,-4.0,-5.0,1.02110914783
30.0,-5.0,-5.0,0.99426032306
31.0,-6.0,-7.0,1.04328784702
31.0,-6.0,-7.0,1.04328784702
31.0,-6.0,-5.0,1.0312495073
31.0,-4.0,-3.0,1.01292377214
31.0,-5.0,-3.0,1.0175361481
31.0,-5.0,-4.0,1.02110914783
31.0,-5.0,-4.0,1.02110914783
31.0,-3.0,-6.0,1.02314525982
31.0,-4.0,-6.0,1.02669873954
30.0,-5.0,-6.0,1.0
31.0,-4.0,-4.0,1.0165129843
31.0,-5.0,-4.0,1.02110914783
31.0,-6.0,-5.0,1.0312495073
31.0,-5.0,-6.0,1.0312495073
31.0,-3.0,-5.0,1.0175361481
30.0,-3.0,-5.0,0.985852050964
30.0,-3.0,-5.0,0.985852050964
31.0,-6.0,-5.0,1.0312495073
31.0,-6.0,-5.0,1.0312495073
31.0,-5.0,-5.0,1.02568471584
30.0,-3.0,-5.0,0.985852050964
30.0,-3.0,-5.0,0.985852050964
31.0,-5.0,-4.0,1.02110914783
31.0,-4.0,-6.0,1.02669873954
31.0,-4.0,-6.0,1.02669873954
30.0,-4.0,-6.0,0.995306362616
31.0,-5.0,-6.0,1.0312495073
30.0,-5.0,-4.0,0.989539461302
31.0,-5.0,-4.0,1.02110914783
29.0,-5.0,-6.0,0.968816607592
31.0,-5.0,-6.0,1.0312495073
30.0,-5.0,-4.0,0.989539461302
31.0,-4.0,-4.0,1.0165129843
31.0,-4.0,-5.0,1.02110914783
31.0,-4.0,-3.0,1.01292377214
31.0,-4.0,-5.0,1.02110914783
31.0,-4.0,-4.0,1.0165129843
31.0,-4.0,-6.0,1.02669873954
31.0,-4.0,-6.0,1.02669873954
31.0,-4.0,-4.0,1.0165129843
30.0,-3.0,-6.0,0.991640396706
31.0,-5.0,-6.0,1.0312495073
30.0,-4.0,-4.0,0.984795969192
31.0,-4.0,-5.0,1.02110914783
31.0,-6.0,-4.0,1.02669873954
30.0,-5.0,-4.0,0.989539461302
30.0,-3.0,-4.0,0.981090730693
31.0,-5.0,-4.0,1.02110914783
30.0,-5.0,-4.0,0.989539461302
31.0,-5.0,-6.0,1.0312495073
30.0,-4.0,-4.0,0.984795969192
31.0,-4.0,-4.0,1.0165129843
30.0,-5.0,-4.0,0.989539461302
30.0,-5.0,-4.0,0.989539461302
30.0,-5.0,-6.0,1.0
30.0,-5.0,-4.0,0.989539461302
31.0,-4.0,-5.0,1.02110914783
31.0,-4.0,-4.0,1.0165129843
31.0,-4.0,-4.0,1.0165129843
31.0,-5.0,-6.0,1.0312495073
30.0,-5.0,-3.0,0.985852050964
30.0,-4.0,-4.0,0.984795969192
31.0,-4.0,-4.0,1.0165129843
31.0,-6.0,-4.0,1.02669873954
30.0,-5.0,-6.0,1.0
31.0,-5.0,-4.0,1.02110914783
30.0,-5.0,-4.0,0.989539461302
31.0,-4.0,-3.0,1.01292377214
31.0,-5.0,-5.0,1.02568471584
30.0,-5.0,-5.0,0.99426032306
30.0,-3.0,-3.0,0.977371445648
30.0,-4.0,-6.0,0.995306362616
30.0,-4.0,-6.0,0.995306362616
31.0,-5.0,-4.0,1.02110914783
31.0,-5.0,-6.0,1.0312495073
30.0,-5.0,-4.0,0.989539461302
31.0,-5.0,-4.0,1.02110914783
31.0,-4.0,-5.0,1.02110914783
31.0,-4.0,-3.0,1.01292377214
31.0,-4.0,-5.0,1.02110914783
31.0,-5.0,-5.0,1.02568471584
31.0,-5.0,-4.0,1.02110914783
30.0,-4.0,-6.0,0.995306362616
30.0,-4.0,-4.0,0.984795969192
30.0,-4.0,-6.0,0.995306362616
30.0,-5.0,-4.0,0.989539461302
30.0,-5.0,-3.0,0.985852050964
31.0,-5.0,-3.0,1.0175361481
31.0,-4.0,-5.0,1.02110914783
31.0,-5.0,-4.0,1.02110914783
31.0,-4.0,-5.0,1.02110914783
31.0,-5.0,-4.0,1.02110914783
30.0,-4.0,-4.0,0.984795969192
31.0,-4.0,-4.0,1.0165129843
30.0,-4.0,-5.0,0.989539461302
30.0,-4.0,-5.0,0.989539461302
30.0,-5.0,-5.0,0.99426032306
30.0,-5.0,-5.0,0.99426032306
30.0,-4.0,-4.0,0.984795969192
31.0,-4.0,-4.0,1.0165129843
30.0,-5.0,-5.0,0.99426032306
30.0,-4.0,-4.0,0.984795969192
31.0,-5.0,-4.0,1.02110914783
31.0,-5.0,-4.0,1.02110914783
30.0,-5.0,-5.0,0.99426032306
31.0,-5.0,-4.0,1.02110914783
31.0,-5.0,-5.0,1.02568471584
30.0,-5.0,-4.0,0.989539461302
30.0,-5.0,-4.0,0.989539461302
30.0,-4.0,-4.0,0.984795969192
31.0,-5.0,-4.0,1.02110914783
30.0,-5.0,-5.0,0.99426032306
30.0,-3.0,-4.0,0.981090730693
30.0,-4.0,-5.0,0.989539461302
31.0,-4.0,-5.0,1.02110914783
30.0,-5.0,-4.0,0.989539461302
31.0,-5.0,-4.0,1.02110914783
31.0,-5.0,-4.0,1.02110914783
30.0,-4.0,-4.0,0.984795969192
31.0,-4.0,-4.0,1.0165129843
31.0,-4.0,-4.0,1.0165129843
31.0,-4.0,-4.0,1.0165129843
31.0,-4.0,-5.0,1.02110914783
30.0,-5.0,-5.0,0.99426032306
30.0,-5.0,-4.0,0.989539461302
31.0,-4.0,-4.0,1.0165129843
31.0,-4.0,-4.0,1.0165129843
30.0,-4.0,-6.0,0.995306362616
31.0,-4.0,-4.0,1.0165129843
30.0,-4.0,-5.0,0.989539461302
31.0,-5.0,-5.0,1.02568471584
31.0,-5.0,-5.0,1.02568471584
30.0,-5.0,-5.0,0.99426032306
31.0,-5.0,-4.0,1.02110914783
31.0,-5.0,-4.0,1.02110914783
31.0,-5.0,-4.0,1.02110914783
31.0,-5.0,-4.0,1.02110914783
31.0,-5.0,-4.0,1.02110914783
31.0,-5.0,-4.0,1.02110914783
31.0,-5.0,-4.0,1.02110914783
30.0,-5.0,-5.0,0.99426032306
31.0,-5.0,-4.0,1.02110914783
31.0,-5.0,-4.0,1.02110914783
30.0,-5.0,-4.0,0.989539461302
31.0,-5.0,-4.0,1.02110914783
31.0,-4.0,-4.0,1.0165129843
30.0,-4.0,-4.0,0.984795969192
31.0,-5.0,-4.0,1.02110914783
30.0,-5.0,-4.0,0.989539461302
30.0,-5.0,-4.0,0.989539461302
31.0,-4.0,-4.0,1.0165129843
31.0,-5.0,-5.0,1.02568471584
31.0,-5.0,-4.0,1.02110914783
31.0,-5.0,-4.0,1.02110914783
31.0,-4.0,-4.0,1.0165129843
31.0,-4.0,-4.0,1.0165129843
30.0,-5.0,-6.0,1.0
31.0,-5.0,-4.0,1.02110914783
31.0,-5.0,-4.0,1.02110914783
31.0,-5.0,-4.0,1.02110914783
30.0,-5.0,-5.0,0.99426032306
31.0,-4.0,-5.0,1.02110914783
30.0,-4.0,-5.0,0.989539461302
30.0,-4.0,-4.0,0.984795969192
30.0,-5.0,-4.0,0.989539461302
31.0,-5.0,-4.0,1.02110914783
29.0,-5.0,-4.0,0.958015639027
31.0,-5.0,-4.0,1.02110914783
31.0,-5.0,-4.0,1.02110914783
30.0,-5.0,-5.0,0.99426032306
30.0,-4.0,-5.0,0.989539461302
30.0,-5.0,-4.0,0.989539461302
30.0,-5.0,-4.0,0.989539461302
30.0,-3.0,-4.0,0.981090730693
31.0,-5.0,-6.0,1.0312495073
31.0,-5.0,-6.0,1.0312495073
31.0,-5.0,-4.0,1.02110914783
31.0,-4.0,-5.0,1.02110914783
31.0,-4.0,-3.0,1.01292377214
31.0,-4.0,-3.0,1.01292377214
31.0,-5.0,-3.0,1.0175361481
31.0,-3.0,-4.0,1.01292377214
31.0,-5.0,-4.0,1.02110914783
31.0,-4.0,-6.0,1.02669873954
29.0,-4.0,-6.0,0.963971148225
30.0,-5.0,-4.0,0.989539461302
30.0,-3.0,-4.0,0.981090730693
31.0,-4.0,-6.0,1.02669873954
31.0,-4.0,-6.0,1.02669873954
30.0,-5.0,-4.0,0.989539461302
30.0,-5.0,-4.0,0.989539461302
30.0,-5.0,-4.0,0.989539461302
30.0,-5.0,-6.0,1.0
32.0,-4.0,-6.0,1.05814319141
31.0,-4.0,-6.0,1.02669873954
30.0,-4.0,-6.0,0.995306362616
30.0,-4.0,-6.0,0.995306362616
30.0,-3.0,-9.0,1.01497630468
30.0,-1.0,-11.0,1.0312495073
29.0,-1.0,-11.0,1.00104004188
30.0,-1.0,-10.0,1.02059948513
31.0,-1.0,-10.0,1.05123682173
34.0,-2.0,-9.0,1.13638160992
34.0,-1.0,-9.0,1.13500723134
36.0,2.0,-9.0,1.19876801136
33.0,4.0,-14.0,1.16352830948
30.0,4.0,-12.0,1.05024649007
30.0,2.0,-14.0,1.06987896463
31.0,0.0,-11.0,1.06108930345
30.0,-2.0,-14.0,1.06987896463
31.0,-2.0,-12.0,1.07424682615
28.0,-3.0,-10.0,0.963971148225
25.0,-6.0,-9.0,0.87869925625
27.0,-5.0,-7.0,0.914104988084
27.0,-6.0,-6.0,0.912965916005
28.0,-6.0,-6.0,0.943789602473
28.0,-2.0,-11.0,0.972568608496
28.0,-1.0,-15.0,1.02517732788
30.0,1.0,-13.0,1.05518885379
29.0,0.0,-8.0,0.97042638429
27.0,-1.0,-7.0,0.900341015287
27.0,-1.0,-8.0,0.908967922813
24.0,-2.0,-11.0,0.854077567411
25.0,-1.0,-12.0,0.895124962936
24.0,-3.0,-12.0,0.870967741935
24.0,-1.0,-12.0,0.866175585942
22.0,0.0,-11.0,0.793443475887
21.0,-1.0,-11.0,0.765407130174
23.0,-2.0,-12.0,0.839329795565
24.0,-4.0,-13.0,0.889878337041
26.0,-2.0,-15.0,0.97042638429
34.0,6.0,-20.0,1.28709273182
39.0,9.0,-15.0,1.37882001762
38.0,10.0,-17.0,1.3810822341
38.0,12.0,-19.0,1.42411226159
37.0,10.0,-20.0,1.39457847234
37.0,5.0,-14.0,1.28628400241
36.0,-1.0,-13.0,1.23510901413
32.0,-10.0,-15.0,1.18479791434
28.0,-11.0,-12.0,1.0447828865
25.0,-7.0,-6.0,0.859542748031
25.0,-6.0,-9.0,0.87869925625
25.0,-3.0,-6.0,0.834979297132
30.0,-6.0,-5.0,1.0
33.0,-5.0,-2.0,1.07859699983
32.0,-5.0,-2.0,1.04677295094
32.0,-4.0,0.0,1.04029132236
30.0,-2.0,-1.0,0.97042638429
28.0,-2.0,-3.0,0.910683497645
28.0,-3.0,-3.0,0.913535629581
29.0,-4.0,-1.0,0.944891517153
29.0,-3.0,-1.0,0.941029170698
27.0,-3.0,-2.0,0.87869925625
29.0,-2.0,-4.0,0.946541983943
27.0,-1.0,-6.0,0.892796935684
27.0,-2.0,-5.0,0.88812257406
30.0,-1.0,-6.0,0.987434055807
29.0,-4.0,-26.0,1.26301754519
31.0,-4.0,-20.0,1.1970306655
34.0,1.0,-15.0,1.19920195454
33.0,1.0,-11.0,1.12256210589
30.0,-2.0,-2.0,0.972033495053
28.0,-3.0,-4.0,0.91751371957
29.0,1.0,-5.0,0.949834313828
30.0,3.0,-7.0,0.998437905841
29.0,2.0,-7.0,0.964510734692
32.0,0.0,-7.0,1.05666705511
42.0,-5.0,-7.0,1.38296458776
43.0,-5.0,-5.0,1.40572635932
44.0,-7.0,-5.0,1.4462265659
41.0,-13.0,-9.0,1.41752080921
34.0,-15.0,-14.0,1.28101481624
34.0,-8.0,-7.0,1.14912987939
30.0,-8.0,-5.0,1.01446356087
26.0,-7.0,-4.0,0.878106941214
25.0,-12.0,-13.0,0.987960827814
42.0,-15.0,-7.0,1.45626494713
44.0,-13.0,-17.0,1.57833933196
39.0,-12.0,-26.0,1.56077037463
35.0,-4.0,-25.0,1.39345877848
30.0,-3.0,2.0,0.974706124499
31.0,-5.0,2.0,1.01497630468
28.0,-7.0,-7.0,0.958015639027
27.0,-13.0,-2.0,0.968816607592
27.0,-18.0,-8.0,1.078114514
21.0,-20.0,-10.0,0.989539461302
21.0,-16.0,-10.0,0.910683497645
17.0,-7.0,-6.0,0.623841277607
19.0,-5.0,-7.0,0.672795277891
22.0,2.0,-2.0,0.715518484284
24.0,3.0,1.0,0.780885060446
21.0,2.0,-5.0,0.699338173828
18.0,1.0,-3.0,0.589537641371
20.0,0.0,-1.0,0.645967238532
21.0,1.0,-5.0,0.697102670483
23.0,2.0,-6.0,0.769474867218
29.0,7.0,-8.0,0.996351303966
40.0,19.0,-31.0,1.74372667764
40.0,24.0,-43.0,2.04654476459
34.0,10.0,-29.0,1.47719395379
30.0,4.0,-22.0,1.2069862538
30.0,0.0,-15.0,1.08196837621
29.0,-7.0,-16.0,1.09202005676
32.0,-11.0,-16.0,1.20741724337
40.0,-15.0,-17.0,1.48316953969
45.0,-20.0,-14.0,1.65147428854
52.0,-18.0,-4.0,1.77975667408
41.0,-17.0,1.0,1.43212728261
21.0,-8.0,-2.0,0.727775107915
21.0,-4.0,-3.0,0.696355907901
20.0,0.0,-5.0,0.66501703639
20.0,2.0,-5.0,0.668139199265
25.0,3.0,-2.0,0.814795544536
32.0,-2.0,1.0,1.03477515693
32.0,-3.0,3.0,1.04129112204
29.0,-5.0,3.0,0.954206416629
27.0,-6.0,1.0,0.892796935684
31.0,-4.0,-3.0,1.01292377214
32.0,-2.0,-6.0,1.05222622131
27.0,-1.0,-9.0,0.918647152639
28.0,1.0,-7.0,0.931582521174
31.0,4.0,-5.0,1.02110914783
30.0,4.0,1.0,0.976838963208
25.0,-8.0,-22.0,1.10480927674
31.0,-5.0,-10.0,1.06304884215
28.0,-4.0,-2.0,0.914673992178
30.0,-4.0,-2.0,0.978435541168
33.0,-2.0,-6.0,1.0838901688
33.0,0.0,-5.0,1.07666575924
31.0,-3.0,-3.0,1.00932179659
31.0,-1.0,-6.0,1.01906896767
36.0,-7.0,-21.0,1.36326107156
41.0,-7.0,-29.0,1.63564610762
43.0,0.0,-8.0,1.41089856314
36.0,6.0,-1.0,1.17775072668
31.0,3.0,1.0,1.00518944844
29.0,-5.0,3.0,0.954206416629
27.0,-12.0,-3.0,0.958015639027
30.0,-17.0,-12.0,1.17775072668
33.0,-15.0,0.0,1.1693270297
34.0,-15.0,8.0,1.22623082637
33.0,-9.0,2.0,1.10528010961
37.0,-8.0,2.0,1.22283170458
42.0,-7.0,3.0,1.37693199809
39.0,-5.0,2.0,1.27000127
30.0,-6.0,-14.0,1.08532928008
30.0,-3.0,-13.0,1.05912613931
28.0,-4.0,-14.0,1.01804734439
27.0,-4.0,-6.0,0.901496039515
23.0,-3.0,-2.0,0.750996563021
21.0,-4.0,-2.0,0.692610017858
19.0,-6.0,-2.0,0.645967238532
25.0,-4.0,-1.0,0.817345771569
20.0,-6.0,-3.0,0.680484616443
19.0,-5.0,-5.0,0.653972094604
15.0,-8.0,-2.0,0.552169121569
14.0,-11.0,-1.0,0.575243693552
14.0,-10.0,-5.0,0.577950737651
17.0,-7.0,-6.0,0.623841277607
18.0,-8.0,-4.0,0.64837907233
27.0,-6.0,-5.0,0.906675440165
30.0,-3.0,-8.0,1.00622412648
35.0,4.0,-19.0,1.2911287804
45.0,23.0,-54.0,2.3857886564
50.0,26.0,-39.0,2.21079557299
42.0,27.0,-22.0,1.76006101493
32.0,17.0,-10.0,1.21257716963
33.0,-3.0,6.0,1.08628762842
41.0,-5.0,6.0,1.34636366159
45.0,-22.0,-13.0,1.66933535909
47.0,-26.0,-6.0,1.74342827314
16.0,-3.0,-4.0,0.540743697234
5.0,-11.0,17.0,0.672795277891
25.0,-7.0,-2.0,0.83994945589
30.0,-6.0,-5.0,1.0
40.0,-6.0,-6.0,1.31903537421
34.0,-5.0,-7.0,1.13133405915
25.0,3.0,0.0,0.812237310453
23.0,2.0,1.0,0.745433548922
29.0,1.0,-1.0,0.936595557481
30.0,2.0,-1.0,0.97042638429
30.0,-1.0,-1.0,0.968816607592
29.0,0.0,-1.0,0.936039879261
30.0,0.0,-1.0,0.968279420632
29.0,0.0,-3.0,0.940476112072
28.0,-1.0,-3.0,0.908967922813
29.0,-1.0,-5.0,0.949834313828
29.0,-2.0,-7.0,0.964510734692
29.0,-1.0,-8.0,0.970962383438
31.0,-6.0,-10.0,1.06841904269
31.0,-5.0,-9.0,1.05370857878
29.0,-7.0,-5.0,0.975773126597
29.0,-8.0,-6.0,0.989539461302
33.0,-9.0,-7.0,1.1262638871
33.0,-7.0,-14.0,1.17819241082
34.0,-5.0,-18.0,1.25142998331
36.0,-3.0,-13.0,1.23847444003
36.0,0.0,-14.0,1.24601341392
37.0,1.0,-15.0,1.28830487405
37.0,3.0,-10.0,1.24015372818
40.0,4.0,-11.0,1.3444300635
37.0,3.0,-11.0,1.24893294726
29.0,-13.0,-10.0,1.07473104832
29.0,-16.0,-4.0,1.07618240759
32.0,-19.0,-1.0,1.20093615929
38.0,-12.0,2.0,1.28709273182
32.0,-5.0,-9.0,1.08437008477
31.0,-5.0,-9.0,1.05370857878
32.0,-1.0,-15.0,1.14049480837
28.0,0.0,-15.0,1.02466968866
29.0,-1.0,-6.0,0.955840799357
25.0,-2.0,-2.0,0.811596491962
21.0,-3.0,-2.0,0.687331475892
22.0,-5.0,-3.0,0.734181075919
21.0,-5.0,-6.0,0.722753435562
18.0,-7.0,-6.0,0.652378981166
20.0,-7.0,-3.0,0.690352727711
20.0,0.0,-5.0,0.66501703639
19.0,0.0,-7.0,0.653176023591
17.0,-6.0,0.0,0.581540528301
17.0,-7.0,0.0,0.59305730035
16.0,-6.0,-4.0,0.56612673467
15.0,-7.0,-3.0,0.542664640041
18.0,-5.0,-3.0,0.610351223498
20.0,-4.0,-1.0,0.658728317957
30.0,-2.0,-9.0,1.0124099888
40.0,5.0,-19.0,1.43756644872
43.0,20.0,-57.0,2.39188708541
49.0,26.0,-66.0,2.7811241261
48.0,24.0,-45.0,2.25921629612
46.0,23.0,-36.0,2.02507691816
43.0,15.0,-21.0,1.61773469911
36.0,1.0,-9.0,1.19746523828
38.0,-21.0,-1.0,1.40090650004
32.0,-22.0,-1.0,1.25309190965
27.0,-20.0,-1.0,1.08437008477
25.0,-19.0,-3.0,1.0175361481
28.0,-16.0,-4.0,1.04826301995
33.0,-13.0,-3.0,1.14822398262
34.0,-13.0,-5.0,1.18523697231
26.0,-1.0,-5.0,0.854686535451
26.0,-2.0,4.0,0.851026190856
25.0,-2.0,0.0,0.809028142193
30.0,0.0,-6.0,0.986907002631
33.0,1.0,-8.0,1.09582501622
33.0,4.0,-5.0,1.08437008477
34.0,3.0,3.0,1.10528010961
26.0,0.0,0.0,0.838709677419
27.0,-1.0,1.0,0.872161666748
31.0,-2.0,1.0,1.0025980818
29.0,-5.0,-1.0,0.949834313828
30.0,-5.0,-2.0,0.983209719621
31.0,-4.0,-3.0,1.01292377214
31.0,-4.0,-5.0,1.02110914783
30.0,-3.0,-7.0,0.998437905841
29.0,-1.0,-9.0,0.980029518127
25.0,-5.0,-21.0,1.06549319774
29.0,-5.0,-20.0,1.14777076611
31.0,-2.0,-13.0,1.08628762842
31.0,2.0,-9.0,1.04328784702
27.0,-1.0,-2.0,0.873949495751
28.0,-3.0,-2.0,0.910683497645
29.0,-4.0,-1.0,0.944891517153
29.0,-4.0,-2.0,0.946541983943
28.0,-3.0,-2.0,0.910683497645
29.0,-1.0,-3.0,0.941029170698
30.0,-3.0,-4.0,0.981090730693
36.0,-1.0,-4.0,1.16888199561
34.0,-1.0,-6.0,1.11418813156
36.0,-1.0,-8.0,1.19005591908
37.0,-4.0,-19.0,1.34790854295
42.0,-7.0,-26.0,1.60935092687
43.0,-2.0,-15.0,1.47048662194
42.0,2.0,-10.0,1.39420534097
38.0,3.0,-5.0,1.24015372818
35.0,2.0,-3.0,1.13500723134
32.0,-1.0,0.0,1.03276197378
27.0,-6.0,6.0,0.912965916005
27.0,-12.0,2.0,0.955296315804
28.0,-17.0,-9.0,1.09582501622
27.0,-16.0,-15.0,1.12209852458
33.0,-16.0,-10.0,1.22623082637
36.0,-15.0,4.0,1.26466424412
38.0,-10.0,4.0,1.27409146181
40.0,-8.0,4.0,1.32218719561
39.0,-7.0,-2.0,1.27979576935
34.0,-8.0,-4.0,1.13409005363
31.0,-4.0,-9.0,1.0492552237
31.0,-2.0,-11.0,1.06304884215
29.0,-1.0,-8.0,0.970962383438
26.0,0.0,-15.0,0.968279420632
25.0,-4.0,-11.0,0.890462822054
24.0,-7.0,0.0,0.806451612903
23.0,-6.0,0.0,0.766765440258
22.0,-5.0,-1.0,0.728489663912
20.0,-6.0,-8.0,0.721312250806
21.0,-7.0,-6.0,0.739828705883
25.0,-2.0,-7.0,0.83994945589
24.0,-1.0,-7.0,0.807096516335
24.0,-3.0,-6.0,0.803866825444
24.0,-1.0,-7.0,0.807096516335
18.0,-9.0,-2.0,0.652378981166
16.0,-8.0,-7.0,0.619657184268
15.0,-8.0,-8.0,0.606074007357
18.0,-3.0,-6.0,0.619657184268
21.0,-5.0,-6.0,0.722753435562
25.0,-5.0,-7.0,0.852858326865
31.0,-1.0,-11.0,1.06157952722
32.0,3.0,-16.0,1.15814987555
37.0,14.0,-33.0,1.66183830612
39.0,18.0,-42.0,1.9379017156
47.0,22.0,-24.0,1.84436030438
41.0,20.0,-17.0,1.57040792834
34.0,13.0,-15.0,1.27000127
30.0,5.0,-14.0,1.08004316405
30.0,4.0,-8.0,1.00983715113
30.0,-2.0,-4.0,0.978435541168
34.0,-8.0,-3.0,1.13087407374
42.0,-13.0,-10.0,1.45447746033
46.0,-20.0,-12.0,1.66371573655
44.0,-29.0,-3.0,1.70266364134
43.0,-25.0,-3.0,1.60741000043
43.0,-23.0,-23.0,1.73924523441
25.0,-1.0,-22.0,1.07473104832
13.0,-2.0,12.0,0.574338510154
13.0,-5.0,9.0,0.534939482315
31.0,1.0,-9.0,1.04179066206
33.0,2.0,-16.0,1.18479791434
36.0,7.0,-14.0,1.2663088017
36.0,9.0,-10.0,1.23973411939
32.0,6.0,-1.0,1.05074177257
30.0,3.0,3.0,0.977371445648
25.0,3.0,4.0,0.822422502192
26.0,2.0,6.0,0.863166978081
26.0,1.0,6.0,0.861356769214
28.0,-3.0,4.0,0.91751371957
29.0,-3.0,3.0,0.945441992887
28.0,-4.0,1.0,0.912965916005
29.0,-2.0,0.0,0.937705926048
29.0,-3.0,-2.0,0.942686399755
30.0,-2.0,-7.0,0.995828970351
31.0,-1.0,-7.0,1.02568471584
30.0,-2.0,-10.0,1.02212771082
30.0,-1.0,-10.0,1.02059948513
30.0,-2.0,-12.0,1.04428477782
29.0,-4.0,-13.0,1.03326563729
29.0,-4.0,-13.0,1.03326563729
28.0,-6.0,-16.0,1.05814319141
28.0,-5.0,-10.0,0.972568608496
30.0,-4.0,-6.0,0.995306362616
28.0,-4.0,-1.0,0.912965916005
29.0,-6.0,-6.0,0.974706124499
30.0,-4.0,-5.0,0.989539461302
30.0,0.0,-6.0,0.986907002631
28.0,-2.0,-6.0,0.925980651252
29.0,-2.0,-5.0,0.951476206694
29.0,-4.0,-4.0,0.953115271142
32.0,-3.0,-6.0,1.05469565963
33.0,-1.0,-7.0,1.08867980843
35.0,-3.0,-7.0,1.15545127023
35.0,-1.0,-6.0,1.14595610763
32.0,-2.0,-14.0,1.12857133449
34.0,-4.0,-14.0,1.19311238767
37.0,-3.0,-11.0,1.24893294726
42.0,-2.0,-7.0,1.37504138619
36.0,0.0,-3.0,1.1653156044
34.0,-3.0,-3.0,1.10528010961
32.0,-3.0,-2.0,1.03878981859
32.0,-6.0,-3.0,1.05469565963
35.0,-14.0,-6.0,1.2313119151
36.0,-15.0,-1.0,1.25847801311
37.0,-8.0,2.0,1.22283170458
35.0,-7.0,-2.0,1.1531976085
34.0,-4.0,-5.0,1.11605444465
31.0,-5.0,-6.0,1.0312495073
29.0,-5.0,-7.0,0.975773126597
29.0,-5.0,-4.0,0.958015639027
31.0,-4.0,-5.0,1.02110914783
29.0,-6.0,-4.0,0.963971148225
30.0,-6.0,-3.0,0.991640396706
28.0,-5.0,-3.0,0.922603202973
25.0,-4.0,-5.0,0.832483090359
24.0,-4.0,-7.0,0.816708961366
24.0,-5.0,-11.0,0.866776054358
25.0,-4.0,-9.0,0.866776054358
27.0,-4.0,-6.0,0.901496039515
26.0,-4.0,-7.0,0.878106941214
24.0,-6.0,-6.0,0.821156262023
22.0,-6.0,-10.0,0.803219328902
23.0,-5.0,-9.0,0.812877623765
22.0,-6.0,-5.0,0.753072098705
24.0,-3.0,-3.0,0.786197264965
22.0,-1.0,-3.0,0.71697131519
23.0,0.0,-7.0,0.775536469688
26.0,0.0,-8.0,0.87751422637
27.0,0.0,-7.0,0.89976294716
28.0,1.0,-8.0,0.939922728022
28.0,1.0,-14.0,1.0103522428
29.0,6.0,-16.0,1.08580855998
36.0,11.0,-26.0,1.47578441725
36.0,8.0,-21.0,1.36897388219
31.0,0.0,-19.0,1.1728812234
29.0,-1.0,-19.0,1.11884807716
29.0,-1.0,-18.0,1.10150781155
34.0,-4.0,-13.0,1.18127957572
40.0,-7.0,-10.0,1.34906604299
44.0,-9.0,-9.0,1.47754612782
41.0,-15.0,-1.0,1.40868422974
33.0,-11.0,-17.0,1.24893294726
33.0,-6.0,-22.0,1.29394652388
26.0,-3.0,-14.0,0.957472392236
18.0,-3.0,-4.0,0.60263037717
22.0,-4.0,0.0,0.721312250806
26.0,-2.0,2.0,0.84365786004
31.0,4.0,-6.0,1.02669873954
32.0,4.0,-4.0,1.04826301995
30.0,2.0,5.0,0.983209719621
28.0,-1.0,5.0,0.918080611017
27.0,-4.0,3.0,0.88577614308
30.0,-2.0,3.0,0.974706124499
31.0,-2.0,0.0,1.00207900432
31.0,-2.0,-2.0,1.00415370428
30.0,-3.0,-2.0,0.974706124499
30.0,-3.0,-5.0,0.985852050964
30.0,-4.0,-6.0,0.995306362616
29.0,-5.0,-7.0,0.975773126597
31.0,-6.0,-6.0,1.03678443097
31.0,-5.0,-7.0,1.03778760917
33.0,-5.0,-7.0,1.10008986484
29.0,-4.0,-13.0,1.03326563729
28.0,-1.0,-26.0,1.2330009583
33.0,-1.0,-12.0,1.13317213356
30.0,-5.0,-5.0,0.99426032306
27.0,-4.0,-1.0,0.881064534435
26.0,-4.0,-4.0,0.858331270687
27.0,-6.0,-4.0,0.901496039515
30.0,-4.0,-1.0,0.976838963208
33.0,-2.0,-4.0,1.07424682615
33.0,-1.0,-5.0,1.077148894
33.0,-1.0,-3.0,1.06939254544
32.0,-1.0,-4.0,1.04079134225
34.0,0.0,-5.0,1.10857034048
32.0,2.0,-2.0,1.03628247769
35.0,1.0,-2.0,1.13133405915
35.0,-1.0,-12.0,1.19398422731
36.0,-9.0,-25.0,1.44334563363
38.0,-8.0,-21.0,1.42411226159
40.0,-2.0,-12.0,1.34868032002
36.0,0.0,-7.0,1.18304005296
34.0,0.0,-1.0,1.0972484743
32.0,0.0,1.0,1.03276197378
32.0,-3.0,2.0,1.03878981859
29.0,-5.0,-4.0,0.958015639027
28.0,-12.0,-9.0,1.02466968866
29.0,-12.0,-3.0,1.01702469487
29.0,-12.0,0.0,1.0124099888
30.0,-11.0,5.0,1.04328784702
32.0,-8.0,-2.0,1.06598139625
34.0,-5.0,-5.0,1.12024228092
33.0,-1.0,-9.0,1.10386700853
31.0,0.0,-9.0,1.04129112204
27.0,0.0,-10.0,0.928785809606
24.0,-4.0,-8.0,0.826209579024
25.0,-4.0,-10.0,0.878106941214
24.0,-2.0,-7.0,0.809028142193
23.0,-5.0,-6.0,0.783545664612
23.0,-6.0,-9.0,0.819888066267
24.0,-6.0,-8.0,0.838709677419
23.0,-5.0,-9.0,0.812877623765
20.0,-4.0,-4.0,0.670471280349
20.0,-2.0,-5.0,0.668139199265
20.0,-3.0,-5.0,0.672021505032
22.0,-2.0,-6.0,0.738420847888
30.0,3.0,-14.0,1.07230775088
31.0,11.0,-24.0,1.31350148848
32.0,15.0,-28.0,1.45447746033
34.0,16.0,-26.0,1.47402060113
36.0,15.0,-31.0,1.60708628478
38.0,13.0,-31.0,1.63660011535
39.0,9.0,-28.0,1.57569996669
39.0,3.0,-23.0,1.46374855542
36.0,-1.0,-19.0,1.31350148848
34.0,-4.0,-18.0,1.24768255521
35.0,-7.0,-11.0,1.20482899335
41.0,-6.0,-11.0,1.38296458776
44.0,-9.0,-14.0,1.51750109501
42.0,-12.0,-16.0,1.50060688382
37.0,-13.0,-1.0,1.26548679006
33.0,-14.0,-4.0,1.16352830948
29.0,-12.0,-6.0,1.03074485862
25.0,-7.0,-5.0,0.852858326865
23.0,2.0,-6.0,0.769474867218
22.0,2.0,-2.0,0.715518484284
23.0,2.0,-1.0,0.745433548922
26.0,2.0,0.0,0.841187407123
31.0,1.0,-1.0,1.00104004188
34.0,3.0,1.0,1.10150781155
35.0,2.0,1.0,1.13133405915
34.0,0.0,2.0,1.09867008812
33.0,-3.0,3.0,1.07327772643
32.0,-2.0,5.0,1.04677295094
30.0,-4.0,2.0,0.978435541168
30.0,-3.0,0.0,0.972568608496
29.0,-4.0,-2.0,0.946541983943
30.0,-2.0,-4.0,0.978435541168
30.0,-3.0,-5.0,0.985852050964
28.0,-3.0,-9.0,0.953660999942
28.0,-4.0,-13.0,1.00415370428
32.0,-4.0,-17.0,1.1759823312
30.0,-3.0,-15.0,1.08628762842
29.0,1.0,3.0,0.941029170698
27.0,2.0,2.0,0.875733674871
29.0,2.0,2.0,0.939922728022
27.0,1.0,3.0,0.876921110908
30.0,-1.0,1.0,0.968816607592
30.0,0.0,-1.0,0.968279420632
29.0,-2.0,-2.0,0.939922728022
31.0,-1.0,-4.0,1.00880617878
30.0,-1.0,-5.0,0.981620906755
32.0,-2.0,-4.0,1.04228996267
31.0,-2.0,-5.0,1.01497630468
33.0,-3.0,-4.0,1.07666575924
33.0,-3.0,-3.0,1.07327772643
31.0,-3.0,-4.0,1.01292377214
33.0,-4.0,-7.0,1.09582501622
31.0,-1.0,-5.0,1.01343729499
31.0,-2.0,-6.0,1.02059948513
32.0,-2.0,-5.0,1.04677295094
34.0,-4.0,-9.0,1.14186258196
32.0,-8.0,-19.0,1.22792685875
35.0,-10.0,-19.0,1.32454613985
41.0,-7.0,-12.0,1.39644263367
34.0,1.0,-3.0,1.10150781155
33.0,1.0,-4.0,1.07279284828
33.0,1.0,-3.0,1.06939254544
32.0,-2.0,-6.0,1.05222622131
31.0,-3.0,-5.0,1.0175361481
31.0,-8.0,1.0,1.03326563729
31.0,-10.0,-1.0,1.05123682173
32.0,-13.0,1.0,1.11465500279
34.0,-11.0,2.0,1.15455033343
34.0,-9.0,0.0,1.13454873517
35.0,-8.0,1.0,1.158599032
32.0,-7.0,-4.0,1.06451612903
31.0,-2.0,-11.0,1.06304884215
32.0,-1.0,-11.0,1.09202005676
30.0,-4.0,-6.0,0.995306362616
29.0,-6.0,-5.0,0.968816607592
27.0,-3.0,-7.0,0.904952267039
25.0,-5.0,-6.0,0.844890377659
26.0,-6.0,-6.0,0.88224479556
26.0,-3.0,-5.0,0.859542748031
26.0,-3.0,-11.0,0.915810939779
26.0,-2.0,-8.0,0.879882690128
25.0,-2.0,-6.0,0.831857868273
23.0,-3.0,-3.0,0.754452617002
20.0,-4.0,-5.0,0.677419354839
22.0,-3.0,-6.0,0.741935483871
20.0,-3.0,-4.0,0.66501703639
21.0,-4.0,-5.0,0.70820962581
21.0,-5.0,-6.0,0.722753435562
25.0,-3.0,-10.0,0.873949495751
28.0,2.0,-12.0,0.984795969192
36.0,15.0,-26.0,1.51200537358
36.0,20.0,-31.0,1.6627772863
39.0,19.0,-29.0,1.68330233879
37.0,11.0,-18.0,1.37390577026
30.0,0.0,-12.0,1.04228996267
33.0,-4.0,-17.0,1.20439707759
41.0,-6.0,-14.0,1.41089856314
41.0,-8.0,-8.0,1.37201098827
36.0,-8.0,-4.0,1.1965959349
28.0,-6.0,1.0,0.9242934698
26.0,-7.0,-3.0,0.873949495751
28.0,-4.0,-3.0,0.91751371957
36.0,-1.0,-8.0,1.19005591908
28.0,-3.0,-2.0,0.910683497645
26.0,-4.0,0.0,0.848577189546
22.0,-2.0,-1.0,0.713333689919
26.0,0.0,-1.0,0.839329795565
32.0,-1.0,-2.0,1.03477515693
32.0,0.0,-4.0,1.04029132236
33.0,0.0,-4.0,1.07230775088
33.0,-1.0,-3.0,1.06939254544
31.0,0.0,-4.0,1.0082902973
28.0,-2.0,-5.0,0.919779188992
29.0,-2.0,-5.0,0.951476206694
29.0,0.0,-4.0,0.944340720536
27.0,-1.0,-3.0,0.876921110908
29.0,-2.0,-3.0,0.942686399755
28.0,-3.0,-2.0,0.910683497645
28.0,-5.0,-3.0,0.922603202973
31.0,-5.0,-4.0,1.02110914783
29.0,-5.0,-6.0,0.968816607592
29.0,-3.0,-7.0,0.967204151649
29.0,-4.0,-6.0,0.963971148225
31.0,-1.0,-5.0,1.01343729499
30.0,-1.0,-3.0,0.973103427677
31.0,-2.0,-4.0,1.0103522428
31.0,-1.0,-4.0,1.00880617878
32.0,-1.0,-5.0,1.04528075781
32.0,-1.0,-6.0,1.05074177257
31.0,-2.0,-7.0,1.02720537601
29.0,0.0,-6.0,0.955296315804
29.0,0.0,-5.0,0.949286385133
32.0,0.0,-3.0,1.03678443097
33.0,0.0,-6.0,1.08196837621
32.0,-2.0,-6.0,1.05222622131
32.0,-1.0,-6.0,1.05074177257
41.0,-7.0,-7.0,1.36058688445
45.0,-3.0,-5.0,1.46374855542
42.0,-3.0,-6.0,1.37201098827
32.0,-1.0,-5.0,1.04528075781
32.0,-1.0,-9.0,1.07279284828
31.0,-1.0,-10.0,1.05123682173
30.0,-3.0,-8.0,1.00622412648
30.0,-3.0,-7.0,0.998437905841
27.0,-4.0,-5.0,0.895124962936
26.0,-4.0,-6.0,0.87037016537
23.0,-5.0,-1.0,0.759949612219
24.0,-1.0,-9.0,0.827468086347
23.0,-1.0,-6.0,0.767443693766
21.0,-2.0,-2.0,0.683536132272
22.0,0.0,-1.0,0.710410178889
23.0,-3.0,0.0,0.748220226112
22.0,-2.0,-3.0,0.719145058374
21.0,-5.0,-2.0,0.699338173828
20.0,-5.0,-3.0,0.672021505032
19.0,-6.0,-1.0,0.643546365912
19.0,-8.0,-3.0,0.672021505032
22.0,-6.0,-4.0,0.746828187277
31.0,-5.0,-10.0,1.06304884215
35.0,7.0,-33.0,1.56808704551
34.0,14.0,-32.0,1.57239452993
37.0,16.0,-34.0,1.70113508044
32.0,3.0,-19.0,1.20439707759
31.0,1.0,0.0,1.00052015608
27.0,-1.0,7.0,0.900341015287
25.0,-7.0,6.0,0.859542748031
28.0,-9.0,3.0,0.953660999942
36.0,-10.0,-10.0,1.24768255521
42.0,-10.0,-25.0,1.60935092687
45.0,-12.0,-23.0,1.67555727913
39.0,-12.0,-12.0,1.37201098827
28.0,-11.0,-8.0,1.00415370428
35.0,0.0,-7.0,1.15139150307
33.0,2.0,-6.0,1.0838901688
30.0,3.0,-5.0,0.985852050964
25.0,0.0,-3.0,0.812237310453
27.0,2.0,-1.0,0.873949495751
32.0,-2.0,0.0,1.03427222851
32.0,-6.0,1.0,1.05074177257
34.0,-5.0,2.0,1.11044609536
33.0,-7.0,2.0,1.09011259669
32.0,-6.0,0.0,1.05024649007
30.0,-5.0,-3.0,0.985852050964
28.0,-5.0,-3.0,0.922603202973
29.0,-6.0,-2.0,0.957472392236
30.0,-3.0,-3.0,0.977371445648
31.0,-4.0,-6.0,1.02669873954
29.0,-1.0,-5.0,0.949834313828
30.0,-1.0,-6.0,0.987434055807
29.0,0.0,-3.0,0.940476112072
31.0,1.0,-2.0,1.0025980818
31.0,0.0,0.0,1.0
31.0,-1.0,0.0,1.00052015608
32.0,-4.0,-1.0,1.04079134225
30.0,-2.0,-2.0,0.972033495053
32.0,-4.0,-4.0,1.04826301995
31.0,-4.0,-7.0,1.03326563729
32.0,-3.0,-8.0,1.06841904269
32.0,-1.0,-7.0,1.05715932956
32.0,-3.0,-5.0,1.0492552237
33.0,-2.0,-5.0,1.07859699983
33.0,0.0,-4.0,1.07230775088
30.0,-2.0,-4.0,0.978435541168
30.0,-3.0,-3.0,0.977371445648
29.0,-2.0,-1.0,0.938260617564
30.0,-3.0,0.0,0.972568608496
28.0,-6.0,1.0,0.9242934698
31.0,-5.0,1.0,1.01343729499
32.0,-7.0,1.0,1.05715932956
32.0,-8.0,-1.0,1.06451612903
31.0,-7.0,-3.0,1.02973481932
32.0,-5.0,-4.0,1.05272057239
32.0,-5.0,-5.0,1.05715932956
33.0,-2.0,-3.0,1.07085114017
34.0,-2.0,-4.0,1.10622117416
34.0,-1.0,-2.0,1.0991435508
32.0,-1.0,-1.0,1.03326563729
33.0,-1.0,-2.0,1.06695712313
29.0,0.0,-2.0,0.937705926048
29.0,-1.0,-1.0,0.936595557481
29.0,-2.0,-2.0,0.939922728022
29.0,-3.0,-5.0,0.954206416629
28.0,-7.0,-6.0,0.950929224063
33.0,-6.0,-14.0,1.17243753841
32.0,-4.0,-10.0,1.08915761394
33.0,-5.0,-12.0,1.14413857103
30.0,-4.0,-13.0,1.06255929626
30.0,-5.0,-9.0,1.02314525982
28.0,-8.0,-6.0,0.959101209504
27.0,-9.0,-7.0,0.945441992887
27.0,-7.0,-1.0,0.900341015287
26.0,-6.0,-4.0,0.87037016537
28.0,-2.0,-4.0,0.914673992178
33.0,4.0,-7.0,1.09582501622
35.0,5.0,-7.0,1.16263363167
32.0,5.0,-4.0,1.05272057239
31.0,2.0,-9.0,1.04328784702
31.0,0.0,-8.0,1.03276197378
32.0,-2.0,-9.0,1.07424682615
31.0,-4.0,-9.0,1.0492552237
31.0,-4.0,-10.0,1.05863477945
31.0,-5.0,-10.0,1.06304884215
29.0,-5.0,-13.0,1.03778760917
29.0,-3.0,-12.0,1.01702469487
29.0,-2.0,-11.0,1.0025980818
26.0,0.0,-7.0,0.868574968893
26.0,1.0,-5.0,0.854686535451
25.0,1.0,-5.0,0.823054891753
28.0,1.0,-3.0,0.908967922813
27.0,-1.0,-5.0,0.886363333163
27.0,1.0,-5.0,0.886363333163
26.0,0.0,-3.0,0.844274343761
25.0,0.0,-1.0,0.807096516335
25.0,-2.0,-4.0,0.819253232206
28.0,-4.0,-4.0,0.921474635941
32.0,-2.0,-4.0,1.04228996267
37.0,-4.0,-4.0,1.20741724337
37.0,-8.0,0.0,1.22112859553
31.0,-6.0,-1.0,1.01906896767
25.0,-7.0,-7.0,0.867376107081
27.0,-4.0,-8.0,0.91751371957
32.0,-3.0,-9.0,1.07666575924
34.0,-1.0,-15.0,1.19920195454
33.0,0.0,-9.0,1.10339557268
33.0,3.0,-7.0,1.09249640141
31.0,3.0,-6.0,1.02314525982
32.0,2.0,-4.0,1.04228996267
32.0,1.0,-4.0,1.04079134225
30.0,0.0,-3.0,0.972568608496
31.0,-1.0,-5.0,1.01343729499
30.0,-3.0,-5.0,0.985852050964
32.0,-3.0,-3.0,1.04129112204
31.0,-4.0,-4.0,1.0165129843
30.0,-3.0,-2.0,0.974706124499
30.0,-4.0,-4.0,0.984795969192
30.0,-5.0,-3.0,0.985852050964
33.0,-2.0,-4.0,1.07424682615
33.0,-1.0,-4.0,1.07279284828
32.0,0.0,-4.0,1.04029132236
33.0,-1.0,-4.0,1.07279284828
32.0,-1.0,-6.0,1.05074177257
33.0,-2.0,-6.0,1.0838901688
32.0,-1.0,-4.0,1.04079134225
32.0,-1.0,-3.0,1.03728614134
32.0,-3.0,-4.0,1.0447828865
31.0,-1.0,-3.0,1.00518944844
31.0,-3.0,-2.0,1.00674106673
30.0,-5.0,-3.0,0.985852050964
29.0,-6.0,-4.0,0.963971148225
30.0,-7.0,-6.0,1.0124099888
28.0,-6.0,-7.0,0.950929224063
31.0,-4.0,-8.0,1.04079134225
32.0,-3.0,-8.0,1.06841904269
31.0,-1.0,-7.0,1.02568471584
31.0,2.0,-8.0,1.03477515693
31.0,0.0,-7.0,1.02517732788
32.0,0.0,-8.0,1.06402725822
31.0,-4.0,-8.0,1.04079134225
29.0,-4.0,-7.0,0.970962383438
27.0,-6.0,-7.0,0.920344685012
27.0,-5.0,-7.0,0.914104988084
28.0,-2.0,-6.0,0.925980651252
32.0,-2.0,-6.0,1.05222622131
33.0,0.0,-7.0,1.08820179312
33.0,1.0,-10.0,1.11278634262
36.0,2.0,-8.0,1.19136679436
34.0,1.0,-8.0,1.12718743288
33.0,1.0,-10.0,1.11278634262
31.0,-3.0,-11.0,1.06549319774
29.0,-6.0,-8.0,0.989539461302
28.0,-7.0,-9.0,0.975239771473
27.0,-5.0,-6.0,0.906675440165
27.0,-5.0,-5.0,0.900341015287
27.0,-4.0,-8.0,0.91751371957
29.0,-2.0,-5.0,0.951476206694
28.0,-3.0,-5.0,0.922603202973
30.0,-2.0,-6.0,0.989013530113
30.0,0.0,-6.0,0.986907002631
30.0,0.0,-7.0,0.993736890371
30.0,-1.0,-6.0,0.987434055807
31.0,-2.0,-6.0,1.02059948513
29.0,-7.0,-8.0,0.996351303966
30.0,-9.0,-6.0,1.02872378833
29.0,-8.0,-5.0,0.983738753676
29.0,-7.0,-6.0,0.981620906755
29.0,-5.0,-6.0,0.968816607592
30.0,-5.0,-8.0,1.01446356087
30.0,-6.0,-6.0,1.00570692052
28.0,-4.0,-5.0,0.926542362345
28.0,-4.0,-4.0,0.921474635941
30.0,-1.0,-3.0,0.973103427677
31.0,1.0,-1.0,1.00104004188
32.0,0.0,-1.0,1.03276197378
32.0,0.0,-2.0,1.03427222851
30.0,-2.0,-7.0,0.995828970351
30.0,-3.0,-6.0,0.991640396706
29.0,-5.0,-8.0,0.983738753676
31.0,-6.0,-11.0,1.07859699983
30.0,-4.0,-9.0,1.01855828412
31.0,-4.0,-8.0,1.04079134225
31.0,-3.0,-8.0,1.03728614134
32.0,0.0,-7.0,1.05666705511
30.0,2.0,-5.0,0.983209719621
30.0,0.0,-4.0,0.97630619035
31.0,-1.0,-6.0,1.01906896767
31.0,0.0,-5.0,1.01292377214
30.0,-2.0,-5.0,0.983209719621
30.0,-1.0,-7.0,0.99426032306
32.0,-3.0,-7.0,1.06108930345
31.0,-1.0,-5.0,1.01343729499
33.0,-1.0,-5.0,1.077148894
33.0,-1.0,-3.0,1.06939254544
29.0,-2.0,-4.0,0.946541983943
29.0,-4.0,-3.0,0.949286385133
31.0,-3.0,-5.0,1.0175361481
30.0,-3.0,-6.0,0.991640396706
30.0,-4.0,-7.0,1.00207900432
31.0,-2.0,-5.0,1.01497630468
33.0,-1.0,-4.0,1.07279284828
33.0,-2.0,-3.0,1.07085114017
32.0,-2.0,-4.0,1.04228996267
32.0,-3.0,-6.0,1.05469565963
31.0,-5.0,-5.0,1.02568471584
30.0,-5.0,-1.0,0.981620906755
31.0,-5.0,-2.0,1.01497630468
30.0,-7.0,-1.0,0.99426032306
30.0,-5.0,-1.0,0.981620906755
30.0,-7.0,-2.0,0.995828970351
30.0,-7.0,-4.0,1.00207900432
28.0,-6.0,-3.0,0.928785809606
28.0,-6.0,-4.0,0.932698857729
30.0,-7.0,-6.0,1.0124099888
31.0,-5.0,-6.0,1.0312495073
32.0,-4.0,-7.0,1.06451612903
32.0,-4.0,-5.0,1.05272057239
30.0,-3.0,-5.0,0.985852050964
31.0,-3.0,-6.0,1.02314525982
29.0,-5.0,-6.0,0.968816607592
31.0,-6.0,-4.0,1.02669873954
31.0,-6.0,-5.0,1.0312495073
30.0,-6.0,-3.0,0.991640396706
31.0,-5.0,-5.0,1.02568471584
30.0,-5.0,-5.0,0.99426032306
31.0,-3.0,-6.0,1.02314525982
31.0,-5.0,-6.0,1.0312495073
31.0,-5.0,-6.0,1.0312495073
29.0,-5.0,-6.0,0.968816607592
31.0,-5.0,-6.0,1.0312495073
30.0,-5.0,-4.0,0.989539461302
30.0,-4.0,-5.0,0.989539461302
30.0,-5.0,-3.0,0.985852050964
29.0,-5.0,-5.0,0.962891068168
29.0,-5.0,-8.0,0.983738753676
30.0,-4.0,-7.0,1.00207900432
31.0,-4.0,-9.0,1.0492552237
30.0,-5.0,-9.0,1.02314525982
30.0,-4.0,-7.0,1.00207900432
31.0,-5.0,-6.0,1.0312495073
31.0,-4.0,-3.0,1.01292377214
31.0,-4.0,-2.0,1.0103522428
31.0,-5.0,-3.0,1.0175361481
31.0,-5.0,-3.0,1.0175361481
31.0,-5.0,-2.0,1.01497630468
30.0,-6.0,-3.0,0.991640396706
30.0,-6.0,-4.0,0.995306362616
30.0,-4.0,-5.0,0.989539461302
31.0,-7.0,-8.0,1.05715932956
31.0,-5.0,-8.0,1.04528075781
31.0,-6.0,-7.0,1.04328784702
30.0,-6.0,-5.0,1.0
31.0,-4.0,-4.0,1.0165129843
30.0,-5.0,-5.0,0.99426032306
30.0,-5.0,-3.0,0.985852050964
30.0,-3.0,-4.0,0.981090730693
30.0,-3.0,-2.0,0.974706124499
31.0,-3.0,-4.0,1.01292377214
30.0,-5.0,-4.0,0.989539461302
31.0,-6.0,-4.0,1.02669873954
31.0,-6.0,-3.0,1.02314525982
30.0,-5.0,-5.0,0.99426032306
30.0,-5.0,-5.0,0.99426032306
31.0,-6.0,-4.0,1.02669873954
31.0,-5.0,-5.0,1.02568471584
31.0,-3.0,-7.0,1.02973481932
30.0,-3.0,-5.0,0.985852050964
30.0,-5.0,-6.0,1.0
31.0,-4.0,-5.0,1.02110914783
30.0,-5.0,-3.0,0.985852050964
30.0,-3.0,-4.0,0.981090730693
31.0,-3.0,-2.0,1.00674106673
30.0,-3.0,-4.0,0.981090730693
30.0,-5.0,-3.0,0.985852050964
30.0,-5.0,-3.0,0.985852050964
30.0,-4.0,-5.0,0.989539461302
31.0,-6.0,-6.0,1.03678443097
31.0,-6.0,-6.0,1.03678443097
30.0,-4.0,-4.0,0.984795969192
30.0,-5.0,-5.0,0.99426032306
31.0,-3.0,-5.0,1.0175361481
30.0,-5.0,-3.0,0.985852050964
30.0,-5.0,-3.0,0.985852050964
30.0,-5.0,-5.0,0.99426032306
31.0,-5.0,-5.0,1.02568471584
31.0,-4.0,-5.0,1.02110914783
31.0,-6.0,-4.0,1.02669873954
31.0,-4.0,-6.0,1.02669873954
31.0,-5.0,-4.0,1.02110914783
30.0,-5.0,-5.0,0.99426032306
30.0,-4.0,-4.0,0.984795969192
31.0,-4.0,-4.0,1.0165129843
31.0,-4.0,-3.0,1.01292377214
31.0,-4.0,-3.0,1.01292377214
31.0,-5.0,-3.0,1.0175361481
31.0,-4.0,-3.0,1.01292377214
30.0,-5.0,-5.0,0.99426032306
31.0,-4.0,-5.0,1.02110914783
31.0,-6.0,-5.0,1.0312495073
31.0,-6.0,-5.0,1.0312495073
31.0,-4.0,-5.0,1.02110914783
30.0,-5.0,-5.0,0.99426032306
30.0,-4.0,-5.0,0.989539461302
31.0,-4.0,-3.0,1.01292377214
30.0,-4.0,-5.0,0.989539461302
30.0,-5.0,-5.0,0.99426032306
30.0,-5.0,-5.0,0.99426032306
31.0,-4.0,-4.0,1.0165129843
31.0,-4.0,-4.0,1.0165129843
31.0,-4.0,-5.0,1.02110914783
30.0,-5.0,-5.0,0.99426032306
30.0,-4.0,-5.0,0.989539461302
30.0,-4.0,-5.0,0.989539461302
31.0,-4.0,-5.0,1.02110914783
31.0,-5.0,-5.0,1.02568471584
30.0,-4.0,-5.0,0.989539461302
31.0,-4.0,-4.0,1.0165129843
31.0,-4.0,-5.0,1.02110914783
30.0,-4.0,-5.0,0.989539461302
31.0,-5.0,-5.0,1.02568471584
30.0,-5.0,-5.0,0.99426032306
30.0,-3.0,-5.0,0.985852050964
31.0,-5.0,-5.0,1.02568471584
31.0,-5.0,-5.0,1.02568471584
31.0,-4.0,-5.0,1.02110914783
31.0,-4.0,-5.0,1.02110914783
30.0,-5.0,-5.0,0.99426032306
30.0,-4.0,-5.0,0.989539461302
30.0,-5.0,-4.0,0.989539461302
31.0,-5.0,-5.0,1.02568471584
30.0,-3.0,-4.0,0.981090730693
31.0,-3.0,-4.0,1.01292377214
31.0,-5.0,-5.0,1.02568471584
29.0,-5.0,-5.0,0.962891068168
31.0,-5.0,-5.0,1.02568471584
30.0,-3.0,-5.0,0.985852050964
30.0,-5.0,-5.0,0.99426032306
30.0,-5.0,-5.0,0.99426032306
31.0,-3.0,-5.0,1.0175361481
30.0,-3.0,-5.0,0.985852050964
30.0,-3.0,-3.0,0.977371445648
31.0,-3.0,-5.0,1.0175361481
31.0,-4.0,-4.0,1.0165129843
30.0,-4.0,-4.0,0.984795969192
32.0,-4.0,-4.0,1.04826301995
30.0,-4.0,-4.0,0.984795969192
32.0,-4.0,-5.0,1.05272057239
32.0,-3.0,-5.0,1.0492552237
30.0,-3.0,-3.0,0.977371445648
30.0,-3.0,-4.0,0.981090730693
32.0,-3.0,-3.0,1.04129112204
31.0,-4.0,-3.0,1.01292377214
31.0,-4.0,-4.0,1.0165129843
30.0,-6.0,-5.0,1.0
30.0,-5.0,-5.0,0.99426032306
30.0,-5.0,-4.0,0.989539461302
31.0,-5.0,-3.0,1.0175361481
31.0,-5.0,-4.0,1.02110914783
30.0,-5.0,-2.0,0.983209719621
31.0,-6.0,-2.0,1.02059948513
31.0,-6.0,-4.0,1.02669873954
31.0,-6.0,-4.0,1.02669873954
31.0,-6.0,-3.0,1.02314525982
31.0,-6.0,-5.0,1.0312495073
30.0,-6.0,-4.0,0.995306362616
29.0,-6.0,-4.0,0.963971148225
29.0,-6.0,-6.0,0.974706124499
30.0,-7.0,-5.0,1.00674106673
29.0,-5.0,-6.0,0.968816607592
31.0,-6.0,-4.0,1.02669873954
31.0,-4.0,-5.0,1.02110914783
29.0,-5.0,-5.0,0.962891068168
29.0,-3.0,-4.0,0.949286385133
31.0,-3.0,-5.0,1.0175361481
32.0,-3.0,-5.0,1.0492552237
33.0,-5.0,-3.0,1.08100619872
31.0,-4.0,-6.0,1.02669873954
30.0,-4.0,-5.0,0.989539461302
31.0,-6.0,-7.0,1.04328784702
31.0,-6.0,-6.0,1.03678443097
31.0,-6.0,-6.0,1.03678443097
31.0,-4.0,-4.0,1.0165129843
29.0,-3.0,-5.0,0.954206416629
31.0,-3.0,-7.0,1.02973481932
32.0,-3.0,-7.0,1.06108930345
31.0,-4.0,-6.0,1.02669873954
31.0,-6.0,-7.0,1.04328784702
31.0,-5.0,-10.0,1.06304884215
32.0,-5.0,-16.0,1.1653156044
30.0,-3.0,-16.0,1.10103536554
29.0,-2.0,-20.0,1.13821153319
30.0,1.0,-27.0,1.30236317666
30.0,2.0,-19.0,1.14731737057
34.0,0.0,-14.0,1.1861146007
34.0,-3.0,-13.0,1.17819241082
36.0,-3.0,-4.0,1.17243753841
34.0,-2.0,-4.0,1.10622117416
24.0,-3.0,-6.0,0.803866825444
25.0,1.0,-10.0,0.869173779697
26.0,0.0,-13.0,0.937705926048
25.0,-1.0,-4.0,0.817345771569
23.0,-1.0,-4.0,0.753762673906
23.0,-4.0,-10.0,0.819253232206
24.0,-4.0,-11.0,0.861356769214
25.0,-4.0,-9.0,0.866776054358
21.0,-3.0,-16.0,0.857118081006
22.0,-4.0,-16.0,0.886950134508
23.0,-5.0,-17.0,0.936595557481
26.0,-5.0,-22.0,1.11044609536
29.0,0.0,-27.0,1.27816856491
31.0,3.0,-26.0,1.30873953388
34.0,8.0,-24.0,1.36707226454
34.0,15.0,-11.0,1.25018208871
42.0,8.0,-7.0,1.39755993693
46.0,3.0,-6.0,1.49956636118
50.0,-5.0,-14.0,1.6826840459
40.0,-12.0,-15.0,1.43140049886
20.0,-7.0,-8.0,0.730629138897
18.0,-5.0,-14.0,0.753072098705
16.0,-9.0,-21.0,0.89976294716
24.0,-10.0,-17.0,1.00207900432
27.0,-15.0,-4.0,1.00467170983
31.0,-15.0,2.0,1.11278634262
33.0,-12.0,4.0,1.14003851917
33.0,-9.0,-2.0,1.10528010961
32.0,-6.0,-5.0,1.06255929626
32.0,-5.0,-5.0,1.05715932956
32.0,-2.0,-4.0,1.04228996267
32.0,1.0,-3.0,1.03728614134
32.0,-1.0,-2.0,1.03477515693
27.0,-1.0,-2.0,0.873949495751
26.0,1.0,-2.0,0.841805700045
26.0,1.0,-2.0,0.841805700045
28.0,0.0,-3.0,0.908395344537
29.0,2.0,-4.0,0.946541983943
29.0,2.0,-4.0,0.946541983943
29.0,1.0,-1.0,0.936595557481
28.0,-5.0,-17.0,1.06890590489
29.0,-2.0,-10.0,0.991640396706
28.0,-3.0,-8.0,0.944340720536
27.0,-4.0,-5.0,0.895124962936
32.0,-3.0,-3.0,1.04129112204
29.0,-2.0,-6.0,0.957472392236
29.0,-2.0,-9.0,0.981620906755
32.0,0.0,-11.0,1.09154350424
34.0,1.0,-9.0,1.13500723134
34.0,2.0,-6.0,1.11558815908
34.0,2.0,-4.0,1.10622117416
36.0,1.0,-4.0,1.16888199561
42.0,-6.0,-10.0,1.4060964334
39.0,-14.0,-23.0,1.52877362724
38.0,-12.0,-10.0,1.32533152156
32.0,-9.0,1.0,1.07279284828
27.0,-7.0,1.0,0.900341015287
24.0,-14.0,-7.0,0.9242934698
32.0,-12.0,3.0,1.10669140635
34.0,-8.0,-8.0,1.1559014753
34.0,-5.0,-17.0,1.23679287179
35.0,1.0,-25.0,1.38784675899
29.0,2.0,-12.0,1.01446356087
27.0,-2.0,-2.0,0.875733674871
22.0,-9.0,-2.0,0.769474867218
22.0,-10.0,-10.0,0.84365786004
23.0,-10.0,-12.0,0.896867017707
22.0,-8.0,-15.0,0.896867017707
20.0,1.0,-3.0,0.653176023591
20.0,-3.0,-7.0,0.690352727711
19.0,-2.0,-5.0,0.637045730907
15.0,-5.0,-4.0,0.526113110655
20.0,-5.0,1.0,0.665798949695
21.0,-5.0,-1.0,0.697102670483
24.0,-5.0,-2.0,0.793443475887
30.0,0.0,-8.0,1.00155965782
36.0,12.0,-34.0,1.64357925198
39.0,17.0,-39.0,1.861768262
45.0,13.0,-39.0,1.96615483325
40.0,2.0,-31.0,1.63373642092
47.0,-8.0,4.0,1.54333854373
39.0,-16.0,-3.0,1.36326107156
31.0,-14.0,-6.0,1.11418813156
21.0,-11.0,-5.0,0.781551060618
19.0,-10.0,-4.0,0.704526763479
26.0,-5.0,-5.0,0.869173779697
30.0,0.0,-1.0,0.968279420632
31.0,-3.0,-1.0,1.00518944844
31.0,-4.0,-2.0,1.0103522428
32.0,-4.0,-1.0,1.04079134225
34.0,-2.0,0.0,1.09867008812
31.0,-4.0,0.0,1.0082902973
29.0,-3.0,-1.0,0.941029170698
29.0,-4.0,-2.0,0.946541983943
29.0,-5.0,-3.0,0.954206416629
29.0,-4.0,-6.0,0.963971148225
29.0,-3.0,-8.0,0.975239771473
28.0,-4.0,-10.0,0.967741935484
26.0,-4.0,-10.0,0.907822405127
31.0,-3.0,-5.0,1.0175361481
31.0,-1.0,-6.0,1.01906896767
31.0,-1.0,-4.0,1.00880617878
30.0,-1.0,-1.0,0.968816607592
28.0,0.0,-2.0,0.905527022427
28.0,-1.0,0.0,0.90380165975
28.0,-3.0,0.0,0.908395344537
30.0,-6.0,-1.0,0.987434055807
29.0,-5.0,-2.0,0.951476206694
31.0,-3.0,-2.0,1.00674106673
30.0,-2.0,-5.0,0.983209719621
31.0,-2.0,-4.0,1.0103522428
30.0,-3.0,-5.0,0.985852050964
33.0,-2.0,-6.0,1.0838901688
32.0,-1.0,-13.0,1.11465500279
34.0,2.0,-13.0,1.1759823312
36.0,2.0,-11.0,1.21600495645
33.0,1.0,-11.0,1.12256210589
36.0,-1.0,-4.0,1.16888199561
37.0,-1.0,-7.0,1.21514891625
37.0,-4.0,-5.0,1.21128924874
35.0,-5.0,-8.0,1.1693270297
33.0,-7.0,-12.0,1.15500088968
33.0,-9.0,-9.0,1.14095091509
31.0,-10.0,-4.0,1.05863477945
31.0,-11.0,7.0,1.08484978844
37.0,-12.0,2.0,1.25640916736
39.0,-14.0,0.0,1.33666770033
39.0,-12.0,-2.0,1.31785149779
36.0,-9.0,-5.0,1.20784807915
34.0,-9.0,-5.0,1.14595610763
30.0,0.0,-11.0,1.03074485862
31.0,2.0,-11.0,1.06304884215
33.0,2.0,-12.0,1.13454873517
32.0,1.0,-9.0,1.07279284828
29.0,0.0,-9.0,0.97949848069
27.0,-2.0,-10.0,0.931023850946
24.0,-6.0,-3.0,0.803866825444
21.0,-6.0,-6.0,0.730629138897
22.0,-6.0,-8.0,0.779551353135
21.0,-8.0,-7.0,0.759264664254
22.0,-5.0,-9.0,0.783545664612
23.0,-5.0,-2.0,0.762000762001
23.0,-2.0,-1.0,0.745433548922
24.0,-2.0,-1.0,0.777546502787
22.0,-2.0,-4.0,0.724191752279
21.0,-3.0,-8.0,0.731340906371
21.0,-4.0,-6.0,0.716245268102
21.0,-4.0,-5.0,0.70820962581
23.0,-2.0,-5.0,0.762000762001
29.0,2.0,-15.0,1.05518885379
30.0,8.0,-22.0,1.22750307035
33.0,12.0,-26.0,1.40942272742
35.0,16.0,-28.0,1.53522632701
35.0,14.0,-25.0,1.45912037134
37.0,11.0,-25.0,1.48352029517
36.0,10.0,-25.0,1.45017850277
34.0,7.0,-17.0,1.24684826388
27.0,-3.0,-22.0,1.12764892213
29.0,-5.0,-20.0,1.14777076611
31.0,-6.0,-20.0,1.20569236071
38.0,-9.0,-11.0,1.30873953388
43.0,-16.0,0.0,1.48000899961
43.0,-16.0,1.0,1.48036050395
36.0,-16.0,-9.0,1.30356111943
27.0,-9.0,-20.0,1.12209852458
20.0,1.0,-1.0,0.646772182444
26.0,-3.0,-4.0,0.854077567411
30.0,0.0,-5.0,0.981090730693
34.0,2.0,-7.0,1.12163475166
31.0,-3.0,1.0,1.00518944844
30.0,-2.0,5.0,0.983209719621
30.0,-3.0,4.0,0.981090730693
29.0,-3.0,2.0,0.942686399755
30.0,-4.0,0.0,0.97630619035
29.0,-3.0,-1.0,0.941029170698
30.0,-3.0,-3.0,0.977371445648
28.0,-2.0,-3.0,0.910683497645
28.0,-2.0,-5.0,0.919779188992
30.0,-2.0,-6.0,0.989013530113
30.0,-3.0,-6.0,0.991640396706
30.0,-6.0,-4.0,0.995306362616
29.0,-6.0,-4.0,0.963971148225
29.0,-6.0,-4.0,0.963971148225
32.0,-5.0,-2.0,1.04677295094
31.0,-5.0,-2.0,1.01497630468
28.0,-2.0,-6.0,0.925980651252
29.0,-1.0,-7.0,0.962891068168
32.0,-4.0,-9.0,1.08004316405
30.0,-5.0,-11.0,1.04328784702
31.0,-4.0,-11.0,1.06890590489
31.0,-4.0,-10.0,1.05863477945
32.0,-2.0,-8.0,1.06598139625
32.0,1.0,-7.0,1.05715932956
29.0,1.0,-6.0,0.955840799357
34.0,1.0,-7.0,1.12024228092
33.0,0.0,-5.0,1.07666575924
35.0,-2.0,-4.0,1.13821153319
34.0,-1.0,-4.0,1.10480927674
40.0,-7.0,-15.0,1.39644263367
38.0,-7.0,-14.0,1.32572403794
33.0,-6.0,-11.0,1.1386685545
30.0,-6.0,-9.0,1.02872378833
30.0,-7.0,-7.0,1.01906896767
32.0,-5.0,-2.0,1.04677295094
33.0,-6.0,4.0,1.08963520994
32.0,-7.0,2.0,1.05863477945
33.0,-9.0,-1.0,1.10386700853
35.0,-11.0,-2.0,1.18523697231
35.0,-11.0,-4.0,1.19049303789
31.0,-8.0,-7.0,1.05715932956
31.0,-5.0,-10.0,1.06304884215
29.0,-2.0,-12.0,1.01446356087
31.0,-1.0,-12.0,1.07279284828
30.0,-2.0,-10.0,1.02212771082
31.0,-1.0,-11.0,1.06157952722
26.0,-1.0,-9.0,0.88812257406
24.0,-4.0,-10.0,0.848577189546
22.0,-4.0,-5.0,0.73912511209
22.0,-5.0,-7.0,0.762000762001
23.0,-4.0,-10.0,0.819253232206
21.0,-5.0,-6.0,0.722753435562
22.0,-5.0,-5.0,0.745433548922
21.0,-3.0,-4.0,0.696355907901
22.0,-4.0,-4.0,0.7327623672
22.0,-4.0,-5.0,0.73912511209
20.0,-3.0,-7.0,0.690352727711
19.0,-4.0,-6.0,0.655561336545
19.0,-2.0,-8.0,0.668139199265
26.0,-3.0,-9.0,0.892796935684
29.0,-2.0,-14.0,1.04079134225
35.0,14.0,-34.0,1.63755356729
35.0,16.0,-32.0,1.61451532339
38.0,17.0,-32.0,1.69377878617
39.0,13.0,-31.0,1.66089879508
30.0,3.0,-15.0,1.08628762842
28.0,-4.0,-10.0,0.967741935484
35.0,-5.0,-10.0,1.18523697231
44.0,-16.0,-16.0,1.59604088734
44.0,-20.0,-4.0,1.56443298748
44.0,-21.0,-2.0,1.57404811597
41.0,-20.0,-6.0,1.48422155746
24.0,-13.0,-6.0,0.901496039515
16.0,-5.0,-9.0,0.613751535175
18.0,0.0,-11.0,0.680484616443
29.0,0.0,-5.0,0.949286385133
30.0,2.0,-10.0,1.02212771082
36.0,3.0,2.0,1.16710016227
33.0,1.0,2.0,1.06695712313
28.0,-1.0,3.0,0.908967922813
27.0,-2.0,4.0,0.882834334413
29.0,-2.0,1.0,0.938260617564
30.0,-2.0,-1.0,0.97042638429
31.0,-4.0,-3.0,1.01292377214
29.0,-3.0,-6.0,0.960185552654
30.0,-1.0,-6.0,0.987434055807
29.0,-3.0,-8.0,0.975239771473
26.0,-5.0,-7.0,0.883423479847
29.0,-4.0,-12.0,1.02059948513
28.0,-5.0,-13.0,1.00880617878
30.0,-3.0,-12.0,1.04677295094
31.0,0.0,-10.0,1.05074177257
33.0,0.0,-9.0,1.10339557268
28.0,-2.0,-1.0,0.906101413238
27.0,-2.0,-1.0,0.873949495751
30.0,-3.0,-1.0,0.973103427677
31.0,-5.0,-2.0,1.01497630468
32.0,-3.0,-4.0,1.0447828865
33.0,-4.0,-3.0,1.07666575924
32.0,-5.0,-4.0,1.05272057239
32.0,-4.0,-4.0,1.04826301995
32.0,-3.0,-3.0,1.04129112204
32.0,-3.0,-3.0,1.04129112204
31.0,-4.0,-5.0,1.02110914783
31.0,-1.0,-3.0,1.00518944844
31.0,0.0,-6.0,1.01855828412
29.0,1.0,-6.0,0.955840799357
30.0,1.0,-4.0,0.976838963208
31.0,0.0,-7.0,1.02517732788
33.0,-2.0,-10.0,1.11418813156
35.0,-2.0,-13.0,1.20612381263
40.0,-2.0,-18.0,1.41641925162
40.0,-5.0,-15.0,1.38747181726
37.0,-4.0,-12.0,1.26136869652
35.0,-1.0,-9.0,1.16620822468
32.0,-1.0,6.0,1.05074177257
34.0,-3.0,2.0,1.10292393531
35.0,-4.0,5.0,1.14777076611
35.0,-6.0,5.0,1.15680135981
38.0,-11.0,-1.0,1.27653928628
33.0,-14.0,-4.0,1.16352830948
30.0,-12.0,-6.0,1.06010817582
28.0,-8.0,-6.0,0.959101209504
29.0,-8.0,-10.0,1.02263661188
28.0,-5.0,-13.0,1.00880617878
28.0,-4.0,-15.0,1.03276197378
30.0,-5.0,-11.0,1.04328784702
28.0,-7.0,-6.0,0.950929224063
29.0,-7.0,-4.0,0.970962383438
27.0,-7.0,-4.0,0.908967922813
28.0,-5.0,-2.0,0.919779188992
27.0,-6.0,-3.0,0.897446951177
25.0,-4.0,-4.0,0.826839072128
27.0,-4.0,-4.0,0.889878337041
27.0,-3.0,-4.0,0.88577614308
26.0,-4.0,-6.0,0.87037016537
26.0,-3.0,-9.0,0.892796935684
26.0,-5.0,-8.0,0.892213979738
27.0,-5.0,-9.0,0.932140856568
27.0,-4.0,-10.0,0.937705926048
25.0,-2.0,-10.0,0.870967741935
25.0,-2.0,-7.0,0.83994945589
25.0,-3.0,-5.0,0.828096622774
25.0,-2.0,-8.0,0.849190102006
27.0,-1.0,-10.0,0.929345825219
26.0,-1.0,-9.0,0.88812257406
24.0,1.0,-6.0,0.798672155041
25.0,1.0,-9.0,0.857724890342
27.0,1.0,-11.0,0.941029170698
30.0,3.0,-13.0,1.05912613931
29.0,2.0,-19.0,1.12024228092
29.0,2.0,-20.0,1.13821153319
30.0,4.0,-19.0,1.15274634743
30.0,3.0,-21.0,1.18523697231
29.0,3.0,-21.0,1.1590480144
32.0,2.0,-25.0,1.31151944195
31.0,0.0,-25.0,1.28466501624
30.0,0.0,-25.0,1.25971768966
34.0,-2.0,-20.0,1.27409146181
51.0,-12.0,-3.0,1.69285700173
44.0,-13.0,-2.0,1.48141451654
35.0,-13.0,-4.0,1.21128924874
33.0,-11.0,-2.0,1.12395170259
31.0,-7.0,-15.0,1.1336311865
22.0,-6.0,-13.0,0.84673579022
21.0,0.0,-9.0,0.737010300567
22.0,0.0,-4.0,0.721312250806
22.0,-2.0,-2.0,0.715518484284
25.0,-1.0,-3.0,0.812877623765
36.0,6.0,0.0,1.17730887683
33.0,5.0,1.0,1.077148894
33.0,0.0,6.0,1.08196837621
31.0,-3.0,7.0,1.02973481932
30.0,-6.0,8.0,1.0200895678
28.0,-6.0,5.0,0.937705926048
27.0,-5.0,-4.0,0.895124962936
28.0,-2.0,-3.0,0.910683497645
28.0,-2.0,-5.0,0.919779188992
30.0,-1.0,-9.0,1.010867072
31.0,-1.0,-9.0,1.04179066206
30.0,0.0,-6.0,0.986907002631
32.0,2.0,-5.0,1.04677295094
31.0,2.0,-5.0,1.01497630468
30.0,1.0,-8.0,1.00207900432
29.0,0.0,-14.0,1.03878981859
30.0,-7.0,-18.0,1.15093953387
29.0,-8.0,-13.0,1.05715932956
30.0,-5.0,-5.0,0.99426032306
30.0,-3.0,1.0,0.973103427677
29.0,-2.0,2.0,0.939922728022
31.0,-3.0,-1.0,1.00518944844
31.0,-2.0,-3.0,1.00674106673
30.0,-2.0,-4.0,0.978435541168
32.0,-2.0,-4.0,1.04228996267
31.0,-4.0,-7.0,1.03326563729
31.0,-2.0,-5.0,1.01497630468
31.0,-2.0,-5.0,1.01497630468
32.0,-3.0,-3.0,1.04129112204
31.0,-3.0,-4.0,1.01292377214
32.0,-2.0,-5.0,1.04677295094
32.0,-1.0,-5.0,1.04528075781
32.0,-1.0,-4.0,1.04079134225
34.0,-2.0,-8.0,1.12857133449
37.0,-2.0,-6.0,1.21085963736
39.0,0.0,-7.0,1.27816856491
41.0,-1.0,-7.0,1.34210606856
42.0,-1.0,-5.0,1.36478682589
40.0,1.0,-5.0,1.30076420346
35.0,1.0,-6.0,1.14595610763
32.0,-2.0,-7.0,1.05863477945
31.0,-3.0,-3.0,1.00932179659
28.0,-5.0,-1.0,0.918080611017
29.0,-3.0,2.0,0.942686399755
29.0,-4.0,3.0,0.949286385133
29.0,-7.0,4.0,0.970962383438
29.0,-9.0,3.0,0.98426750338
32.0,-9.0,-4.0,1.08004316405
32.0,-9.0,-4.0,1.08004316405
32.0,-7.0,-4.0,1.06451612903
32.0,-6.0,-6.0,1.06793195853
31.0,-3.0,-5.0,1.0175361481
30.0,-3.0,-5.0,0.985852050964
30.0,-3.0,-5.0,0.985852050964
28.0,0.0,-7.0,0.931023850946
27.0,-1.0,-6.0,0.892796935684
25.0,-4.0,-7.0,0.847350034617
28.0,-5.0,-5.0,0.931582521174
28.0,-4.0,-7.0,0.939922728022
28.0,-6.0,-8.0,0.959101209504
30.0,-7.0,-8.0,1.02669873954
28.0,-6.0,-11.0,0.989539461302
26.0,-5.0,-8.0,0.892213979738
22.0,-9.0,-6.0,0.790816172396
24.0,-6.0,-6.0,0.821156262023
26.0,-7.0,-9.0,0.915810939779
25.0,-5.0,-8.0,0.861960594573
23.0,0.0,-12.0,0.836846565876
23.0,1.0,-10.0,0.80967099342
26.0,1.0,-10.0,0.899184507404
27.0,1.0,-12.0,0.953660999942
31.0,0.0,-15.0,1.11091453921
30.0,1.0,-16.0,1.0972484743
31.0,5.0,-22.0,1.23679287179
34.0,5.0,-20.0,1.28263840981
33.0,0.0,-13.0,1.14413857103
36.0,1.0,-16.0,1.27122970937
46.0,-9.0,-15.0,1.58754255476
42.0,-12.0,-10.0,1.44550687112
34.0,-13.0,-10.0,1.2177152315
31.0,-12.0,-5.0,1.08437008477
33.0,-8.0,-7.0,1.11838295635
29.0,-8.0,-8.0,1.00415370428
26.0,-5.0,-11.0,0.924856205602
20.0,-1.0,-5.0,0.665798949695
22.0,-1.0,-2.0,0.713333689919
30.0,1.0,-2.0,0.97042638429
32.0,0.0,-2.0,1.03427222851
32.0,0.0,1.0,1.03276197378
32.0,0.0,5.0,1.0447828865
33.0,-3.0,2.0,1.07085114017
31.0,-1.0,1.0,1.00104004188
31.0,-2.0,1.0,1.0025980818
30.0,-2.0,-3.0,0.974706124499
29.0,-2.0,-4.0,0.946541983943
29.0,-2.0,-4.0,0.946541983943
29.0,-1.0,-3.0,0.941029170698
30.0,-1.0,-5.0,0.981620906755
28.0,-2.0,-7.0,0.933256525257
29.0,0.0,-9.0,0.97949848069
27.0,-3.0,-13.0,0.971498086863
26.0,-2.0,-14.0,0.954751521739
32.0,-3.0,-5.0,1.0492552237
31.0,-4.0,-4.0,1.0165129843
29.0,-1.0,-3.0,0.941029170698
30.0,-2.0,-4.0,0.978435541168
31.0,-1.0,-7.0,1.02568471584
32.0,1.0,-6.0,1.05074177257
30.0,2.0,-7.0,0.995828970351
32.0,3.0,-4.0,1.0447828865
32.0,1.0,-3.0,1.03728614134
35.0,-4.0,-4.0,1.14368373556
35.0,-3.0,-6.0,1.14958256008
40.0,-3.0,-17.0,1.40535618779
40.0,-3.0,-12.0,1.35060783326
42.0,-1.0,-9.0,1.38597103606
39.0,1.0,-5.0,1.26877164124
29.0,-5.0,-8.0,0.983738753676
31.0,-4.0,-10.0,1.05863477945
32.0,-6.0,-8.0,1.08148739447
33.0,-10.0,-3.0,1.11652053548
34.0,-11.0,-3.0,1.15680135981
36.0,-12.0,-1.0,1.22453244491
36.0,-10.0,1.0,1.20569236071
32.0,-7.0,-1.0,1.05715932956
33.0,-5.0,-9.0,1.11512167854
34.0,0.0,-15.0,1.19876801136
34.0,2.0,-17.0,1.22792685875
27.0,-2.0,-12.0,0.955296315804
25.0,-4.0,-7.0,0.847350034617
25.0,-3.0,-6.0,0.834979297132
25.0,-2.0,-14.0,0.926542362345
24.0,-3.0,-5.0,0.796715421628
22.0,-6.0,-1.0,0.736304013582
21.0,-4.0,0.0,0.689598655691
22.0,-4.0,-9.0,0.777546502787
23.0,-3.0,-9.0,0.802571309976
22.0,-4.0,-6.0,0.746828187277
22.0,-4.0,-7.0,0.755830613797
18.0,-6.0,-1.0,0.612903225806
20.0,-5.0,-2.0,0.668139199265
22.0,-3.0,-4.0,0.727775107915
27.0,0.0,-11.0,0.940476112072
31.0,1.0,-14.0,1.09772255014
35.0,17.0,-36.0,1.70998171364
34.0,18.0,-36.0,1.69960514482
36.0,19.0,-34.0,1.71089427176
34.0,14.0,-31.0,1.55140834276
32.0,11.0,-26.0,1.37655408344
32.0,8.0,-17.0,1.1970306655
31.0,3.0,-12.0,1.07666575924
29.0,-3.0,-11.0,1.00518944844
37.0,-13.0,-10.0,1.30555524805
44.0,-13.0,-16.0,1.56742330494
44.0,-16.0,-15.0,1.58590303913
36.0,-14.0,-6.0,1.26095614746
36.0,-11.0,-3.0,1.21814242506
30.0,-2.0,-16.0,1.09867008812
24.0,2.0,-13.0,0.882834334413
20.0,2.0,-9.0,0.710410178889
22.0,0.0,-6.0,0.735597048451
24.0,-1.0,-2.0,0.777546502787
34.0,3.0,0.0,1.10103536554
32.0,0.0,1.0,1.03276197378
33.0,-2.0,2.0,1.06841904269
30.0,-4.0,3.0,0.981090730693
30.0,-3.0,3.0,0.977371445648
29.0,-5.0,0.0,0.949286385133
29.0,-3.0,-1.0,0.941029170698
30.0,-3.0,-5.0,0.985852050964
28.0,-3.0,-5.0,0.922603202973
31.0,-4.0,-4.0,1.0165129843
30.0,-4.0,-1.0,0.976838963208
31.0,-3.0,-4.0,1.01292377214
30.0,-3.0,-2.0,0.974706124499
30.0,-2.0,-7.0,0.995828970351
31.0,-3.0,-7.0,1.02973481932
29.0,-3.0,-7.0,0.967204151649
28.0,-4.0,-6.0,0.932698857729
32.0,-4.0,-5.0,1.05272057239
30.0,-2.0,-5.0,0.983209719621
30.0,-2.0,-5.0,0.983209719621
32.0,-3.0,-5.0,1.0492552237
31.0,-1.0,-3.0,1.00518944844
31.0,-2.0,-5.0,1.01497630468
30.0,-2.0,-5.0,0.983209719621
33.0,-1.0,-6.0,1.08244914423
34.0,-1.0,-5.0,1.10903957662
34.0,-2.0,-7.0,1.12163475166
34.0,-2.0,-6.0,1.11558815908
36.0,-6.0,-16.0,1.2854747642
39.0,-4.0,-13.0,1.33237912439
33.0,0.0,-6.0,1.08196837621
31.0,-2.0,-7.0,1.02720537601
30.0,-6.0,-4.0,0.995306362616
29.0,-6.0,-8.0,0.989539461302
34.0,-8.0,-2.0,1.12857133449
33.0,-11.0,0.0,1.12209852458
34.0,-8.0,-6.0,1.14322871914
32.0,-5.0,-9.0,1.08437008477
31.0,-4.0,-8.0,1.04079134225
33.0,-3.0,-10.0,1.11652053548
32.0,-3.0,-9.0,1.07666575924
31.0,0.0,-8.0,1.03276197378
29.0,0.0,-10.0,0.989539461302
28.0,-1.0,-9.0,0.949286385133
25.0,-1.0,-6.0,0.829979376146
22.0,-4.0,-5.0,0.73912511209
22.0,-5.0,-8.0,0.772174787328
21.0,-6.0,-9.0,0.762000762001
20.0,-5.0,-8.0,0.713333689919
23.0,-4.0,-8.0,0.796062108339
24.0,-3.0,-4.0,0.790816172396
24.0,-2.0,-4.0,0.787519717144
25.0,-1.0,-5.0,0.823054891753
24.0,0.0,-5.0,0.790816172396
21.0,-5.0,-5.0,0.714790961489
22.0,-5.0,-5.0,0.745433548922
29.0,-2.0,-14.0,1.04079134225
30.0,3.0,-23.0,1.22325711135
32.0,11.0,-34.0,1.5473787039
35.0,14.0,-27.0,1.49574491863
34.0,17.0,-27.0,1.50407009379
36.0,11.0,-16.0,1.31942976363
31.0,4.0,-13.0,1.09202005676
29.0,-2.0,-10.0,0.991640396706
28.0,-4.0,-9.0,0.957472392236
31.0,-9.0,-10.0,1.09011259669
36.0,-11.0,-18.0,1.3459771642
45.0,-16.0,-14.0,1.6054667275
28.0,-10.0,-6.0,0.978435541168
27.0,-4.0,-9.0,0.92710373311
35.0,-2.0,-16.0,1.24308702374
37.0,-3.0,-15.0,1.29153169156
27.0,0.0,-1.0,0.871564908781
28.0,2.0,0.0,0.905527022427
30.0,5.0,0.0,0.981090730693
33.0,2.0,1.0,1.06695712313
33.0,1.0,-2.0,1.06695712313
31.0,2.0,1.0,1.0025980818
29.0,2.0,1.0,0.938260617564
28.0,0.0,4.0,0.912395846692
27.0,-1.0,3.0,0.876921110908
27.0,-2.0,0.0,0.873353959399
27.0,0.0,-2.0,0.873353959399
28.0,0.0,-3.0,0.908395344537
28.0,-2.0,-4.0,0.914673992178
30.0,-2.0,-7.0,0.995828970351
31.0,-1.0,-12.0,1.07279284828
31.0,-1.0,-14.0,1.09772255014
32.0,-1.0,-19.0,1.20093615929
31.0,-2.0,-14.0,1.0991435508
31.0,-4.0,-11.0,1.06890590489
31.0,-4.0,-13.0,1.09202005676
31.0,-2.0,0.0,1.00207900432
28.0,-2.0,0.0,0.905527022427
28.0,-1.0,1.0,0.904377146379
29.0,-1.0,1.0,0.936595557481
30.0,-2.0,0.0,0.969890088927
31.0,-3.0,-2.0,1.00674106673
32.0,-1.0,-5.0,1.04528075781
32.0,-1.0,-4.0,1.04079134225
31.0,-1.0,-4.0,1.00880617878
31.0,-3.0,-4.0,1.01292377214
36.0,-2.0,-4.0,1.17021659014
35.0,-2.0,-5.0,1.14231814256
37.0,0.0,-8.0,1.22112859553
37.0,-1.0,-11.0,1.24559577912
41.0,1.0,-13.0,1.38784675899
41.0,1.0,-17.0,1.43212728261
39.0,2.0,-17.0,1.37390577026
32.0,3.0,-9.0,1.07666575924
31.0,-2.0,-2.0,1.00415370428
31.0,-4.0,1.0,1.00880617878
32.0,-4.0,0.0,1.04029132236
31.0,-7.0,-1.0,1.02568471584
29.0,-7.0,-3.0,0.967204151649
29.0,-8.0,-7.0,0.996351303966
33.0,-7.0,-4.0,1.09582501622
32.0,-6.0,-2.0,1.05222622131
31.0,-4.0,-6.0,1.02669873954
32.0,-3.0,-7.0,1.06108930345
33.0,-2.0,-6.0,1.0838901688
31.0,1.0,-7.0,1.02568471584
30.0,0.0,-8.0,1.00155965782
28.0,1.0,-8.0,0.939922728022
26.0,-4.0,-11.0,0.919779188992
26.0,-3.0,-10.0,0.90380165975
24.0,-6.0,-9.0,0.849190102006
23.0,-7.0,-3.0,0.781551060618
22.0,-7.0,-5.0,0.762000762001
23.0,-6.0,-4.0,0.777546502787
22.0,-7.0,-6.0,0.769474867218
22.0,-7.0,-8.0,0.788180111153
24.0,-7.0,-5.0,0.822422502192
23.0,-6.0,-3.0,0.772848293594
22.0,-8.0,-6.0,0.779551353135
24.0,-6.0,-7.0,0.829352266592
24.0,-5.0,-9.0,0.842423539174
30.0,0.0,-15.0,1.08196837621
29.0,7.0,-22.0,1.19572599954
31.0,10.0,-24.0,1.30515666607
31.0,15.0,-22.0,1.3182462414
34.0,16.0,-21.0,1.38859633871
34.0,13.0,-20.0,1.33977804241
36.0,7.0,-12.0,1.24476008913
29.0,0.0,-13.0,1.02517732788
30.0,0.0,-15.0,1.08196837621
31.0,1.0,-20.0,1.19049303789
42.0,0.0,-21.0,1.51475572669
47.0,-8.0,-17.0,1.63278073998
47.0,-12.0,-8.0,1.58590303913
38.0,-15.0,-2.0,1.31942976363
28.0,-15.0,-1.0,1.02517732788
24.0,-12.0,-4.0,0.875139352661
24.0,-9.0,-9.0,0.876327594013
30.0,-3.0,-15.0,1.08628762842
29.0,-3.0,-11.0,1.00518944844
29.0,-2.0,-2.0,0.939922728022
29.0,0.0,0.0,0.935483870968
32.0,1.0,-3.0,1.03728614134
34.0,5.0,-3.0,1.11278634262
33.0,3.0,-1.0,1.06939254544
29.0,1.0,1.0,0.936595557481
31.0,-1.0,2.0,1.0025980818
30.0,-2.0,3.0,0.974706124499
30.0,-3.0,0.0,0.972568608496
30.0,-3.0,1.0,0.973103427677
29.0,-2.0,-1.0,0.938260617564
29.0,-3.0,-3.0,0.945441992887
28.0,-3.0,-3.0,0.913535629581
28.0,-4.0,-4.0,0.921474635941
28.0,-7.0,-3.0,0.936039879261
30.0,-7.0,-4.0,1.00207900432
28.0,-7.0,-10.0,0.985324151568
30.0,-2.0,-11.0,1.03276197378
30.0,0.0,-9.0,1.0103522428
32.0,-1.0,-9.0,1.07279284828
30.0,-4.0,-8.0,1.00983715113
30.0,-3.0,-5.0,0.985852050964
29.0,-4.0,-2.0,0.946541983943
30.0,-5.0,-6.0,1.0
28.0,-3.0,-5.0,0.922603202973
29.0,-4.0,-6.0,0.963971148225
31.0,-3.0,-4.0,1.01292377214
31.0,-1.0,-4.0,1.00880617878
31.0,-1.0,-4.0,1.00880617878
29.0,2.0,-7.0,0.964510734692
28.0,4.0,-4.0,0.921474635941
32.0,5.0,0.0,1.0447828865
31.0,4.0,-5.0,1.02110914783
30.0,2.0,-10.0,1.02212771082
32.0,0.0,-3.0,1.03678443097
34.0,0.0,-2.0,1.09867008812
36.0,0.0,-4.0,1.16843679202
35.0,0.0,0.0,1.12903225806
34.0,0.0,-1.0,1.0972484743
35.0,0.0,0.0,1.12903225806
38.0,-3.0,0.0,1.22962055178
37.0,-5.0,-1.0,1.20482899335
34.0,-4.0,-2.0,1.10622117416
31.0,-8.0,-10.0,1.08196837621
26.0,-14.0,-22.0,1.18786791223
28.0,-16.0,-6.0,1.05814319141
27.0,-13.0,-5.0,0.980029518127
30.0,-8.0,-3.0,1.00622412648
31.0,-6.0,-4.0,1.02669873954
33.0,-8.0,-2.0,1.0972484743
33.0,-7.0,-4.0,1.09582501622
34.0,-5.0,-9.0,1.14595610763
34.0,-3.0,-12.0,1.16710016227
30.0,-6.0,-9.0,1.02872378833
29.0,-8.0,-9.0,1.01292377214
25.0,-9.0,-8.0,0.895124962936
27.0,-8.0,-8.0,0.944340720536
29.0,-5.0,-7.0,0.975773126597
28.0,-3.0,-7.0,0.936039879261
27.0,-4.0,-9.0,0.92710373311
26.0,-3.0,-6.0,0.866175585942
28.0,-3.0,-13.0,1.00052015608
28.0,-2.0,-11.0,0.972568608496
27.0,0.0,-11.0,0.940476112072
28.0,-1.0,-12.0,0.983209719621
29.0,3.0,-9.0,0.98426750338
27.0,3.0,-9.0,0.923166969113
27.0,1.0,-11.0,0.941029170698
26.0,0.0,-10.0,0.898605695302
27.0,1.0,-10.0,0.929345825219
26.0,0.0,-11.0,0.910683497645
25.0,-2.0,-13.0,0.911254638182
27.0,-3.0,-15.0,1.00104004188
25.0,-2.0,-14.0,0.926542362345
26.0,-2.0,-14.0,0.954751521739
26.0,-2.0,-14.0,0.954751521739
24.0,-1.0,-13.0,0.881064534435
25.0,-1.0,-12.0,0.895124962936
29.0,0.0,-14.0,1.03878981859
28.0,-2.0,-16.0,1.04228996267
26.0,-6.0,-15.0,0.987434055807
26.0,-7.0,-16.0,1.0103522428
34.0,-11.0,-16.0,1.26301754519
38.0,-12.0,-11.0,1.33355010378
34.0,-12.0,-4.0,1.17021659014
32.0,-12.0,-7.0,1.12533958339
35.0,-11.0,-9.0,1.21856946887
37.0,-7.0,-10.0,1.25682320895
33.0,-1.0,-8.0,1.09582501622
29.0,0.0,-8.0,0.97042638429
29.0,6.0,-8.0,0.989539461302
31.0,2.0,-3.0,1.00674106673
29.0,-5.0,1.0,0.949834313828
30.0,-6.0,1.0,0.987434055807
31.0,-6.0,-1.0,1.01906896767
30.0,-5.0,-2.0,0.983209719621
33.0,-4.0,-2.0,1.07424682615
32.0,-2.0,-5.0,1.04677295094
29.0,-2.0,-11.0,1.0025980818
29.0,-4.0,-9.0,0.987960827814
31.0,-3.0,-9.0,1.04577839209
30.0,-4.0,-6.0,0.995306362616
31.0,-5.0,-8.0,1.04528075781
31.0,-7.0,-7.0,1.04975097389
31.0,-7.0,-8.0,1.05715932956
32.0,-7.0,-5.0,1.06890590489
30.0,-5.0,-3.0,0.985852050964
30.0,-3.0,-4.0,0.981090730693
30.0,-2.0,-1.0,0.97042638429
29.0,-1.0,-1.0,0.936595557481
32.0,0.0,1.0,1.03276197378
32.0,-1.0,-1.0,1.03326563729
32.0,-3.0,0.0,1.03678443097
32.0,-6.0,-2.0,1.05222622131
31.0,-7.0,-1.0,1.02568471584
29.0,-5.0,-4.0,0.958015639027
29.0,-6.0,-2.0,0.957472392236
31.0,-5.0,-4.0,1.02110914783
32.0,-5.0,-5.0,1.05715932956
32.0,-5.0,-6.0,1.06255929626
29.0,-5.0,-4.0,0.958015639027
30.0,-5.0,-6.0,1.0
29.0,-6.0,-4.0,0.963971148225
32.0,-4.0,-4.0,1.04826301995
33.0,-5.0,-5.0,1.08867980843
33.0,-4.0,-5.0,1.08437008477
32.0,-3.0,-2.0,1.03878981859
31.0,-3.0,-1.0,1.00518944844
30.0,-3.0,-5.0,0.985852050964
30.0,-4.0,-4.0,0.984795969192
30.0,-4.0,-3.0,0.981090730693
33.0,-4.0,-1.0,1.07279284828
31.0,-4.0,-5.0,1.02110914783
30.0,-5.0,-6.0,1.0
31.0,-2.0,-5.0,1.01497630468
31.0,-4.0,-3.0,1.01292377214
31.0,-5.0,-3.0,1.0175361481
30.0,-4.0,-4.0,0.984795969192
32.0,-3.0,-5.0,1.0492552237
31.0,-4.0,-5.0,1.02110914783
29.0,-6.0,-2.0,0.957472392236
30.0,-6.0,-2.0,0.989013530113
28.0,-6.0,-4.0,0.932698857729
30.0,-6.0,-3.0,0.991640396706
33.0,-5.0,-6.0,1.09392419083
32.0,-7.0,-6.0,1.07424682615
33.0,-7.0,-6.0,1.10528010961
29.0,-5.0,-6.0,0.968816607592
29.0,-2.0,-8.0,0.972568608496
32.0,-1.0,-3.0,1.03728614134
32.0,-1.0,-3.0,1.03728614134
32.0,-6.0,-2.0,1.05222622131
30.0,-5.0,-2.0,0.983209719621
30.0,-7.0,-3.0,0.998437905841
29.0,-6.0,-7.0,0.981620906755
29.0,-5.0,-7.0,0.975773126597
29.0,-4.0,-6.0,0.963971148225
30.0,-3.0,-7.0,0.998437905841
34.0,-1.0,-7.0,1.12024228092
33.0,-3.0,-8.0,1.09961680962
30.0,-3.0,-8.0,1.00622412648
30.0,-4.0,-5.0,0.989539461302
29.0,-5.0,-6.0,0.968816607592
28.0,-5.0,-6.0,0.937705926048
29.0,-4.0,-7.0,0.970962383438
30.0,-1.0,-8.0,1.00207900432
32.0,-1.0,-7.0,1.05715932956
30.0,-3.0,-6.0,0.991640396706
31.0,-2.0,-7.0,1.02720537601
31.0,-3.0,-5.0,1.0175361481
29.0,-4.0,-6.0,0.963971148225
29.0,-6.0,-6.0,0.974706124499
29.0,-6.0,-7.0,0.981620906755
29.0,-4.0,-7.0,0.970962383438
29.0,-5.0,-9.0,0.992689196995
31.0,-3.0,-9.0,1.04577839209
31.0,-3.0,-9.0,1.04577839209
31.0,-4.0,-6.0,1.02669873954
29.0,-6.0,-7.0,0.981620906755
29.0,-6.0,-5.0,0.968816607592
29.0,-5.0,-5.0,0.962891068168
29.0,-6.0,-7.0,0.981620906755
29.0,-4.0,-7.0,0.970962383438
29.0,-4.0,-6.0,0.963971148225
31.0,-5.0,-8.0,1.04528075781
31.0,-4.0,-7.0,1.03326563729
30.0,-3.0,-9.0,1.01497630468
31.0,-4.0,-9.0,1.0492552237
32.0,-4.0,-9.0,1.08004316405
32.0,-2.0,-8.0,1.06598139625
31.0,-4.0,-9.0,1.0492552237
31.0,-4.0,-9.0,1.0492552237
30.0,-4.0,-9.0,1.01855828412
29.0,-4.0,-7.0,0.970962383438
29.0,-4.0,-8.0,0.978967155193
29.0,-4.0,-6.0,0.963971148225
31.0,-2.0,-8.0,1.03477515693
31.0,-3.0,-6.0,1.02314525982
29.0,-3.0,-8.0,0.975239771473
30.0,-3.0,-8.0,1.00622412648
30.0,-2.0,-8.0,1.00363543136
30.0,-2.0,-8.0,1.00363543136
28.0,-4.0,-8.0,0.948189577852
28.0,-3.0,-8.0,0.944340720536
28.0,-5.0,-8.0,0.953115271142
30.0,-3.0,-6.0,0.991640396706
28.0,-5.0,-8.0,0.953115271142
28.0,-5.0,-8.0,0.953115271142
28.0,-5.0,-8.0,0.953115271142
28.0,-5.0,-6.0,0.937705926048
28.0,-5.0,-6.0,0.937705926048
28.0,-5.0,-5.0,0.931582521174
30.0,-5.0,-6.0,1.0
29.0,-3.0,-6.0,0.960185552654
30.0,-5.0,-7.0,1.00674106673
30.0,-5.0,-9.0,1.02314525982
30.0,-3.0,-9.0,1.01497630468
30.0,-3.0,-8.0,1.00622412648
32.0,-3.0,-10.0,1.08580855998
32.0,-5.0,-10.0,1.09344846817
32.0,-4.0,-10.0,1.08915761394
30.0,-4.0,-10.0,1.02821790003
31.0,-4.0,-10.0,1.05863477945
31.0,-5.0,-8.0,1.04528075781
29.0,-5.0,-9.0,0.992689196995
30.0,-3.0,-8.0,1.00622412648
30.0,-3.0,-8.0,1.00622412648
29.0,-3.0,-8.0,0.975239771473
29.0,-3.0,-8.0,0.975239771473
31.0,-3.0,-8.0,1.03728614134
29.0,-5.0,-7.0,0.975773126597
31.0,-5.0,-8.0,1.04528075781
29.0,-4.0,-7.0,0.970962383438
29.0,-4.0,-8.0,0.978967155193
29.0,-6.0,-8.0,0.989539461302
29.0,-5.0,-8.0,0.983738753676
29.0,-6.0,-7.0,0.981620906755
29.0,-5.0,-7.0,0.975773126597
29.0,-6.0,-7.0,0.981620906755
29.0,-6.0,-7.0,0.981620906755
29.0,-4.0,-8.0,0.978967155193
31.0,-5.0,-8.0,1.04528075781
31.0,-3.0,-8.0,1.03728614134
31.0,-3.0,-8.0,1.03728614134
31.0,-3.0,-8.0,1.03728614134
31.0,-3.0,-8.0,1.03728614134
31.0,-3.0,-8.0,1.03728614134
29.0,-4.0,-7.0,0.970962383438
29.0,-4.0,-8.0,0.978967155193
29.0,-4.0,-8.0,0.978967155193
29.0,-4.0,-8.0,0.978967155193
29.0,-4.0,-8.0,0.978967155193
29.0,-4.0,-8.0,0.978967155193
29.0,-4.0,-8.0,0.978967155193
29.0,-4.0,-6.0,0.963971148225
31.0,-4.0,-8.0,1.04079134225
29.0,-5.0,-7.0,0.975773126597
29.0,-5.0,-7.0,0.975773126597
29.0,-5.0,-8.0,0.983738753676
29.0,-5.0,-7.0,0.975773126597
29.0,-4.0,-8.0,0.978967155193
29.0,-4.0,-8.0,0.978967155193
29.0,-5.0,-8.0,0.983738753676
29.0,-4.0,-8.0,0.978967155193
29.0,-4.0,-8.0,0.978967155193
29.0,-4.0,-8.0,0.978967155193
29.0,-4.0,-7.0,0.970962383438
31.0,-4.0,-8.0,1.04079134225
31.0,-4.0,-8.0,1.04079134225
29.0,-5.0,-8.0,0.983738753676
29.0,-5.0,-8.0,0.983738753676
29.0,-4.0,-8.0,0.978967155193
29.0,-4.0,-8.0,0.978967155193
29.0,-5.0,-7.0,0.975773126597
29.0,-5.0,-8.0,0.983738753676
29.0,-5.0,-8.0,0.983738753676
31.0,-5.0,-8.0,1.04528075781
31.0,-5.0,-8.0,1.04528075781
29.0,-5.0,-8.0,0.983738753676
29.0,-5.0,-8.0,0.983738753676
31.0,-5.0,-8.0,1.04528075781
29.0,-5.0,-8.0,0.983738753676
31.0,-4.0,-7.0,1.03326563729
29.0,-4.0,-8.0,0.978967155193
29.0,-4.0,-8.0,0.978967155193
29.0,-4.0,-8.0,0.978967155193
29.0,-4.0,-8.0,0.978967155193
29.0,-5.0,-8.0,0.983738753676
29.0,-5.0,-8.0,0.983738753676
29.0,-5.0,-8.0,0.983738753676
29.0,-5.0,-8.0,0.983738753676
