27.0,-18.0,-6.0,1.06451612903
26.0,-16.0,-8.0,1.01804734439
24.0,-16.0,-9.0,0.974706124499
24.0,-16.0,-9.0,0.974706124499
25.0,-17.0,-10.0,1.02720537601
23.0,-16.0,-9.0,0.949286385133
25.0,-16.0,-7.0,0.983738753676
26.0,-16.0,-7.0,1.0103522428
26.0,-14.0,-7.0,0.978967155193
24.0,-14.0,-8.0,0.932698857729
25.0,-15.0,-6.0,0.960185552654
23.0,-15.0,-6.0,0.906675440165
24.0,-16.0,-7.0,0.957472392236
22.0,-16.0,-7.0,0.906101413238
24.0,-20.0,-7.0,1.03276197378
24.0,-23.0,-8.0,1.10292393531
25.0,-24.0,-9.0,1.15500088968
24.0,-23.0,-10.0,1.11977773921
24.0,-16.0,-6.0,0.950381926623
24.0,-12.0,-4.0,0.875139352661
27.0,-9.0,-4.0,0.92710373311
27.0,-11.0,-4.0,0.949286385133
28.0,-14.0,-4.0,1.01804734439
28.0,-15.0,-4.0,1.03276197378
25.0,-16.0,-7.0,0.983738753676
24.0,-15.0,-8.0,0.94873813999
28.0,-15.0,-5.0,1.03728614134
28.0,-16.0,-6.0,1.05814319141
25.0,-17.0,-5.0,0.9884873191
25.0,-16.0,-5.0,0.970962383438
26.0,-18.0,-5.0,1.03276197378
24.0,-18.0,-4.0,0.97630619035
25.0,-18.0,-4.0,1.00207900432
25.0,-18.0,-4.0,1.00207900432
26.0,-17.0,-5.0,1.01497630468
26.0,-17.0,-3.0,1.00674106673
27.0,-18.0,-3.0,1.05123682173
25.0,-17.0,-3.0,0.980029518127
24.0,-16.0,-3.0,0.935483870968
24.0,-17.0,-3.0,0.953660999942
24.0,-18.0,-5.0,0.981090730693
25.0,-17.0,-4.0,0.983738753676
27.0,-15.0,-4.0,1.00467170983
26.0,-15.0,-6.0,0.987434055807
25.0,-17.0,-6.0,0.99426032306
27.0,-17.0,-4.0,1.03728614134
26.0,-17.0,-4.0,1.0103522428
26.0,-15.0,-5.0,0.981620906755
26.0,-15.0,-5.0,0.981620906755
25.0,-18.0,-4.0,1.00207900432
25.0,-17.0,-4.0,0.983738753676
27.0,-18.0,-4.0,1.05469565963
25.0,-15.0,-4.0,0.949286385133
27.0,-16.0,-3.0,1.01702469487
27.0,-14.0,-5.0,0.99426032306
25.0,-14.0,-5.0,0.938260617564
25.0,-14.0,-5.0,0.938260617564
27.0,-16.0,-5.0,1.02517732788
27.0,-15.0,-5.0,1.00932179659
27.0,-15.0,-6.0,1.01497630468
25.0,-16.0,-4.0,0.966127685927
25.0,-16.0,-4.0,0.966127685927
24.0,-15.0,-4.0,0.922039092126
25.0,-15.0,-5.0,0.954206416629
27.0,-15.0,-4.0,1.00467170983
26.0,-16.0,-5.0,0.997916664404
27.0,-16.0,-5.0,1.02517732788
26.0,-15.0,-4.0,0.976838963208
26.0,-15.0,-2.0,0.97042638429
27.0,-15.0,-2.0,0.998437905841
27.0,-17.0,-4.0,1.03728614134
25.0,-14.0,-2.0,0.926542362345
27.0,-16.0,-4.0,1.02059948513
25.0,-16.0,-5.0,0.970962383438
26.0,-16.0,-5.0,0.997916664404
24.0,-17.0,-8.0,0.983209719621
27.0,-16.0,-9.0,1.05321469144
26.0,-16.0,-7.0,1.0103522428
26.0,-17.0,-5.0,1.01497630468
27.0,-17.0,-2.0,1.0312495073
27.0,-17.0,-3.0,1.03376905542
23.0,-16.0,-4.0,0.912965916005
25.0,-16.0,-2.0,0.959643534235
26.0,-18.0,-6.0,1.0382888348
27.0,-16.0,-7.0,1.03728614134
23.0,-15.0,-5.0,0.900341015287
24.0,-16.0,-5.0,0.944340720536
24.0,-18.0,-7.0,0.993736890371
25.0,-19.0,-5.0,1.02568471584
24.0,-19.0,-6.0,1.00622412648
23.0,-16.0,-6.0,0.9242934698
25.0,-16.0,-4.0,0.966127685927
25.0,-16.0,-6.0,0.976838963208
26.0,-16.0,-5.0,0.997916664404
27.0,-17.0,-4.0,1.03728614134
25.0,-17.0,-6.0,0.99426032306
24.0,-18.0,-4.0,0.97630619035
25.0,-18.0,-4.0,1.00207900432
25.0,-16.0,-4.0,0.966127685927
27.0,-17.0,-5.0,1.04179066206
25.0,-15.0,-5.0,0.954206416629
25.0,-16.0,-5.0,0.970962383438
25.0,-16.0,-5.0,0.970962383438
24.0,-16.0,-3.0,0.935483870968
25.0,-18.0,-5.0,1.00674106673
26.0,-18.0,-4.0,1.02821790003
25.0,-18.0,-6.0,1.0124099888
23.0,-19.0,-6.0,0.981620906755
24.0,-17.0,-5.0,0.96235057356
26.0,-17.0,-5.0,1.01497630468
25.0,-17.0,-3.0,0.980029518127
25.0,-16.0,-4.0,0.966127685927
25.0,-18.0,-4.0,1.00207900432
27.0,-17.0,-4.0,1.03728614134
25.0,-17.0,-4.0,0.983738753676
25.0,-17.0,-3.0,0.980029518127
26.0,-19.0,-5.0,1.05123682173
26.0,-18.0,-5.0,1.03276197378
25.0,-16.0,-4.0,0.966127685927
25.0,-16.0,-5.0,0.970962383438
26.0,-16.0,-2.0,0.986907002631
24.0,-16.0,-4.0,0.939369017972
26.0,-16.0,-4.0,0.993213181828
26.0,-16.0,-3.0,0.989539461302
25.0,-16.0,-4.0,0.966127685927
25.0,-16.0,-5.0,0.970962383438
26.0,-16.0,-5.0,0.997916664404
26.0,-16.0,-5.0,0.997916664404
26.0,-16.0,-3.0,0.989539461302
25.0,-18.0,-4.0,1.00207900432
25.0,-18.0,-4.0,1.00207900432
26.0,-18.0,-3.0,1.02466968866
26.0,-18.0,-3.0,1.02466968866
26.0,-18.0,-4.0,1.02821790003
24.0,-18.0,-3.0,0.972568608496
25.0,-18.0,-3.0,0.998437905841
26.0,-16.0,-5.0,0.997916664404
26.0,-18.0,-3.0,1.02466968866
25.0,-18.0,-3.0,0.998437905841
24.0,-18.0,-4.0,0.97630619035
26.0,-16.0,-3.0,0.989539461302
26.0,-18.0,-3.0,1.02466968866
26.0,-18.0,-3.0,1.02466968866
26.0,-18.0,-5.0,1.03276197378
26.0,-16.0,-5.0,0.997916664404
26.0,-16.0,-5.0,0.997916664404
25.0,-16.0,-5.0,0.970962383438
26.0,-16.0,-5.0,0.997916664404
26.0,-18.0,-5.0,1.03276197378
26.0,-16.0,-3.0,0.989539461302
25.0,-16.0,-3.0,0.96235057356
25.0,-16.0,-3.0,0.96235057356
26.0,-16.0,-3.0,0.989539461302
26.0,-16.0,-5.0,0.997916664404
26.0,-16.0,-4.0,0.993213181828
26.0,-18.0,-3.0,1.02466968866
26.0,-18.0,-5.0,1.03276197378
26.0,-18.0,-4.0,1.02821790003
26.0,-18.0,-4.0,1.02821790003
26.0,-18.0,-5.0,1.03276197378
26.0,-16.0,-5.0,0.997916664404
26.0,-16.0,-5.0,0.997916664404
26.0,-16.0,-5.0,0.997916664404
25.0,-18.0,-5.0,1.00674106673
26.0,-18.0,-5.0,1.03276197378
24.0,-18.0,-5.0,0.981090730693
26.0,-18.0,-5.0,1.03276197378
24.0,-18.0,-5.0,0.981090730693
26.0,-18.0,-5.0,1.03276197378
26.0,-17.0,-4.0,1.0103522428
26.0,-16.0,-5.0,0.997916664404
26.0,-16.0,-5.0,0.997916664404
26.0,-16.0,-5.0,0.997916664404
24.0,-18.0,-4.0,0.97630619035
26.0,-18.0,-5.0,1.03276197378
26.0,-18.0,-4.0,1.02821790003
26.0,-16.0,-5.0,0.997916664404
24.0,-18.0,-5.0,0.981090730693
26.0,-18.0,-4.0,1.02821790003
26.0,-18.0,-5.0,1.03276197378
26.0,-18.0,-5.0,1.03276197378
26.0,-18.0,-5.0,1.03276197378
24.0,-17.0,-5.0,0.96235057356
24.0,-17.0,-5.0,0.96235057356
26.0,-18.0,-5.0,1.03276197378
26.0,-16.0,-4.0,0.993213181828
26.0,-16.0,-4.0,0.993213181828
26.0,-17.0,-5.0,1.01497630468
25.0,-16.0,-4.0,0.966127685927
25.0,-16.0,-4.0,0.966127685927
26.0,-17.0,-4.0,1.0103522428
24.0,-16.0,-4.0,0.939369017972
24.0,-18.0,-4.0,0.97630619035
26.0,-18.0,-5.0,1.03276197378
26.0,-16.0,-5.0,0.997916664404
26.0,-16.0,-5.0,0.997916664404
26.0,-16.0,-5.0,0.997916664404
24.0,-16.0,-5.0,0.944340720536
24.0,-18.0,-5.0,0.981090730693
24.0,-18.0,-5.0,0.981090730693
24.0,-17.0,-5.0,0.96235057356
25.0,-17.0,-5.0,0.9884873191
24.0,-18.0,-5.0,0.981090730693
26.0,-18.0,-5.0,1.03276197378
24.0,-17.0,-5.0,0.96235057356
26.0,-18.0,-3.0,1.02466968866
26.0,-17.0,-5.0,1.01497630468
24.0,-17.0,-5.0,0.96235057356
25.0,-19.0,-4.0,1.02110914783
25.0,-19.0,-4.0,1.02110914783
24.0,-18.0,-3.0,0.972568608496
24.0,-18.0,-3.0,0.972568608496
24.0,-18.0,-3.0,0.972568608496
24.0,-18.0,-3.0,0.972568608496
24.0,-17.0,-4.0,0.957472392236
25.0,-17.0,-4.0,0.983738753676
25.0,-17.0,-2.0,0.977371445648
24.0,-18.0,-3.0,0.972568608496
24.0,-17.0,-3.0,0.953660999942
24.0,-17.0,-3.0,0.953660999942
24.0,-17.0,-3.0,0.953660999942
24.0,-18.0,-5.0,0.981090730693
24.0,-17.0,-5.0,0.96235057356
25.0,-17.0,-5.0,0.9884873191
25.0,-17.0,-3.0,0.980029518127
24.0,-17.0,-5.0,0.96235057356
26.0,-17.0,-4.0,1.0103522428
26.0,-18.0,-5.0,1.03276197378
26.0,-18.0,-5.0,1.03276197378
24.0,-18.0,-5.0,0.981090730693
25.0,-17.0,-5.0,0.9884873191
24.0,-17.0,-4.0,0.957472392236
24.0,-17.0,-4.0,0.957472392236
25.0,-16.0,-6.0,0.976838963208
25.0,-16.0,-6.0,0.976838963208
24.0,-18.0,-6.0,0.986907002631
24.0,-18.0,-6.0,0.986907002631
24.0,-18.0,-4.0,0.97630619035
25.0,-18.0,-4.0,1.00207900432
24.0,-16.0,-5.0,0.944340720536
26.0,-16.0,-5.0,0.997916664404
23.0,-17.0,-3.0,0.927664764164
23.0,-16.0,-4.0,0.912965916005
23.0,-16.0,-2.0,0.906101413238
25.0,-17.0,-2.0,0.977371445648
26.0,-15.0,-2.0,0.97042638429
25.0,-15.0,-4.0,0.949286385133
30.0,-16.0,-3.0,1.10103536554
32.0,-17.0,-2.0,1.17066111688
30.0,-15.0,-2.0,1.0838901688
29.0,-14.0,-3.0,1.04328784702
23.0,-14.0,-4.0,0.878106941214
24.0,-15.0,-2.0,0.915242642523
25.0,-15.0,-3.0,0.945441992887
26.0,-14.0,-2.0,0.954751521739
26.0,-16.0,-2.0,0.986907002631
27.0,-18.0,-6.0,1.06451612903
28.0,-15.0,-5.0,1.03728614134
26.0,-13.0,-4.0,0.946541983943
23.0,-15.0,-4.0,0.895124962936
25.0,-15.0,-5.0,0.954206416629
26.0,-14.0,-4.0,0.961268672629
27.0,-16.0,-6.0,1.03074485862
26.0,-16.0,-5.0,0.997916664404
27.0,-14.0,-3.0,0.985852050964
26.0,-13.0,-2.0,0.939922728022
28.0,-14.0,-3.0,1.01446356087
26.0,-14.0,-2.0,0.954751521739
27.0,-14.0,-1.0,0.981620906755
27.0,-14.0,-3.0,0.985852050964
31.0,-18.0,-5.0,1.16754587554
32.0,-18.0,-3.0,1.1883058359
36.0,-12.0,-4.0,1.23088929215
35.0,-11.0,-3.0,1.18742982705
34.0,-15.0,-2.0,1.20050284296
34.0,-15.0,-3.0,1.20266786337
32.0,-14.0,-3.0,1.13087407374
31.0,-12.0,-6.0,1.08963520994
28.0,-17.0,-5.0,1.06890590489
24.0,-19.0,-4.0,0.995828970351
20.0,-22.0,-3.0,0.963971148225
21.0,-24.0,-2.0,1.03074485862
31.0,-25.0,0.0,1.28466501624
26.0,-28.0,0.0,1.23257891449
20.0,-30.0,-3.0,1.16710016227
17.0,-29.0,-8.0,1.11465500279
19.0,-26.0,-11.0,1.09772255014
20.0,-24.0,-9.0,1.04875923916
23.0,-20.0,-7.0,1.00880617878
21.0,-20.0,-8.0,0.97042638429
19.0,-16.0,-5.0,0.817345771569
22.0,-16.0,-7.0,0.906101413238
24.0,-16.0,-5.0,0.944340720536
23.0,-18.0,-10.0,0.995828970351
18.0,-18.0,-13.0,0.922039092126
17.0,-19.0,-4.0,0.832483090359
15.0,-18.0,4.0,0.766765440258
14.0,-16.0,2.0,0.688843758196
16.0,-15.0,1.0,0.70820962581
16.0,-15.0,0.0,0.707474587079
27.0,-7.0,2.0,0.902072997039
27.0,-7.0,1.0,0.900341015287
27.0,-6.0,-5.0,0.906675440165
27.0,-3.0,-8.0,0.913535629581
29.0,-4.0,-6.0,0.963971148225
28.0,-5.0,-9.0,0.96235057356
34.0,-6.0,-9.0,1.15093953387
34.0,-5.0,-12.0,1.17421127246
35.0,-8.0,-13.0,1.23173439303
34.0,-9.0,-17.0,1.26013064417
35.0,-17.0,-27.0,1.52775228854
36.0,-17.0,-28.0,1.5700765837
30.0,-29.0,0.0,1.3459771642
30.0,-30.0,-4.0,1.37466295178
12.0,-42.0,-20.0,1.54973059993
18.0,-34.0,-11.0,1.29072574347
22.0,-12.0,-4.0,0.818617905835
17.0,-9.0,0.0,0.620496260054
20.0,-10.0,3.0,0.727775107915
20.0,-19.0,0.0,0.889878337041
20.0,-20.0,0.0,0.912395846692
22.0,-19.0,0.0,0.937705926048
24.0,-18.0,-3.0,0.972568608496
20.0,-20.0,1.0,0.912965916005
21.0,-19.0,2.0,0.915810939779
23.0,-18.0,1.0,0.942686399755
26.0,-17.0,1.0,1.0025980818
25.0,-18.0,-4.0,1.00207900432
25.0,-19.0,-2.0,1.01497630468
26.0,-17.0,0.0,1.00207900432
28.0,-11.0,0.0,0.97042638429
26.0,-14.0,-2.0,0.954751521739
25.0,-16.0,-5.0,0.970962383438
24.0,-17.0,-6.0,0.968279420632
24.0,-17.0,-2.0,0.950929224063
27.0,-17.0,-5.0,1.04179066206
27.0,-18.0,-8.0,1.078114514
26.0,-13.0,-3.0,0.942686399755
29.0,-10.0,-3.0,0.99426032306
29.0,-12.0,-10.0,1.06255929626
28.0,-16.0,-9.0,1.08004316405
26.0,-13.0,-4.0,0.946541983943
28.0,-11.0,-7.0,0.996351303966
34.0,-10.0,-1.0,1.14368373556
36.0,-9.0,-1.0,1.19746523828
36.0,-10.0,0.0,1.20526075434
36.0,-13.0,0.0,1.2346876909
36.0,-14.0,-5.0,1.25640916736
33.0,-18.0,-5.0,1.22325711135
28.0,-21.0,-4.0,1.13638160992
31.0,-27.0,-2.0,1.32768487918
32.0,-31.0,-4.0,1.44298511267
28.0,-32.0,-5.0,1.3810822341
23.0,-32.0,-8.0,1.29715930728
23.0,-33.0,-9.0,1.32964282874
17.0,-30.0,1.0,1.11278634262
17.0,-22.0,-6.0,0.91751371957
18.0,-19.0,-4.0,0.854077567411
23.0,-18.0,-3.0,0.947091500381
20.0,-23.0,-3.0,0.987960827814
17.0,-18.0,-1.0,0.799323335056
18.0,-18.0,2.0,0.823686795794
23.0,-14.0,-1.0,0.869173779697
23.0,-11.0,-2.0,0.824949151777
31.0,-9.0,-10.0,1.09011259669
29.0,-10.0,-13.0,1.07473104832
26.0,-10.0,-8.0,0.934927532012
22.0,-10.0,-4.0,0.790157981543
19.0,-14.0,-3.0,0.767443693766
20.0,-10.0,-3.0,0.727775107915
22.0,-8.0,-6.0,0.779551353135
24.0,-6.0,-8.0,0.838709677419
25.0,-8.0,-11.0,0.918080611017
25.0,-8.0,-10.0,0.906101413238
25.0,-9.0,-9.0,0.904952267039
27.0,-10.0,-14.0,1.03276197378
30.0,-7.0,-15.0,1.10528010961
35.0,-10.0,-13.0,1.24684826388
35.0,-10.0,-19.0,1.32454613985
28.0,-8.0,-19.0,1.12163475166
29.0,-5.0,-15.0,1.06549319774
37.0,-5.0,-1.0,1.20482899335
41.0,-9.0,11.0,1.39979186798
45.0,-19.0,4.0,1.58097429095
31.0,-31.0,-8.0,1.43756644872
30.0,-34.0,-15.0,1.54063921758
29.0,-23.0,-4.0,1.20093615929
21.0,-15.0,3.0,0.838089100437
19.0,-13.0,4.0,0.753762673906
22.0,-12.0,5.0,0.824318215431
26.0,-18.0,1.0,1.02059948513
27.0,-20.0,2.0,1.08580855998
23.0,-21.0,1.0,1.00518944844
22.0,-22.0,1.0,1.00415370428
22.0,-19.0,0.0,0.937705926048
22.0,-19.0,-4.0,0.946541983943
23.0,-19.0,-5.0,0.975773126597
23.0,-18.0,-7.0,0.968816607592
25.0,-16.0,-6.0,0.976838963208
25.0,-16.0,-7.0,0.983738753676
25.0,-15.0,-5.0,0.954206416629
24.0,-12.0,-3.0,0.870967741935
25.0,-12.0,-2.0,0.896867017707
24.0,-14.0,-1.0,0.896867017707
23.0,-15.0,1.0,0.886363333163
23.0,-14.0,-1.0,0.869173779697
24.0,-14.0,-2.0,0.898605695302
23.0,-16.0,-2.0,0.906101413238
24.0,-14.0,-2.0,0.898605695302
25.0,-14.0,-3.0,0.929345825219
23.0,-15.0,-3.0,0.891046923673
24.0,-13.0,-1.0,0.881064534435
24.0,-14.0,-3.0,0.901496039515
25.0,-16.0,-3.0,0.96235057356
25.0,-16.0,-4.0,0.966127685927
24.0,-17.0,-6.0,0.968279420632
29.0,-14.0,-3.0,1.04328784702
30.0,-14.0,-4.0,1.07569883874
30.0,-14.0,-4.0,1.07569883874
29.0,-14.0,-3.0,1.04328784702
31.0,-20.0,-12.0,1.25142998331
31.0,-18.0,-8.0,1.18479791434
32.0,-18.0,-7.0,1.20569236071
37.0,-16.0,-5.0,1.31032877494
42.0,-11.0,0.0,1.40053505459
36.0,-9.0,-7.0,1.21814242506
29.0,-12.0,-8.0,1.0447828865
26.0,-15.0,-8.0,1.00207900432
23.0,-18.0,-8.0,0.976838963208
23.0,-25.0,3.0,1.10008986484
25.0,-23.0,4.0,1.10339557268
33.0,-29.0,0.0,1.41715371848
31.0,-33.0,-1.0,1.46090217732
27.0,-34.0,-8.0,1.42411226159
22.0,-28.0,-19.0,1.30196361746
27.0,-16.0,-15.0,1.12209852458
24.0,-18.0,-12.0,1.04228996267
22.0,-17.0,0.0,0.896867017707
17.0,-14.0,1.0,0.711142183389
19.0,-13.0,0.0,0.742636415047
20.0,-13.0,-3.0,0.775536469688
21.0,-11.0,-6.0,0.788839952299
20.0,-20.0,-12.0,0.99111558037
16.0,-21.0,7.0,0.881064534435
10.0,-11.0,7.0,0.530054087908
5.0,-7.0,3.0,0.293884954166
3.0,-8.0,-2.0,0.283063367335
16.0,-7.0,-3.0,0.57161435957
20.0,-5.0,-14.0,0.803866825444
32.0,3.0,-23.0,1.27490792551
44.0,10.0,-28.0,1.71302168353
57.0,15.0,-22.0,2.02943993033
67.0,16.0,-11.0,2.25021677763
53.0,5.0,-3.0,1.7199932241
37.0,0.0,-1.0,1.19398422731
21.0,-2.0,5.0,0.699338173828
7.0,-5.0,2.0,0.284895511817
5.0,-4.0,0.0,0.206552394756
13.0,-8.0,4.0,0.509023672195
26.0,-15.0,9.0,1.010867072
32.0,-82.0,-21.0,2.91913205352
25.0,-58.0,-25.0,2.19117518681
23.0,-26.0,-22.0,1.32572403794
14.0,-15.0,-1.0,0.66266576078
28.0,-15.0,9.0,1.06500477543
22.0,-21.0,1.0,0.981620906755
25.0,-24.0,2.0,1.11977773921
25.0,-21.0,1.0,1.05370857878
25.0,-21.0,1.0,1.05370857878
27.0,-11.0,-1.0,0.941029170698
28.0,-12.0,-6.0,1.00155965782
31.0,-5.0,-10.0,1.06304884215
34.0,-1.0,-11.0,1.1531976085
32.0,-9.0,2.0,1.07424682615
32.0,-1.0,-6.0,1.05074177257
27.0,2.0,-10.0,0.931023850946
19.0,1.0,-15.0,0.781551060618
17.0,-4.0,-12.0,0.683536132272
34.0,-14.0,4.0,1.19311238767
36.0,-16.0,-10.0,1.31112267309
42.0,-14.0,-22.0,1.59473639927
47.0,-9.0,-22.0,1.69899278481
41.0,-10.0,-14.0,1.43430542422
32.0,-4.0,-5.0,1.05272057239
29.0,-5.0,-1.0,0.949834313828
34.0,-20.0,-17.0,1.38559558677
32.0,-21.0,-15.0,1.32611643814
61.0,-35.0,-19.0,2.34997287827
46.0,-42.0,-14.0,2.05946963865
27.0,-46.0,-14.0,1.77887944245
3.0,-32.0,-5.0,1.0492552237
9.0,-18.0,-3.0,0.656354514496
15.0,-10.0,1.0,0.58243451888
21.0,-1.0,1.0,0.678953715479
24.0,0.0,5.0,0.790816172396
16.0,-6.0,0.0,0.551226048085
11.0,-10.0,0.0,0.479550604752
2.0,-11.0,8.0,0.443475067254
-3.0,-14.0,-1.0,0.462990325626
-5.0,-13.0,2.0,0.453911202564
-2.0,-11.0,-6.0,0.409308952918
6.0,-7.0,-5.0,0.338325434894
32.0,-1.0,-12.0,1.10292393531
37.0,-2.0,-23.0,1.40683628951
43.0,-8.0,-38.0,1.86902012089
56.0,-2.0,-35.0,2.13123053667
42.0,-1.0,-4.0,1.36135147394
43.0,-6.0,-25.0,1.61612581289
47.0,-17.0,-32.0,1.91440130645
43.0,-43.0,-29.0,2.17329358228
21.0,-32.0,-1.0,1.23510901413
18.0,-18.0,9.0,0.870967741935
22.0,-20.0,11.0,1.02263661188
23.0,-24.0,-1.0,1.07279284828
23.0,-23.0,-2.0,1.05123682173
20.0,-15.0,1.0,0.807096516335
22.0,-12.0,-3.0,0.814156739621
20.0,-11.0,-1.0,0.737010300567
20.0,-12.0,-2.0,0.755141929724
22.0,-9.0,-5.0,0.783545664612
21.0,-9.0,-7.0,0.770826009377
22.0,-8.0,-9.0,0.809028142193
25.0,-8.0,-6.0,0.868574968893
25.0,-8.0,0.0,0.84673579022
21.0,-12.0,-5.0,0.796715421628
25.0,-13.0,-5.0,0.923166969113
28.0,-13.0,-9.0,1.03728614134
44.0,-24.0,1.0,1.61709133671
49.0,-26.0,3.0,1.7919928274
51.0,-30.0,1.0,1.9089580162
54.0,-30.0,-8.0,2.00934341966
47.0,-43.0,-4.0,2.05896430932
36.0,-47.0,-10.0,1.93682749062
32.0,-44.0,-20.0,1.86985506402
27.0,-33.0,-8.0,1.39942012668
28.0,-25.0,-6.0,1.22623082637
23.0,-18.0,-7.0,0.968816607592
22.0,-13.0,-6.0,0.84673579022
17.0,-13.0,-2.0,0.693360814845
12.0,-14.0,-7.0,0.636228481397
12.0,-15.0,-7.0,0.659517687105
10.0,-8.0,0.0,0.413104789512
14.0,-7.0,3.0,0.514108950016
15.0,-9.0,5.0,0.586884045118
14.0,-11.0,2.0,0.577950737651
15.0,-11.0,-1.0,0.600901161619
11.0,-12.0,-1.0,0.526113110655
12.0,-12.0,1.0,0.548387096774
13.0,-5.0,3.0,0.459606672541
16.0,-8.0,-1.0,0.577950737651
17.0,-10.0,-2.0,0.639491212955
20.0,-12.0,-8.0,0.795408258448
24.0,-13.0,-15.0,1.00467170983
26.0,-15.0,-17.0,1.11278634262
30.0,-10.0,-20.0,1.2069862538
38.0,-3.0,-16.0,1.33355010378
39.0,-4.0,-20.0,1.4197213603
37.0,-2.0,-19.0,1.34326856862
37.0,-5.0,-19.0,1.35137806875
35.0,-8.0,-20.0,1.32572403794
34.0,-10.0,-16.0,1.25433690937
39.0,-15.0,-14.0,1.42155255074
48.0,-17.0,-11.0,1.68051822937
50.0,-27.0,-14.0,1.88785482431
43.0,-50.0,-5.0,2.13342655017
38.0,-36.0,12.0,1.73235117188
20.0,-17.0,-8.0,0.885188563485
27.0,-15.0,13.0,1.08100619872
30.0,-21.0,11.0,1.2334228577
33.0,-27.0,4.0,1.38145891002
27.0,-30.0,-5.0,1.31191609082
20.0,-26.0,-8.0,1.08915761394
20.0,-21.0,-5.0,0.949286385133
18.0,-19.0,-2.0,0.84673579022
18.0,-17.0,0.0,0.798672155041
21.0,-16.0,1.0,0.852248052492
24.0,-17.0,-7.0,0.975239771473
23.0,-17.0,-5.0,0.936595557481
23.0,-14.0,-4.0,0.878106941214
25.0,-15.0,-3.0,0.945441992887
23.0,-14.0,-4.0,0.878106941214
23.0,-15.0,-4.0,0.895124962936
23.0,-18.0,-4.0,0.950929224063
23.0,-18.0,-3.0,0.947091500381
22.0,-20.0,-3.0,0.963971148225
22.0,-19.0,-3.0,0.942686399755
25.0,-21.0,-3.0,1.05765137489
25.0,-20.0,-4.0,1.04079134225
26.0,-20.0,-4.0,1.06598139625
28.0,-19.0,-4.0,1.0991435508
23.0,-17.0,-5.0,0.936595557481
23.0,-18.0,-2.0,0.944340720536
20.0,-19.0,-4.0,0.899184507404
20.0,-20.0,-4.0,0.921474635941
29.0,-19.0,-4.0,1.1258018301
29.0,-19.0,-5.0,1.12995354117
29.0,-17.0,-6.0,1.10150781155
29.0,-14.0,-3.0,1.04328784702
27.0,-13.0,-4.0,0.975239771473
25.0,-14.0,-3.0,0.929345825219
27.0,-15.0,-3.0,1.00104004188
28.0,-15.0,-5.0,1.03728614134
29.0,-12.0,-5.0,1.02517732788
29.0,-11.0,-4.0,1.00880617878
27.0,-14.0,-4.0,0.989539461302
28.0,-15.0,-5.0,1.03728614134
26.0,-16.0,-5.0,0.997916664404
26.0,-16.0,-5.0,0.997916664404
26.0,-17.0,-6.0,1.02059948513
25.0,-17.0,-5.0,0.9884873191
24.0,-17.0,-3.0,0.953660999942
24.0,-21.0,-3.0,1.03326563729
24.0,-22.0,-3.0,1.05469565963
21.0,-23.0,-3.0,1.00932179659
21.0,-23.0,-3.0,1.00932179659
23.0,-24.0,-3.0,1.07666575924
23.0,-24.0,-5.0,1.08437008477
22.0,-24.0,-4.0,1.05814319141
23.0,-22.0,-5.0,1.03929056088
24.0,-22.0,-6.0,1.06793195853
25.0,-16.0,-2.0,0.959643534235
24.0,-15.0,-4.0,0.922039092126
25.0,-17.0,-5.0,0.9884873191
27.0,-17.0,-5.0,1.04179066206
25.0,-16.0,-1.0,0.958015639027
24.0,-17.0,-2.0,0.950929224063
26.0,-20.0,-3.0,1.06255929626
25.0,-19.0,-3.0,1.0175361481
25.0,-15.0,-1.0,0.941029170698
27.0,-16.0,-2.0,1.01446356087
27.0,-14.0,-3.0,0.985852050964
27.0,-11.0,-4.0,0.949286385133
26.0,-11.0,-4.0,0.919779188992
27.0,-12.0,-3.0,0.958015639027
25.0,-11.0,-4.0,0.890462822054
25.0,-16.0,-4.0,0.966127685927
24.0,-17.0,-4.0,0.957472392236
25.0,-21.0,-3.0,1.05765137489
25.0,-22.0,-4.0,1.08196837621
25.0,-20.0,-2.0,1.03477515693
24.0,-19.0,0.0,0.987434055807
23.0,-16.0,-1.0,0.904377146379
25.0,-15.0,-1.0,0.941029170698
23.0,-17.0,-2.0,0.924856205602
24.0,-15.0,-3.0,0.918080611017
26.0,-16.0,-10.0,1.03628247769
24.0,-15.0,-10.0,0.968279420632
26.0,-15.0,-9.0,1.010867072
29.0,-14.0,-9.0,1.07859699983
29.0,-15.0,-14.0,1.14595610763
30.0,-14.0,-15.0,1.17243753841
28.0,-11.0,-12.0,1.0447828865
27.0,-13.0,-9.0,1.00932179659
28.0,-14.0,-7.0,1.03477515693
24.0,-16.0,-11.0,0.995828970351
23.0,-15.0,-9.0,0.932140856568
27.0,-18.0,-12.0,1.11605444465
27.0,-19.0,-11.0,1.12256210589
26.0,-16.0,-11.0,1.04677295094
24.0,-15.0,-9.0,0.958015639027
25.0,-12.0,-11.0,0.96235057356
25.0,-13.0,-9.0,0.954206416629
23.0,-15.0,-9.0,0.932140856568
23.0,-15.0,-7.0,0.914104988084
25.0,-16.0,-8.0,0.991640396706
25.0,-18.0,-5.0,1.00674106673
23.0,-17.0,-6.0,0.942686399755
25.0,-18.0,-8.0,1.02669873954
25.0,-18.0,-8.0,1.02669873954
25.0,-16.0,-9.0,1.00052015608
25.0,-18.0,-9.0,1.03527784102
26.0,-16.0,-7.0,1.0103522428
23.0,-16.0,-7.0,0.931582521174
24.0,-17.0,-6.0,0.968279420632
22.0,-16.0,-5.0,0.892213979738
21.0,-16.0,-5.0,0.866776054358
21.0,-18.0,-7.0,0.920344685012
23.0,-18.0,-7.0,0.968816607592
22.0,-18.0,-6.0,0.937150906215
22.0,-17.0,-7.0,0.924856205602
24.0,-14.0,-5.0,0.910683497645
23.0,-14.0,-7.0,0.897446951177
27.0,-14.0,-7.0,1.00674106673
27.0,-16.0,-5.0,1.02517732788
24.0,-15.0,-4.0,0.922039092126
23.0,-16.0,-5.0,0.918080611017
24.0,-14.0,-5.0,0.910683497645
26.0,-16.0,-4.0,0.993213181828
29.0,-16.0,-4.0,1.07618240759
27.0,-19.0,-5.0,1.077148894
24.0,-17.0,-6.0,0.968279420632
23.0,-16.0,-1.0,0.904377146379
24.0,-14.0,-5.0,0.910683497645
23.0,-13.0,-5.0,0.867376107081
26.0,-12.0,-7.0,0.950929224063
27.0,-11.0,-6.0,0.960185552654
29.0,-9.0,-4.0,0.987960827814
29.0,-9.0,-5.0,0.992689196995
23.0,-24.0,-19.0,1.23510901413
19.0,-33.0,-22.0,1.41862151144
43.0,-15.0,0.0,1.4690706499
42.0,-14.0,-6.0,1.44118115508
44.0,-10.0,-15.0,1.53387011974
44.0,-13.0,-11.0,1.5219517564
41.0,-17.0,-9.0,1.46090217732
34.0,-19.0,-8.0,1.28263840981
27.0,-25.0,-6.0,1.20266786337
28.0,-26.0,-6.0,1.24768255521
32.0,-22.0,2.0,1.25433690937
38.0,-20.0,1.0,1.38559558677
33.0,-26.0,-4.0,1.36135147394
36.0,-25.0,-1.0,1.41421356237
38.0,-29.0,-16.0,1.6260752466
36.0,-27.0,-27.0,1.69285700173
33.0,-25.0,-32.0,1.68793231638
29.0,-24.0,-22.0,1.4064664101
23.0,-22.0,-12.0,1.0972484743
7.0,-17.0,10.0,0.67511127537
1.0,-14.0,11.0,0.575243693552
9.0,-9.0,5.0,0.44112239778
11.0,-5.0,5.0,0.42182893002
14.0,-3.0,5.0,0.489217770584
12.0,0.0,3.0,0.399010221834
9.0,-4.0,0.0,0.317705090381
4.0,-12.0,-1.0,0.409308952918
2.0,-10.0,-2.0,0.335235640175
4.0,-7.0,0.0,0.26007283059
7.0,-3.0,0.0,0.245670100189
14.0,-3.0,-1.0,0.462990325626
25.0,-3.0,-5.0,0.828096622774
72.0,0.0,-30.0,2.51612903226
75.0,-4.0,-50.0,2.91056420218
54.0,-4.0,-51.0,2.39948832562
41.0,2.0,-31.0,1.65933176124
33.0,6.0,9.0,1.12024228092
31.0,-23.0,32.0,1.6174130499
39.0,-45.0,12.0,1.95952807077
35.0,-63.0,-38.0,2.62819103898
20.0,-28.0,7.0,1.13271289459
18.0,-21.0,8.0,0.928785809606
19.0,-18.0,8.0,0.882834334413
25.0,-20.0,-1.0,1.03326563729
24.0,-19.0,-2.0,0.989539461302
26.0,-21.0,0.0,1.078114514
27.0,-18.0,3.0,1.05123682173
25.0,-19.0,4.0,1.02110914783
26.0,-17.0,4.0,1.0103522428
27.0,-12.0,-9.0,0.996351303966
25.0,-9.0,-11.0,0.927664764164
21.0,-7.0,-16.0,0.881064534435
19.0,-14.0,1.0,0.762000762001
18.0,-12.0,4.0,0.709677419355
20.0,-4.0,-3.0,0.66501703639
22.0,0.0,-6.0,0.735597048451
23.0,-1.0,-3.0,0.748915275242
21.0,-7.0,0.0,0.714062697457
23.0,-13.0,0.0,0.852248052492
23.0,-15.0,-1.0,0.886363333163
22.0,-18.0,-4.0,0.925980651252
27.0,-18.0,-4.0,1.05469565963
33.0,-26.0,-14.0,1.42848966616
44.0,-18.0,-9.0,1.56077037463
31.0,-12.0,-2.0,1.07424682615
27.0,-15.0,-4.0,1.00467170983
27.0,-12.0,-4.0,0.961809775218
28.0,-12.0,-2.0,0.984795969192
32.0,-16.0,-1.0,1.15455033343
43.0,-18.0,5.0,1.51234944126
53.0,-22.0,7.0,1.86483979778
48.0,-45.0,-11.0,2.15188130067
19.0,-36.0,-3.0,1.3166665569
5.0,-26.0,-25.0,1.17465428749
8.0,-19.0,-15.0,0.822422502192
18.0,-11.0,-7.0,0.71697131519
17.0,-4.0,-5.0,0.585996842729
24.0,4.0,3.0,0.790816172396
19.0,1.0,5.0,0.634590824932
15.0,-6.0,9.0,0.596556193836
10.0,-15.0,10.0,0.66501703639
4.0,-18.0,5.0,0.616289457243
1.0,-8.0,6.0,0.324189536165
1.0,-10.0,12.0,0.504918575564
8.0,-11.0,3.0,0.449302847651
12.0,-13.0,-3.0,0.578850272417
19.0,-12.0,-9.0,0.780885060446
27.0,-14.0,-23.0,1.23004361064
41.0,-14.0,-46.0,2.03839319716
59.0,-10.0,-62.0,2.77962708703
66.0,6.0,-29.0,2.33353153115
39.0,3.0,-16.0,1.36326107156
31.0,1.0,-3.0,1.00518944844
25.0,1.0,11.0,0.881654862498
64.0,-42.0,-14.0,2.51033244624
61.0,-78.0,-31.0,3.34707538481
35.0,-83.0,-36.0,3.12919853233
15.0,-41.0,-20.0,1.54905899401
20.0,-18.0,0.0,0.867975744972
23.0,-20.0,8.0,1.0165129843
28.0,-25.0,15.0,1.30396018912
23.0,-20.0,7.0,1.00880617878
19.0,-17.0,0.0,0.822422502192
19.0,-14.0,1.0,0.762000762001
17.0,-15.0,4.0,0.742636415047
16.0,-8.0,-5.0,0.599166955516
17.0,-8.0,-11.0,0.702307776035
17.0,0.0,-18.0,0.798672155041
18.0,0.0,-15.0,0.755830613797
19.0,-9.0,-1.0,0.678953715479
21.0,-8.0,5.0,0.742636415047
27.0,-2.0,4.0,0.882834334413
28.0,-10.0,3.0,0.963971148225
25.0,-12.0,-7.0,0.922603202973
22.0,-13.0,-12.0,0.910683497645
22.0,-21.0,-4.0,0.989539461302
27.0,-21.0,4.0,1.11091453921
33.0,-4.0,3.0,1.07666575924
37.0,-5.0,8.0,1.23173439303
47.0,-4.0,4.0,1.52707101659
31.0,-18.0,-6.0,1.17243753841
34.0,-16.0,4.0,1.21899636308
38.0,-23.0,9.0,1.46197021853
47.0,-31.0,12.0,1.85701135027
46.0,-37.0,7.0,1.91765986422
52.0,-39.0,-1.0,2.09702231783
42.0,-52.0,-25.0,2.30210508561
22.0,-58.0,-32.0,2.25160366021
16.0,-44.0,-25.0,1.71211025932
25.0,-16.0,-4.0,0.966127685927
24.0,-12.0,-4.0,0.875139352661
25.0,-8.0,0.0,0.84673579022
24.0,-7.0,3.0,0.812237310453
17.0,-7.0,-5.0,0.614598673653
24.0,-5.0,-3.0,0.796715421628
27.0,-7.0,-2.0,0.902072997039
25.0,-8.0,0.0,0.84673579022
5.0,-19.0,-6.0,0.66266576078
4.0,-17.0,-6.0,0.595683397181
1.0,-15.0,-4.0,0.501817715681
5.0,-12.0,-2.0,0.424288594773
8.0,-13.0,3.0,0.501817715681
12.0,-13.0,0.0,0.570703419773
12.0,-16.0,-2.0,0.64837907233
14.0,-14.0,-1.0,0.639491212955
16.0,-15.0,-1.0,0.70820962581
28.0,-24.0,-12.0,1.25101415675
30.0,-21.0,-20.0,1.3459771642
45.0,-3.0,-30.0,1.74730355664
44.0,1.0,-30.0,1.71817728846
45.0,6.0,-14.0,1.53251271229
35.0,5.0,-4.0,1.14777076611
31.0,15.0,14.0,1.19920195454
40.0,11.0,14.0,1.41237285671
52.0,-1.0,17.0,1.76507922843
56.0,-18.0,-11.0,1.93036958715
48.0,-66.0,-28.0,2.78318124002
44.0,-40.0,2.0,1.91928706847
21.0,-28.0,7.0,1.15139150307
7.0,-14.0,-2.0,0.509023672195
1.0,-5.0,4.0,0.209056151562
1.0,-5.0,12.0,0.420593703561
13.0,-11.0,22.0,0.897446951177
27.0,-21.0,24.0,1.34790854295
35.0,-24.0,15.0,1.45197128193
26.0,-25.0,-11.0,1.21643275064
18.0,-17.0,2.0,0.801273699895
15.0,-15.0,2.0,0.687331475892
19.0,-12.0,-3.0,0.731340906371
20.0,-13.0,-5.0,0.786197264965
23.0,-15.0,-7.0,0.914104988084
27.0,-15.0,-7.0,1.02161855627
28.0,-15.0,-5.0,1.03728614134
30.0,-15.0,-2.0,1.0838901688
29.0,-14.0,-4.0,1.04677295094
28.0,-13.0,-5.0,1.00880617878
24.0,-12.0,-6.0,0.886950134508
24.0,-12.0,-4.0,0.875139352661
27.0,-11.0,-5.0,0.954206416629
28.0,-13.0,-8.0,1.02872378833
26.0,-13.0,-7.0,0.964510734692
26.0,-14.0,-7.0,0.978967155193
28.0,-16.0,-7.0,1.06451612903
25.0,-14.0,-3.0,0.929345825219
24.0,-14.0,-3.0,0.901496039515
23.0,-14.0,-1.0,0.869173779697
25.0,-14.0,-1.0,0.924856205602
24.0,-15.0,-1.0,0.913535629581
24.0,-17.0,-3.0,0.953660999942
25.0,-15.0,-4.0,0.949286385133
26.0,-16.0,-2.0,0.986907002631
25.0,-16.0,-2.0,0.959643534235
28.0,-17.0,-4.0,1.06451612903
29.0,-17.0,-5.0,1.09629970761
29.0,-16.0,-5.0,1.08052478867
27.0,-17.0,-6.0,1.04726987618
28.0,-15.0,-4.0,1.03276197378
28.0,-14.0,-4.0,1.01804734439
28.0,-15.0,-4.0,1.03276197378
26.0,-15.0,-4.0,0.976838963208
26.0,-15.0,-3.0,0.973103427677
28.0,-14.0,-4.0,1.01804734439
29.0,-15.0,-6.0,1.07085114017
28.0,-14.0,-4.0,1.01804734439
30.0,-13.0,-2.0,1.05666705511
33.0,-15.0,-2.0,1.17110547488
33.0,-16.0,-4.0,1.19005591908
31.0,-16.0,-5.0,1.13683936688
32.0,-12.0,-5.0,1.11418813156
31.0,-11.0,-1.0,1.06157952722
32.0,-12.0,-1.0,1.10292393531
30.0,-13.0,-1.0,1.05518885379
29.0,-16.0,-1.0,1.06890590489
24.0,-18.0,-2.0,0.969890088927
21.0,-20.0,-2.0,0.937705926048
20.0,-21.0,0.0,0.935483870968
20.0,-22.0,1.0,0.959643534235
20.0,-26.0,-10.0,1.10622117416
19.0,-31.0,-16.0,1.28142090749
24.0,-30.0,-1.0,1.23973411939
24.0,-26.0,1.0,1.14186258196
22.0,-21.0,-1.0,0.981620906755
21.0,-21.0,-6.0,0.977371445648
27.0,-20.0,-8.0,1.11418813156
28.0,-18.0,-6.0,1.09106674357
26.0,-18.0,-5.0,1.03276197378
24.0,-16.0,-5.0,0.944340720536
27.0,-6.0,-8.0,0.928785809606
25.0,-11.0,-11.0,0.949834313828
24.0,-13.0,-11.0,0.949286385133
26.0,-15.0,-14.0,1.06841904269
22.0,-16.0,-14.0,0.986907002631
20.0,-17.0,-10.0,0.906101413238
19.0,-15.0,-12.0,0.871564908781
21.0,-16.0,-4.0,0.861356769214
19.0,-18.0,0.0,0.844274343761
20.0,-15.0,-4.0,0.816708961366
22.0,-12.0,-2.0,0.810955167095
24.0,-12.0,-5.0,0.880473810578
24.0,-11.0,-5.0,0.866776054358
23.0,-9.0,-6.0,0.819888066267
24.0,-10.0,-8.0,0.87751422637
23.0,-10.0,-7.0,0.83994945589
24.0,-11.0,-9.0,0.89976294716
24.0,-11.0,-9.0,0.89976294716
22.0,-11.0,-10.0,0.856510841765
23.0,-9.0,-9.0,0.847963834071
22.0,-8.0,-8.0,0.798020443668
24.0,-7.0,-9.0,0.857118081006
26.0,-8.0,-8.0,0.914673992178
28.0,-6.0,-11.0,0.989539461302
32.0,-8.0,-13.0,1.14368373556
34.0,-8.0,-14.0,1.21386372401
34.0,-5.0,-25.0,1.37087286199
34.0,-5.0,-26.0,1.39009428558
34.0,-6.0,-21.0,1.30356111943
31.0,-8.0,-17.0,1.1693270297
35.0,-16.0,-10.0,1.28263840981
37.0,-25.0,-5.0,1.44946077024
34.0,-31.0,0.0,1.48422155746
33.0,-33.0,-3.0,1.50856038079
31.0,-34.0,-9.0,1.51234944126
27.0,-38.0,-11.0,1.54502322772
16.0,-37.0,-16.0,1.39904828659
13.0,-30.0,-16.0,1.17421127246
18.0,-22.0,-6.0,0.937150906215
20.0,-21.0,-6.0,0.955296315804
19.0,-17.0,3.0,0.828096622774
16.0,-14.0,6.0,0.712603936593
23.0,-10.0,0.0,0.809028142193
27.0,-12.0,1.0,0.953660999942
27.0,-15.0,1.0,0.996873363894
25.0,-16.0,-1.0,0.958015639027
25.0,-17.0,1.0,0.975773126597
22.0,-18.0,2.0,0.919213345082
23.0,-19.0,-1.0,0.962891068168
23.0,-20.0,-3.0,0.987960827814
23.0,-20.0,-4.0,0.991640396706
22.0,-18.0,-6.0,0.937150906215
25.0,-14.0,-5.0,0.938260617564
26.0,-13.0,-5.0,0.951476206694
26.0,-14.0,-4.0,0.961268672629
25.0,-13.0,-5.0,0.923166969113
27.0,-12.0,-3.0,0.958015639027
27.0,-10.0,-3.0,0.93381385975
25.0,-11.0,-3.0,0.886363333163
27.0,-13.0,-2.0,0.968816607592
26.0,-15.0,-3.0,0.973103427677
25.0,-18.0,-4.0,1.00207900432
24.0,-19.0,-3.0,0.992164935434
25.0,-17.0,-4.0,0.983738753676
25.0,-18.0,-4.0,1.00207900432
23.0,-17.0,-6.0,0.942686399755
24.0,-17.0,-6.0,0.968279420632
24.0,-15.0,-6.0,0.933256525257
25.0,-15.0,-4.0,0.949286385133
26.0,-16.0,-6.0,1.00363543136
27.0,-16.0,-7.0,1.03728614134
27.0,-18.0,-5.0,1.05912613931
27.0,-18.0,-7.0,1.07085114017
26.0,-16.0,-6.0,1.00363543136
27.0,-15.0,-6.0,1.01497630468
28.0,-16.0,-5.0,1.05272057239
27.0,-15.0,-5.0,1.00932179659
28.0,-17.0,-7.0,1.08052478867
29.0,-16.0,-7.0,1.09202005676
29.0,-17.0,-3.0,1.08867980843
25.0,-15.0,-5.0,0.954206416629
26.0,-14.0,-6.0,0.972033495053
30.0,-14.0,-2.0,1.06987896463
31.0,-13.0,-3.0,1.08867980843
36.0,-16.0,-6.0,1.2854747642
35.0,-12.0,-4.0,1.20050284296
30.0,-13.0,0.0,1.05469565963
27.0,-12.0,-1.0,0.953660999942
23.0,-12.0,0.0,0.836846565876
21.0,-26.0,-6.0,1.09535011912
22.0,-27.0,-3.0,1.12764892213
26.0,-25.0,-2.0,1.1653156044
27.0,-23.0,-1.0,1.14459322576
25.0,-19.0,-2.0,1.01497630468
23.0,-21.0,-4.0,1.01292377214
27.0,-17.0,-7.0,1.05370857878
27.0,-15.0,-9.0,1.03778760917
26.0,-13.0,-7.0,0.964510734692
24.0,-14.0,-7.0,0.9242934698
22.0,-11.0,-6.0,0.816708961366
23.0,-12.0,-7.0,0.866776054358
22.0,-13.0,-8.0,0.863769538
25.0,-13.0,-6.0,0.929345825219
25.0,-12.0,-7.0,0.922603202973
25.0,-12.0,-7.0,0.922603202973
24.0,-15.0,-9.0,0.958015639027
25.0,-15.0,-10.0,0.99426032306
24.0,-18.0,-9.0,1.0103522428
23.0,-16.0,-6.0,0.9242934698
22.0,-17.0,-6.0,0.91751371957
23.0,-15.0,-4.0,0.895124962936
23.0,-16.0,-4.0,0.912965916005
22.0,-15.0,-4.0,0.868574968893
23.0,-14.0,-6.0,0.889878337041
27.0,-13.0,-10.0,1.01906896767
28.0,-13.0,-12.0,1.06841904269
29.0,-11.0,-13.0,1.08484978844
26.0,-13.0,-10.0,0.991640396706
25.0,-13.0,-11.0,0.975773126597
25.0,-15.0,-10.0,0.99426032306
26.0,-14.0,-8.0,0.986907002631
24.0,-16.0,-8.0,0.965589003038
23.0,-16.0,-7.0,0.931582521174
23.0,-17.0,-8.0,0.958015639027
23.0,-15.0,-11.0,0.954206416629
22.0,-15.0,-10.0,0.91751371957
23.0,-14.0,-12.0,0.950929224063
26.0,-13.0,-11.0,1.0025980818
25.0,-13.0,-12.0,0.987960827814
28.0,-15.0,-14.0,1.11977773921
27.0,-13.0,-13.0,1.05370857878
27.0,-11.0,-9.0,0.98426750338
27.0,-10.0,-9.0,0.973103427677
24.0,-13.0,-7.0,0.908967922813
22.0,-14.0,-6.0,0.863166978081
23.0,-15.0,-9.0,0.932140856568
24.0,-13.0,-10.0,0.937705926048
26.0,-14.0,-12.0,1.02821790003
28.0,-14.0,-14.0,1.10622117416
33.0,-15.0,-14.0,1.25350704695
32.0,-22.0,-10.0,1.29354436489
30.0,-21.0,-8.0,1.20913966542
25.0,-22.0,-6.0,1.09154350424
21.0,-22.0,-4.0,0.989539461302
22.0,-24.0,-14.0,1.14322871914
25.0,-22.0,-18.0,1.22112859553
24.0,-19.0,-18.0,1.14550199384
23.0,-17.0,-10.0,0.977371445648
26.0,-11.0,-7.0,0.938260617564
26.0,-12.0,-8.0,0.959101209504
27.0,-15.0,-6.0,1.01497630468
28.0,-13.0,-4.0,1.00415370428
27.0,-11.0,-5.0,0.954206416629
25.0,-10.0,-6.0,0.889878337041
25.0,-10.0,-6.0,0.889878337041
26.0,-11.0,-6.0,0.931023850946
30.0,-10.0,-7.0,1.0447828865
31.0,-8.0,-4.0,1.04079134225
32.0,-11.0,-2.0,1.09344846817
30.0,-10.0,1.0,1.02059948513
29.0,-13.0,-1.0,1.02568471584
27.0,-12.0,0.0,0.953115271142
27.0,-14.0,-1.0,0.981620906755
27.0,-13.0,-2.0,0.968816607592
28.0,-15.0,-2.0,1.02669873954
29.0,-15.0,-1.0,1.05370857878
30.0,-17.0,-1.0,1.11278634262
31.0,-15.0,-3.0,1.11512167854
29.0,-16.0,-3.0,1.07279284828
27.0,-15.0,1.0,0.996873363894
25.0,-15.0,1.0,0.941029170698
27.0,-15.0,1.0,0.996873363894
26.0,-17.0,-1.0,1.0025980818
28.0,-17.0,-2.0,1.05863477945
26.0,-17.0,-2.0,1.00415370428
24.0,-16.0,0.0,0.930464845281
25.0,-16.0,-1.0,0.958015639027
26.0,-16.0,-2.0,0.986907002631
26.0,-16.0,0.0,0.984795969192
27.0,-16.0,-2.0,1.01446356087
27.0,-15.0,0.0,0.996351303966
27.0,-17.0,1.0,1.02973481932
26.0,-16.0,1.0,0.985324151568
26.0,-18.0,-1.0,1.02059948513
27.0,-17.0,0.0,1.02922942797
24.0,-18.0,1.0,0.968279420632
25.0,-20.0,0.0,1.03276197378
26.0,-19.0,0.0,1.03878981859
25.0,-20.0,-1.0,1.03326563729
24.0,-18.0,-1.0,0.968279420632
23.0,-19.0,-1.0,0.962891068168
25.0,-20.0,-2.0,1.03477515693
24.0,-19.0,-1.0,0.987960827814
26.0,-20.0,-3.0,1.06255929626
24.0,-19.0,-2.0,0.989539461302
24.0,-17.0,-3.0,0.953660999942
24.0,-17.0,-3.0,0.953660999942
25.0,-17.0,-3.0,0.980029518127
24.0,-17.0,-4.0,0.957472392236
25.0,-16.0,-4.0,0.966127685927
27.0,-16.0,-3.0,1.01702469487
27.0,-17.0,-5.0,1.04179066206
26.0,-17.0,-3.0,1.00674106673
26.0,-18.0,-4.0,1.02821790003
28.0,-19.0,-3.0,1.09582501622
26.0,-19.0,-4.0,1.04677295094
26.0,-20.0,-6.0,1.07569883874
27.0,-18.0,-5.0,1.05912613931
25.0,-19.0,-6.0,1.0312495073
22.0,-17.0,-5.0,0.911254638182
22.0,-16.0,-3.0,0.882834334413
24.0,-17.0,-4.0,0.957472392236
25.0,-18.0,-6.0,1.0124099888
27.0,-18.0,-6.0,1.06451612903
26.0,-20.0,-2.0,1.06010817582
24.0,-20.0,-2.0,1.00983715113
23.0,-19.0,-3.0,0.967204151649
21.0,-17.0,-3.0,0.876921110908
21.0,-19.0,0.0,0.913535629581
25.0,-19.0,-3.0,1.0175361481
25.0,-20.0,-2.0,1.03477515693
24.0,-19.0,-3.0,0.992164935434
22.0,-18.0,-2.0,0.919213345082
20.0,-16.0,1.0,0.826839072128
24.0,-18.0,-2.0,0.969890088927
26.0,-18.0,-2.0,1.02212771082
30.0,-19.0,0.0,1.14550199384
29.0,-20.0,-1.0,1.13683936688
28.0,-18.0,-1.0,1.07424682615
27.0,-19.0,0.0,1.06500477543
26.0,-17.0,0.0,1.00207900432
25.0,-18.0,0.0,0.993736890371
25.0,-18.0,-1.0,0.99426032306
23.0,-16.0,-3.0,0.908967922813
25.0,-15.0,-3.0,0.945441992887
29.0,-14.0,-8.0,1.07036516278
29.0,-9.0,-24.0,1.24851628906
27.0,-13.0,-15.0,1.08100619872
28.0,-15.0,-6.0,1.04278902421
28.0,-13.0,-8.0,1.02872378833
28.0,-13.0,-1.0,0.996351303966
25.0,-15.0,1.0,0.941029170698
24.0,-16.0,1.0,0.931023850946
24.0,-15.0,1.0,0.913535629581
24.0,-16.0,-2.0,0.932698857729
26.0,-16.0,0.0,0.984795969192
26.0,-16.0,-1.0,0.985324151568
28.0,-15.0,-2.0,1.02669873954
25.0,-10.0,-5.0,0.883423479847
33.0,-10.0,-4.0,1.11977773921
31.0,-12.0,-4.0,1.08004316405
30.0,-12.0,-2.0,1.04428477782
30.0,-14.0,-1.0,1.06841904269
32.0,-19.0,-7.0,1.2215545954
36.0,-22.0,-10.0,1.39867634766
35.0,-24.0,-12.0,1.42265013363
34.0,-24.0,-15.0,1.42703202326
26.0,-19.0,-16.0,1.15994545783
25.0,-15.0,-11.0,1.00518944844
23.0,-12.0,-8.0,0.875733674871
26.0,-13.0,-10.0,0.991640396706
43.0,-11.0,-14.0,1.50130016493
47.0,-16.0,-20.0,1.72663531498
36.0,-9.0,-20.0,1.35982186506
41.0,-13.0,-1.0,1.38784675899
30.0,-21.0,4.0,1.1883058359
22.0,-27.0,0.0,1.12348869466
14.0,-29.0,-1.0,1.03929056088
5.0,-24.0,-8.0,0.831857868273
6.0,-9.0,-16.0,0.623006706962
21.0,4.0,0.0,0.689598655691
25.0,8.0,-1.0,0.847350034617
27.0,5.0,0.0,0.88577614308
26.0,-4.0,-9.0,0.896867017707
23.0,-10.0,-6.0,0.831857868273
17.0,-18.0,-4.0,0.809028142193
8.0,-11.0,-8.0,0.509023672195
8.0,-11.0,-7.0,0.493453501315
35.0,5.0,-29.0,1.47507914389
50.0,7.0,-33.0,1.94567210968
61.0,37.0,-5.0,2.3070718769
43.0,22.0,7.0,1.57437862476
25.0,15.0,10.0,0.99426032306
21.0,7.0,9.0,0.770826009377
23.0,-5.0,-3.0,0.765407130174
28.0,-29.0,-20.0,1.45161290323
24.0,-71.0,-24.0,2.53856826265
20.0,-37.0,-14.0,1.42994582318
18.0,-22.0,-8.0,0.952569229692
18.0,-23.0,0.0,0.942134313968
19.0,-27.0,-2.0,1.06695712313
22.0,-24.0,-4.0,1.05814319141
24.0,-22.0,-1.0,1.05074177257
20.0,-18.0,5.0,0.882834334413
21.0,-16.0,1.0,0.852248052492
31.0,-7.0,-12.0,1.09582501622
35.0,-4.0,-22.0,1.33977804241
30.0,-7.0,-6.0,1.0124099888
27.0,-4.0,-5.0,0.895124962936
13.0,-6.0,-10.0,0.563362877309
11.0,-6.0,-7.0,0.462990325626
24.0,-6.0,3.0,0.803866825444
28.0,-3.0,-6.0,0.928785809606
22.0,-2.0,-8.0,0.757892911256
17.0,-3.0,-6.0,0.589537641371
36.0,-15.0,6.0,1.27286578432
52.0,-25.0,0.0,1.86120925636
57.0,-31.0,-13.0,2.13464558149
50.0,-32.0,-14.0,1.96747750735
47.0,-30.0,-2.0,1.79981499801
43.0,-28.0,-1.0,1.65556482843
35.0,-32.0,3.0,1.53285217684
34.0,-48.0,-13.0,1.94326393314
15.0,-67.0,-22.0,2.32571473131
20.0,-56.0,1.0,1.91847363886
21.0,-38.0,0.0,1.40053505459
18.0,-19.0,-7.0,0.873949495751
16.0,-16.0,-10.0,0.798020443668
16.0,-15.0,-6.0,0.733472064574
14.0,-17.0,-2.0,0.713333689919
15.0,-16.0,-4.0,0.719145058374
17.0,-12.0,0.0,0.671246840216
14.0,-12.0,-2.0,0.598297967451
9.0,-12.0,-1.0,0.484945044464
11.0,-10.0,-1.0,0.480634336315
14.0,-13.0,-1.0,0.617133111926
14.0,-11.0,-1.0,0.575243693552
16.0,-10.0,-3.0,0.616289457243
17.0,-9.0,-4.0,0.633770409819
16.0,-9.0,-5.0,0.613751535175
16.0,-12.0,-4.0,0.657938001754
19.0,-10.0,0.0,0.692610017858
21.0,-10.0,-2.0,0.753072098705
20.0,-11.0,-7.0,0.770150734601
19.0,-12.0,-7.0,0.759264664254
18.0,-14.0,-10.0,0.803219328902
18.0,-13.0,-7.0,0.750996563021
23.0,-16.0,-6.0,0.9242934698
27.0,-16.0,-9.0,1.05321469144
28.0,-10.0,-20.0,1.1559014753
31.0,-3.0,-21.0,1.21171870781
38.0,0.0,-16.0,1.33003407278
38.0,-2.0,-16.0,1.33159789939
37.0,-6.0,-15.0,1.30236317666
35.0,-5.0,-16.0,1.25184567174
36.0,-6.0,-18.0,1.31270902899
36.0,-11.0,-16.0,1.31942976363
40.0,-16.0,-14.0,1.46125827779
46.0,-21.0,-7.0,1.64674180879
32.0,-41.0,-12.0,1.72180724453
23.0,-43.0,-10.0,1.60579076963
24.0,-34.0,-11.0,1.38859633871
29.0,-24.0,-8.0,1.24141170354
24.0,-19.0,0.0,0.987434055807
21.0,-13.0,0.0,0.796715421628
15.0,-9.0,6.0,0.596556193836
18.0,-9.0,3.0,0.656354514496
22.0,-14.0,1.0,0.841805700045
24.0,-17.0,1.0,0.949286385133
28.0,-17.0,-1.0,1.05715932956
28.0,-18.0,-2.0,1.07569883874
26.0,-16.0,-1.0,0.985324151568
23.0,-16.0,-2.0,0.906101413238
23.0,-14.0,-2.0,0.870967741935
25.0,-14.0,-3.0,0.929345825219
23.0,-14.0,-4.0,0.878106941214
23.0,-15.0,-5.0,0.900341015287
22.0,-15.0,-6.0,0.880473810578
24.0,-16.0,-5.0,0.944340720536
24.0,-15.0,-6.0,0.933256525257
24.0,-14.0,-5.0,0.910683497645
28.0,-16.0,-4.0,1.04826301995
28.0,-17.0,-5.0,1.06890590489
28.0,-16.0,-5.0,1.05272057239
26.0,-16.0,-6.0,1.00363543136
24.0,-17.0,-5.0,0.96235057356
22.0,-18.0,-6.0,0.937150906215
23.0,-18.0,-6.0,0.961809775218
24.0,-18.0,-4.0,0.97630619035
22.0,-16.0,-3.0,0.882834334413
24.0,-17.0,-3.0,0.953660999942
25.0,-16.0,-2.0,0.959643534235
26.0,-16.0,-3.0,0.989539461302
28.0,-18.0,-3.0,1.078114514
28.0,-15.0,-4.0,1.03276197378
26.0,-14.0,-4.0,0.961268672629
27.0,-14.0,-4.0,0.989539461302
26.0,-14.0,-3.0,0.957472392236
31.0,-14.0,-4.0,1.10480927674
30.0,-16.0,-3.0,1.10103536554
26.0,-14.0,-2.0,0.954751521739
26.0,-16.0,-3.0,0.989539461302
27.0,-15.0,-5.0,1.00932179659
27.0,-15.0,-5.0,1.00932179659
35.0,-15.0,-4.0,1.23510901413
35.0,-13.0,-8.0,1.23173439303
35.0,-12.0,-9.0,1.22835050095
36.0,-7.0,-10.0,1.22623082637
33.0,-10.0,-1.0,1.11278634262
28.0,-19.0,-3.0,1.09582501622
29.0,-19.0,1.0,1.11884807716
30.0,-26.0,2.0,1.28223270415
24.0,-36.0,-4.0,1.40164909564
18.0,-37.0,-11.0,1.37390577026
19.0,-31.0,-6.0,1.18874359824
20.0,-30.0,-3.0,1.16710016227
20.0,-27.0,-6.0,1.10103536554
20.0,-24.0,-7.0,1.03276197378
22.0,-19.0,-6.0,0.957472392236
23.0,-18.0,-5.0,0.955840799357
25.0,-16.0,-7.0,0.983738753676
24.0,-14.0,-6.0,0.916946477649
22.0,-17.0,-7.0,0.924856205602
22.0,-12.0,-8.0,0.848577189546
26.0,-11.0,-5.0,0.924856205602
23.0,-16.0,-13.0,0.996351303966
22.0,-16.0,-13.0,0.972568608496
20.0,-18.0,-9.0,0.915242642523
20.0,-14.0,-9.0,0.839329795565
20.0,-16.0,-6.0,0.848577189546
20.0,-16.0,-5.0,0.841805700045
24.0,-16.0,-5.0,0.944340720536
24.0,-13.0,-6.0,0.901496039515
25.0,-11.0,-4.0,0.890462822054
25.0,-11.0,-6.0,0.902072997039
23.0,-9.0,-5.0,0.812877623765
25.0,-11.0,-5.0,0.895706024317
24.0,-11.0,-5.0,0.866776054358
22.0,-11.0,-4.0,0.803866825444
19.0,-12.0,-4.0,0.736304013582
20.0,-15.0,-7.0,0.837468063597
22.0,-16.0,-10.0,0.934927532012
29.0,-12.0,-16.0,1.13638160992
32.0,-8.0,-17.0,1.1970306655
31.0,-6.0,-15.0,1.12764892213
33.0,-8.0,-14.0,1.18479791434
36.0,-10.0,-16.0,1.31112267309
33.0,-11.0,-14.0,1.20956988769
32.0,-11.0,-15.0,1.19398422731
31.0,-13.0,-18.0,1.23004361064
32.0,-12.0,-17.0,1.2313119151
32.0,-13.0,-17.0,1.24183074548
36.0,-8.0,-12.0,1.25101415675
39.0,-15.0,-12.0,1.40239129802
35.0,-18.0,-16.0,1.37049327653
28.0,-15.0,-15.0,1.13317213356
24.0,-9.0,-11.0,0.89976294716
20.0,-6.0,-5.0,0.692610017858
12.0,-8.0,-3.0,0.475190963311
10.0,-12.0,2.0,0.508000508001
16.0,-19.0,-7.0,0.832483090359
20.0,-19.0,-5.0,0.904377146379
20.0,-16.0,-1.0,0.826839072128
21.0,-15.0,-1.0,0.833107843235
25.0,-17.0,1.0,0.975773126597
25.0,-21.0,0.0,1.05321469144
28.0,-22.0,-4.0,1.1559014753
28.0,-22.0,-5.0,1.15994545783
29.0,-18.0,-7.0,1.12395170259
26.0,-14.0,-7.0,0.978967155193
27.0,2.0,-12.0,0.955296315804
23.0,-14.0,7.0,0.897446951177
17.0,-14.0,8.0,0.755830613797
45.0,-5.0,-12.0,1.51097270047
44.0,-15.0,-2.0,1.5009535644
44.0,-15.0,-21.0,1.64547751547
46.0,-13.0,-20.0,1.67151566555
45.0,-16.0,-16.0,1.62479487219
42.0,-13.0,-18.0,1.53251271229
44.0,-9.0,-19.0,1.57305617293
20.0,-4.0,-32.0,1.22410748136
14.0,-2.0,-20.0,0.790157981543
6.0,-5.0,9.0,0.384399202833
33.0,-18.0,15.0,1.30555524805
47.0,-23.0,4.0,1.69285700173
53.0,-29.0,-8.0,1.96589019164
66.0,-36.0,-22.0,2.52685884227
61.0,-42.0,-16.0,2.44417377284
56.0,-41.0,-8.0,2.25368238383
56.0,-39.0,-12.0,2.23513705823
40.0,-41.0,-24.0,2.00337903938
23.0,-36.0,-15.0,1.46054599002
30.0,-17.0,-2.0,1.11418813156
29.0,-13.0,-6.0,1.04328784702
28.0,-9.0,-3.0,0.953660999942
26.0,-8.0,0.0,0.87751422637
24.0,-7.0,2.0,0.809028142193
4.0,-20.0,-2.0,0.661093597804
1.0,-14.0,5.0,0.480634336315
-7.0,-14.0,8.0,0.567045026814
-11.0,-13.0,14.0,0.711142183389
-1.0,-11.0,11.0,0.502853460262
0.0,-13.0,7.0,0.476284614846
2.0,-14.0,4.0,0.474094788926
4.0,-15.0,2.0,0.504918575564
16.0,-16.0,-20.0,0.974172185196
26.0,-18.0,-22.0,1.24266840544
37.0,-17.0,-37.0,1.77477996174
66.0,-8.0,-54.0,2.76291782005
58.0,15.0,-35.0,2.23816113016
40.0,20.0,-3.0,1.44586676329
27.0,7.0,21.0,1.1262638871
24.0,-2.0,22.0,1.05222622131
36.0,-1.0,23.0,1.37844262059
51.0,-24.0,21.0,1.94031654733
62.0,-74.0,-22.0,3.19403710825
50.0,-102.0,-70.0,4.304246143
33.0,-52.0,-26.0,2.1564703114
21.0,-17.0,0.0,0.871564908781
19.0,-17.0,8.0,0.861960594573
24.0,-22.0,7.0,1.07424682615
31.0,-20.0,14.0,1.27286578432
37.0,-25.0,11.0,1.48352029517
32.0,-32.0,-6.0,1.47260802716
27.0,-14.0,5.0,0.99426032306
20.0,-15.0,4.0,0.816708961366
17.0,-14.0,2.0,0.713333689919
17.0,-12.0,-2.0,0.674340160012
16.0,-13.0,-4.0,0.677419354839
19.0,-12.0,-6.0,0.750303441911
21.0,-13.0,-8.0,0.837468063597
24.0,-13.0,-11.0,0.949286385133
24.0,-12.0,-10.0,0.923730391179
26.0,-10.0,-10.0,0.954751521739
21.0,-10.0,-12.0,0.844274343761
19.0,-7.0,-7.0,0.691105976956
20.0,-8.0,-7.0,0.730629138897
19.0,-6.0,-7.0,0.681248776837
25.0,-10.0,1.0,0.869173779697
24.0,-10.0,3.0,0.844274343761
24.0,-14.0,0.0,0.896286708997
25.0,-13.0,1.0,0.909540140637
29.0,-14.0,-5.0,1.05123682173
28.0,-12.0,-6.0,1.00155965782
27.0,-13.0,-9.0,1.00932179659
33.0,-15.0,-6.0,1.18523697231
30.0,-16.0,-8.0,1.12672575462
30.0,-16.0,-10.0,1.14322871914
30.0,-16.0,-11.0,1.15274634743
30.0,-11.0,-8.0,1.06255929626
34.0,-11.0,-9.0,1.18874359824
37.0,-14.0,-6.0,1.29072574347
39.0,-12.0,-5.0,1.32611643814
34.0,-16.0,-8.0,1.23931436854
31.0,-16.0,-7.0,1.14777076611
27.0,-18.0,-6.0,1.06451612903
22.0,-18.0,-3.0,0.922039092126
22.0,-20.0,2.0,0.961268672629
31.0,-21.0,-1.0,1.20827876131
34.0,-21.0,0.0,1.28911233566
37.0,-23.0,-1.0,1.40572635932
40.0,-27.0,0.0,1.55676496929
22.0,-35.0,-13.0,1.3979321729
22.0,-24.0,-11.0,1.10857034048
22.0,-20.0,-12.0,1.03427222851
22.0,-16.0,-9.0,0.9242934698
22.0,-13.0,-6.0,0.84673579022
19.0,-12.0,-4.0,0.736304013582
18.0,-13.0,-5.0,0.734181075919
17.0,-13.0,-2.0,0.693360814845
17.0,-12.0,-3.0,0.678186969085
21.0,-15.0,-7.0,0.862563997234
24.0,-16.0,-4.0,0.939369017972
24.0,-16.0,-4.0,0.939369017972
21.0,-13.0,-3.0,0.802571309976
22.0,-13.0,-3.0,0.829979376146
22.0,-14.0,-6.0,0.863166978081
21.0,-15.0,-3.0,0.838089100437
20.0,-16.0,-5.0,0.841805700045
20.0,-14.0,-6.0,0.810955167095
23.0,-12.0,-4.0,0.84673579022
22.0,-14.0,0.0,0.841187407123
24.0,-13.0,0.0,0.880473810578
23.0,-15.0,-3.0,0.891046923673
23.0,-14.0,-7.0,0.897446951177
22.0,-15.0,-10.0,0.91751371957
24.0,-14.0,-12.0,0.97630619035
23.0,-10.0,-8.0,0.849190102006
25.0,-8.0,-4.0,0.856510841765
29.0,-8.0,-5.0,0.983738753676
30.0,-6.0,-12.0,1.06010817582
31.0,-5.0,-16.0,1.13683936688
32.0,-4.0,-21.0,1.24141170354
35.0,-4.0,-20.0,1.30675026455
35.0,-5.0,-19.0,1.29475046712
34.0,-3.0,-15.0,1.20266786337
33.0,-2.0,-11.0,1.12395170259
37.0,-4.0,-7.0,1.2215545954
39.0,-9.0,-3.0,1.29475046712
44.0,-30.0,-9.0,1.74223414405
31.0,-32.0,-17.0,1.53827342162
22.0,-26.0,-12.0,1.16486903776
18.0,-23.0,-9.0,0.985852050964
20.0,-21.0,-8.0,0.97042638429
19.0,-18.0,0.0,0.844274343761
19.0,-15.0,1.0,0.781551060618
22.0,-14.0,1.0,0.841805700045
27.0,-16.0,-1.0,1.01292377214
31.0,-18.0,-4.0,1.16352830948
30.0,-19.0,-7.0,1.16754587554
28.0,-17.0,-4.0,1.06451612903
24.0,-13.0,0.0,0.880473810578
22.0,-14.0,-3.0,0.84673579022
25.0,-14.0,-5.0,0.938260617564
26.0,-14.0,-6.0,0.972033495053
28.0,-14.0,-6.0,1.02821790003
28.0,-15.0,-7.0,1.0492552237
26.0,-12.0,-5.0,0.937705926048
25.0,-11.0,-5.0,0.895706024317
28.0,-12.0,-6.0,1.00155965782
28.0,-15.0,-4.0,1.03276197378
25.0,-15.0,-1.0,0.941029170698
26.0,-18.0,-2.0,1.02212771082
22.0,-18.0,-2.0,0.919213345082
23.0,-17.0,-2.0,0.924856205602
22.0,-19.0,-2.0,0.939922728022
22.0,-20.0,-3.0,0.963971148225
23.0,-19.0,-3.0,0.967204151649
23.0,-20.0,-5.0,0.996351303966
24.0,-19.0,-3.0,0.992164935434
23.0,-19.0,-5.0,0.975773126597
24.0,-19.0,-5.0,1.00052015608
25.0,-17.0,-5.0,0.9884873191
27.0,-14.0,-5.0,0.99426032306
27.0,-15.0,-5.0,1.00932179659
29.0,-14.0,-3.0,1.04328784702
29.0,-12.0,-5.0,1.02517732788
29.0,-12.0,-6.0,1.03074485862
26.0,-12.0,-5.0,0.937705926048
26.0,-14.0,-5.0,0.966127685927
28.0,-14.0,-5.0,1.02263661188
29.0,-16.0,-5.0,1.08052478867
31.0,-15.0,-6.0,1.12764892213
31.0,-17.0,-6.0,1.15680135981
33.0,-15.0,-6.0,1.18523697231
31.0,-14.0,-6.0,1.11418813156
29.0,-14.0,-3.0,1.04328784702
28.0,-15.0,-4.0,1.03276197378
25.0,-14.0,-3.0,0.929345825219
24.0,-19.0,-3.0,0.992164935434
26.0,-21.0,-3.0,1.08244914423
19.0,-34.0,-15.0,1.34636366159
18.0,-33.0,-6.0,1.22792685875
22.0,-26.0,-4.0,1.10622117416
23.0,-24.0,-6.0,1.08963520994
23.0,-18.0,-8.0,0.976838963208
22.0,-18.0,-8.0,0.952569229692
22.0,-18.0,-7.0,0.944340720536
22.0,-17.0,-9.0,0.942686399755
22.0,-17.0,-10.0,0.953115271142
21.0,-17.0,-10.0,0.929345825219
22.0,-17.0,-9.0,0.942686399755
21.0,-16.0,-9.0,0.89976294716
20.0,-17.0,-6.0,0.868574968893
21.0,-15.0,-7.0,0.862563997234
26.0,-15.0,-9.0,1.010867072
25.0,-15.0,-10.0,0.99426032306
24.0,-14.0,-12.0,0.97630619035
24.0,-15.0,-11.0,0.97949848069
27.0,-14.0,-9.0,1.02314525982
27.0,-14.0,-10.0,1.03276197378
24.0,-15.0,-9.0,0.958015639027
24.0,-16.0,-10.0,0.984795969192
24.0,-16.0,-11.0,0.995828970351
24.0,-15.0,-11.0,0.97949848069
22.0,-17.0,-11.0,0.964510734692
22.0,-16.0,-9.0,0.9242934698
24.0,-16.0,-8.0,0.965589003038
24.0,-16.0,-8.0,0.965589003038
24.0,-17.0,-9.0,0.992164935434
22.0,-17.0,-9.0,0.942686399755
24.0,-17.0,-11.0,1.01292377214
25.0,-16.0,-11.0,1.02110914783
24.0,-17.0,-13.0,1.03728614134
24.0,-16.0,-11.0,0.995828970351
24.0,-10.0,-12.0,0.923730391179
27.0,-11.0,-12.0,1.01702469487
27.0,-10.0,-12.0,1.00622412648
26.0,-12.0,-11.0,0.989539461302
25.0,-11.0,-10.0,0.938260617564
24.0,-12.0,-9.0,0.912965916005
25.0,-13.0,-7.0,0.936595557481
24.0,-16.0,-8.0,0.965589003038
26.0,-16.0,-6.0,1.00363543136
27.0,-18.0,-8.0,1.078114514
27.0,-19.0,-8.0,1.09582501622
29.0,-19.0,-7.0,1.14095091509
25.0,-19.0,-6.0,1.0312495073
27.0,-21.0,-5.0,1.11512167854
25.0,-17.0,0.0,0.975239771473
26.0,-20.0,-3.0,1.06255929626
24.0,-19.0,-3.0,0.992164935434
25.0,-21.0,-3.0,1.05765137489
24.0,-16.0,-2.0,0.932698857729
26.0,-17.0,-3.0,1.00674106673
25.0,-15.0,-4.0,0.949286385133
27.0,-15.0,-3.0,1.00104004188
25.0,-17.0,-7.0,1.00104004188
26.0,-18.0,-8.0,1.05222622131
27.0,-16.0,-5.0,1.02517732788
26.0,-14.0,-4.0,0.961268672629
27.0,-14.0,-3.0,0.985852050964
28.0,-17.0,-3.0,1.06108930345
27.0,-16.0,-5.0,1.02517732788
24.0,-18.0,-7.0,0.993736890371
23.0,-18.0,-8.0,0.976838963208
25.0,-19.0,-6.0,1.0312495073
25.0,-17.0,-4.0,0.983738753676
27.0,-18.0,-5.0,1.05912613931
27.0,-18.0,-3.0,1.05123682173
24.0,-18.0,-4.0,0.97630619035
25.0,-17.0,-3.0,0.980029518127
25.0,-18.0,-3.0,0.998437905841
24.0,-18.0,-3.0,0.972568608496
27.0,-16.0,-3.0,1.01702469487
27.0,-15.0,-3.0,1.00104004188
26.0,-15.0,-3.0,0.973103427677
25.0,-17.0,-3.0,0.980029518127
27.0,-18.0,-4.0,1.05469565963
25.0,-18.0,-3.0,0.998437905841
24.0,-18.0,-4.0,0.97630619035
24.0,-18.0,-4.0,0.97630619035
26.0,-18.0,-3.0,1.02466968866
26.0,-18.0,-3.0,1.02466968866
26.0,-18.0,-5.0,1.03276197378
24.0,-18.0,-4.0,0.97630619035
24.0,-17.0,-6.0,0.968279420632
26.0,-19.0,-7.0,1.06304884215
26.0,-19.0,-7.0,1.06304884215
25.0,-18.0,-5.0,1.00674106673
27.0,-17.0,-6.0,1.04726987618
27.0,-15.0,-6.0,1.01497630468
27.0,-15.0,-3.0,1.00104004188
25.0,-15.0,-5.0,0.954206416629
24.0,-18.0,-3.0,0.972568608496
26.0,-18.0,-3.0,1.02466968866
26.0,-16.0,-3.0,0.989539461302
24.0,-16.0,-3.0,0.935483870968
25.0,-18.0,-5.0,1.00674106673
25.0,-16.0,-4.0,0.966127685927
26.0,-15.0,-6.0,0.987434055807
25.0,-15.0,-6.0,0.960185552654
26.0,-16.0,-7.0,1.0103522428
26.0,-15.0,-5.0,0.981620906755
24.0,-16.0,-5.0,0.944340720536
24.0,-18.0,-5.0,0.981090730693
26.0,-16.0,-4.0,0.993213181828
25.0,-16.0,-5.0,0.970962383438
26.0,-16.0,-6.0,1.00363543136
24.0,-18.0,-6.0,0.986907002631
26.0,-17.0,-4.0,1.0103522428
25.0,-16.0,-4.0,0.966127685927
26.0,-16.0,-4.0,0.993213181828
24.0,-16.0,-5.0,0.944340720536
24.0,-18.0,-4.0,0.97630619035
24.0,-18.0,-6.0,0.986907002631
25.0,-17.0,-6.0,0.99426032306
25.0,-16.0,-5.0,0.970962383438
24.0,-18.0,-6.0,0.986907002631
24.0,-18.0,-4.0,0.97630619035
25.0,-17.0,-4.0,0.983738753676
26.0,-17.0,-4.0,1.0103522428
26.0,-16.0,-4.0,0.993213181828
26.0,-18.0,-6.0,1.0382888348
26.0,-17.0,-6.0,1.02059948513
25.0,-16.0,-5.0,0.970962383438
25.0,-15.0,-5.0,0.954206416629
27.0,-15.0,-5.0,1.00932179659
27.0,-15.0,-5.0,1.00932179659
25.0,-17.0,-7.0,1.00104004188
25.0,-15.0,-7.0,0.967204151649
25.0,-15.0,-6.0,0.960185552654
26.0,-17.0,-6.0,1.02059948513
25.0,-17.0,-3.0,0.980029518127
27.0,-15.0,-3.0,1.00104004188
26.0,-17.0,-5.0,1.01497630468
24.0,-17.0,-5.0,0.96235057356
25.0,-19.0,-5.0,1.02568471584
24.0,-17.0,-3.0,0.953660999942
25.0,-18.0,-3.0,0.998437905841
25.0,-18.0,-3.0,0.998437905841
25.0,-18.0,-5.0,1.00674106673
25.0,-19.0,-6.0,1.0312495073
24.0,-18.0,-6.0,0.986907002631
26.0,-17.0,-7.0,1.02720537601
26.0,-16.0,-5.0,0.997916664404
25.0,-15.0,-5.0,0.954206416629
27.0,-15.0,-5.0,1.00932179659
26.0,-15.0,-4.0,0.976838963208
26.0,-15.0,-5.0,0.981620906755
26.0,-16.0,-5.0,0.997916664404
26.0,-16.0,-5.0,0.997916664404
26.0,-18.0,-5.0,1.03276197378
24.0,-18.0,-5.0,0.981090730693
26.0,-18.0,-5.0,1.03276197378
26.0,-18.0,-4.0,1.02821790003
26.0,-16.0,-4.0,0.993213181828
26.0,-16.0,-6.0,1.00363543136
24.0,-18.0,-4.0,0.97630619035
24.0,-18.0,-6.0,0.986907002631
25.0,-16.0,-6.0,0.976838963208
25.0,-16.0,-6.0,0.976838963208
24.0,-16.0,-4.0,0.939369017972
24.0,-17.0,-4.0,0.957472392236
26.0,-18.0,-5.0,1.03276197378
26.0,-18.0,-5.0,1.03276197378
26.0,-16.0,-4.0,0.993213181828
26.0,-16.0,-4.0,0.993213181828
26.0,-16.0,-6.0,1.00363543136
26.0,-16.0,-4.0,0.993213181828
26.0,-16.0,-4.0,0.993213181828
25.0,-17.0,-4.0,0.983738753676
25.0,-17.0,-6.0,0.99426032306
25.0,-17.0,-6.0,0.99426032306
26.0,-17.0,-4.0,1.0103522428
26.0,-16.0,-4.0,0.993213181828
26.0,-16.0,-4.0,0.993213181828
26.0,-16.0,-4.0,0.993213181828
26.0,-16.0,-5.0,0.997916664404
26.0,-16.0,-4.0,0.993213181828
26.0,-16.0,-4.0,0.993213181828
25.0,-16.0,-5.0,0.970962383438
25.0,-17.0,-6.0,0.99426032306
26.0,-17.0,-6.0,1.02059948513
25.0,-17.0,-6.0,0.99426032306
26.0,-17.0,-6.0,1.02059948513
26.0,-17.0,-4.0,1.0103522428
26.0,-15.0,-4.0,0.976838963208
26.0,-15.0,-6.0,0.987434055807
25.0,-15.0,-5.0,0.954206416629
25.0,-15.0,-7.0,0.967204151649
25.0,-15.0,-7.0,0.967204151649
26.0,-17.0,-5.0,1.01497630468
26.0,-15.0,-6.0,0.987434055807
25.0,-15.0,-5.0,0.954206416629
25.0,-15.0,-5.0,0.954206416629
26.0,-17.0,-4.0,1.0103522428
26.0,-17.0,-4.0,1.0103522428
26.0,-18.0,-4.0,1.02821790003
24.0,-18.0,-5.0,0.981090730693
26.0,-18.0,-4.0,1.02821790003
26.0,-18.0,-4.0,1.02821790003
26.0,-18.0,-4.0,1.02821790003
26.0,-18.0,-4.0,1.02821790003
25.0,-16.0,-6.0,0.976838963208
26.0,-17.0,-5.0,1.01497630468
26.0,-17.0,-6.0,1.02059948513
25.0,-17.0,-4.0,0.983738753676
25.0,-16.0,-5.0,0.970962383438
26.0,-18.0,-5.0,1.03276197378
26.0,-18.0,-5.0,1.03276197378
26.0,-17.0,-5.0,1.01497630468
26.0,-17.0,-4.0,1.0103522428
25.0,-19.0,-6.0,1.0312495073
25.0,-17.0,-4.0,0.983738753676
25.0,-16.0,-6.0,0.976838963208
27.0,-15.0,-6.0,1.01497630468
26.0,-15.0,-6.0,0.987434055807
26.0,-16.0,-4.0,0.993213181828
26.0,-16.0,-4.0,0.993213181828
26.0,-16.0,-5.0,0.997916664404
27.0,-15.0,-5.0,1.00932179659
26.0,-17.0,-7.0,1.02720537601
27.0,-16.0,-8.0,1.0447828865
27.0,-17.0,-8.0,1.06108930345
24.0,-17.0,-6.0,0.968279420632
23.0,-15.0,-6.0,0.906675440165
22.0,-15.0,-7.0,0.88812257406
22.0,-16.0,-7.0,0.906101413238
24.0,-14.0,-5.0,0.910683497645
24.0,-15.0,-5.0,0.92710373311
23.0,-15.0,-6.0,0.906675440165
23.0,-15.0,-6.0,0.906675440165
24.0,-14.0,-3.0,0.901496039515
25.0,-12.0,-2.0,0.896867017707
25.0,-13.0,-3.0,0.914104988084
24.0,-13.0,-2.0,0.882834334413
25.0,-15.0,2.0,0.942686399755
24.0,-16.0,4.0,0.939369017972
27.0,-19.0,-1.0,1.06549319774
24.0,-19.0,2.0,0.989539461302
26.0,-18.0,2.0,1.02212771082
28.0,-19.0,1.0,1.09202005676
29.0,-21.0,0.0,1.15500088968
31.0,-23.0,-1.0,1.24559577912
28.0,-24.0,-5.0,1.20050284296
23.0,-15.0,-13.0,0.980029518127
25.0,-12.0,-15.0,1.01702469487
30.0,-10.0,-11.0,1.08004316405
30.0,-10.0,-8.0,1.05222622131
30.0,-14.0,-5.0,1.08004316405
29.0,-15.0,-6.0,1.07085114017
27.0,-16.0,-3.0,1.01702469487
26.0,-17.0,-5.0,1.01497630468
28.0,-16.0,-5.0,1.05272057239
33.0,-12.0,-9.0,1.1693270297
28.0,-13.0,-5.0,1.00880617878
29.0,-15.0,-1.0,1.05370857878
29.0,-13.0,1.0,1.02568471584
30.0,-12.0,2.0,1.04428477782
31.0,-10.0,1.0,1.05123682173
31.0,-10.0,1.0,1.05123682173
32.0,-9.0,3.0,1.07666575924
32.0,-9.0,3.0,1.07666575924
31.0,-11.0,3.0,1.06549319774
34.0,-11.0,4.0,1.15994545783
36.0,-12.0,1.0,1.22453244491
38.0,-12.0,0.0,1.2854747642
34.0,-9.0,-2.0,1.13638160992
32.0,-11.0,-3.0,1.09582501622
31.0,-13.0,-3.0,1.08867980843
23.0,-17.0,-2.0,0.924856205602
22.0,-19.0,-2.0,0.939922728022
21.0,-23.0,-8.0,1.03728614134
33.0,-25.0,-16.0,1.43176393685
35.0,-25.0,-19.0,1.51681521878
33.0,-25.0,-15.0,1.42045411976
23.0,-14.0,-5.0,0.883423479847
25.0,-15.0,-7.0,0.967204151649
23.0,-25.0,-1.0,1.09629970761
23.0,-25.0,-3.0,1.10008986484
19.0,-26.0,-7.0,1.06304884215
18.0,-23.0,-8.0,0.976838963208
20.0,-17.0,-11.0,0.918080611017
17.0,-20.0,-14.0,0.959643534235
24.0,-10.0,1.0,0.839329795565
25.0,-3.0,-7.0,0.843040925508
28.0,-2.0,1.0,0.906101413238
22.0,-4.0,0.0,0.721312250806
16.0,-5.0,-8.0,0.599166955516
15.0,-9.0,-8.0,0.620496260054
17.0,-9.0,-7.0,0.660306112595
13.0,-5.0,-3.0,0.459606672541
14.0,-5.0,-6.0,0.517136114254
20.0,-9.0,-12.0,0.806451612903
23.0,-8.0,-14.0,0.906101413238
33.0,-8.0,-31.0,1.48316953969
43.0,-10.0,-35.0,1.81736335755
42.0,-12.0,-18.0,1.524001524
43.0,-11.0,-10.0,1.46765331175
51.0,-32.0,16.0,2.00960233899
15.0,-29.0,-5.0,1.06549319774
6.0,-16.0,-6.0,0.584218396009
20.0,-7.0,-21.0,0.96235057356
28.0,-21.0,-38.0,1.66652791653
14.0,-38.0,-20.0,1.45697932782
18.0,-34.0,6.0,1.25599498929
27.0,-28.0,14.0,1.33355010378
19.0,-26.0,0.0,1.03878981859
20.0,-25.0,2.0,1.03477515693
22.0,-20.0,4.0,0.967741935484
22.0,-18.0,4.0,0.925980651252
24.0,-14.0,2.0,0.898605695302
23.0,-12.0,-7.0,0.866776054358
28.0,-14.0,2.0,1.0118959446
25.0,-3.0,-7.0,0.843040925508
24.0,-8.0,-3.0,0.821789625991
27.0,-14.0,-70.0,2.46198992298
29.0,-16.0,-12.0,1.13638160992
38.0,-20.0,-8.0,1.40905352696
39.0,-23.0,4.0,1.46623460353
49.0,-26.0,7.0,1.80356912884
49.0,-41.0,-7.0,2.07331793087
31.0,-49.0,-24.0,2.02430599868
12.0,-29.0,-12.0,1.0838901688
14.0,-21.0,-8.0,0.854077567411
15.0,-1.0,0.0,0.484945044464
12.0,-4.0,1.0,0.409308952918
12.0,-5.0,-3.0,0.430376260133
11.0,-6.0,-2.0,0.409308952918
11.0,-11.0,-2.0,0.505947972302
10.0,-15.0,4.0,0.595683397181
8.0,-14.0,6.0,0.554988726906
6.0,-11.0,3.0,0.415616087959
11.0,-9.0,4.0,0.476284614846
12.0,-8.0,5.0,0.492397984596
13.0,-8.0,0.0,0.492397984596
18.0,-9.0,-3.0,0.656354514496
36.0,-5.0,-27.0,1.46054599002
44.0,-2.0,-36.0,1.83502743914
61.0,-2.0,-45.0,2.44608885292
48.0,3.0,-24.0,1.73385221295
36.0,-2.0,-10.0,1.2069862538
32.0,-4.0,14.0,1.13409005363
38.0,-48.0,-16.0,2.04119897027
37.0,-56.0,-27.0,2.33375448357
24.0,-64.0,-27.0,2.3706934228
20.0,-47.0,-16.0,1.72663531498
19.0,-26.0,-2.0,1.04079134225
12.0,-18.0,6.0,0.724191752279
11.0,-13.0,11.0,0.653972094604
38.0,-23.0,9.0,1.46197021853
35.0,-29.0,-6.0,1.47895398534
33.0,-26.0,-4.0,1.36135147394
26.0,-20.0,-3.0,1.06255929626
21.0,-3.0,-7.0,0.720590577538
23.0,0.0,-6.0,0.766765440258
20.0,1.0,-8.0,0.69560834364
22.0,-14.0,-2.0,0.84365786004
24.0,-14.0,8.0,0.932698857729
20.0,-12.0,-3.0,0.758579097826
21.0,-9.0,-10.0,0.804513800861
21.0,-9.0,5.0,0.754452617002
19.0,-13.0,6.0,0.767443693766
24.0,-16.0,-2.0,0.932698857729
25.0,-17.0,-5.0,0.9884873191
24.0,-18.0,-8.0,1.00155965782
25.0,-20.0,-10.0,1.08196837621
28.0,-21.0,-12.0,1.1935483871
31.0,-18.0,-15.0,1.25350704695
35.0,-15.0,-21.0,1.40276225195
39.0,-9.0,-8.0,1.3166665569
40.0,-4.0,-12.0,1.35330173957
44.0,-9.0,-4.0,1.45447746033
41.0,-6.0,-6.0,1.35060783326
27.0,-11.0,-8.0,0.975239771473
25.0,-17.0,-3.0,0.980029518127
29.0,-20.0,-1.0,1.13683936688
38.0,-22.0,-1.0,1.41678653265
50.0,-28.0,-3.0,1.85111828844
52.0,-33.0,-2.0,1.98773554877
49.0,-32.0,-8.0,1.90541153879
43.0,-38.0,-14.0,1.90541153879
30.0,-47.0,-14.0,1.85448804539
19.0,-21.0,-11.0,0.980029518127
18.0,-16.0,-9.0,0.829352266592
17.0,-11.0,-2.0,0.656354514496
12.0,-12.0,-4.0,0.56243857336
15.0,-10.0,-4.0,0.595683397181
17.0,-11.0,-4.0,0.665798949695
16.0,-11.0,2.0,0.629652299869
7.0,-14.0,4.0,0.521144981336
5.0,-11.0,3.0,0.401609664451
5.0,-8.0,1.0,0.306026870339
10.0,-12.0,-1.0,0.504918575564
12.0,-13.0,-4.0,0.585108295072
16.0,-13.0,-8.0,0.713333689919
24.0,-10.0,-15.0,0.968279420632
30.0,-6.0,-26.0,1.29515225161
70.0,0.0,-42.0,2.6333331138
62.0,-5.0,-28.0,2.20041619372
46.0,-8.0,-28.0,1.75621388243
34.0,-6.0,-23.0,1.33822377501
38.0,-12.0,1.0,1.28587944697
53.0,-48.0,-18.0,2.37858114914
-1.0,-26.0,-21.0,1.07859699983
2.0,-10.0,-1.0,0.330546798902
15.0,-9.0,2.0,0.567961834247
34.0,-26.0,5.0,1.39009428558
29.0,-28.0,2.0,1.30196361746
24.0,-21.0,3.0,1.03326563729
23.0,-19.0,-1.0,0.962891068168
24.0,-16.0,-1.0,0.931023850946
27.0,-12.0,-3.0,0.958015639027
23.0,-10.0,-9.0,0.859542748031
20.0,-7.0,-12.0,0.785535203993
19.0,-14.0,-4.0,0.772174787328
20.0,-13.0,2.0,0.772174787328
18.0,-8.0,-3.0,0.642737382102
23.0,-7.0,6.0,0.799323335056
19.0,-12.0,4.0,0.736304013582
25.0,-15.0,-2.0,0.942686399755
26.0,-17.0,-7.0,1.02720537601
26.0,-18.0,-8.0,1.05222622131
27.0,-18.0,-6.0,1.06451612903
32.0,-20.0,-12.0,1.27735418537
33.0,-18.0,-16.0,1.31785149779
34.0,-11.0,-2.0,1.15455033343
36.0,-6.0,-4.0,1.18435869359
38.0,-6.0,-10.0,1.28223270415
36.0,-4.0,-14.0,1.25267663477
35.0,-1.0,-10.0,1.17465428749
35.0,-3.0,-5.0,1.14459322576
31.0,-5.0,-3.0,1.0175361481
40.0,-26.0,-5.0,1.5473787039
44.0,-28.0,-6.0,1.69347158044
55.0,-38.0,-4.0,2.16032718068
39.0,-46.0,-16.0,2.01270677288
23.0,-45.0,-11.0,1.6684000698
15.0,-38.0,-9.0,1.3494516557
19.0,-15.0,-9.0,0.833107843235
19.0,-13.0,-6.0,0.767443693766
20.0,-12.0,-5.0,0.769474867218
18.0,-10.0,-4.0,0.676650869787
19.0,-7.0,-3.0,0.660306112595
18.0,-9.0,2.0,0.652378981166
18.0,-12.0,-2.0,0.700824547819
8.0,-13.0,-2.0,0.496606590914
7.0,-13.0,-5.0,0.502853460262
7.0,-15.0,3.0,0.542664640041
9.0,-12.0,5.0,0.510044783898
8.0,-12.0,1.0,0.466349428865
7.0,-13.0,1.0,0.477375760869
5.0,-14.0,-2.0,0.483870967742
9.0,-11.0,-2.0,0.462990325626
21.0,-13.0,-10.0,0.859542748031
27.0,-12.0,-17.0,1.09961680962
78.0,3.0,-44.0,2.89047378637
85.0,15.0,-37.0,3.02933970751
31.0,0.0,-24.0,1.26466424412
26.0,-5.0,-9.0,0.902072997039
37.0,-35.0,14.0,1.70388550274
30.0,-47.0,-9.0,1.82193822535
13.0,-18.0,-1.0,0.71697131519
30.0,-25.0,0.0,1.25971768966
32.0,-26.0,1.0,1.33042520176
27.0,-23.0,1.0,1.14459322576
25.0,-23.0,2.0,1.09772255014
23.0,-19.0,0.0,0.96235057356
23.0,-19.0,-1.0,0.962891068168
25.0,-19.0,-2.0,1.01497630468
26.0,-18.0,-4.0,1.02821790003
24.0,-16.0,-6.0,0.950381926623
23.0,-14.0,-5.0,0.883423479847
23.0,-12.0,-5.0,0.852248052492
23.0,-10.0,-5.0,0.824949151777
25.0,-8.0,-6.0,0.868574968893
25.0,-11.0,-5.0,0.895706024317
23.0,-8.0,-4.0,0.796062108339
22.0,-9.0,-1.0,0.767443693766
23.0,-11.0,5.0,0.838089100437
25.0,-17.0,5.0,0.9884873191
24.0,-18.0,-3.0,0.972568608496
26.0,-12.0,-11.0,0.989539461302
28.0,-11.0,-18.0,1.13087407374
33.0,-18.0,-7.0,1.2334228577
33.0,-12.0,-14.0,1.21942310783
35.0,-8.0,-9.0,1.19398422731
30.0,-13.0,-11.0,1.11278634262
25.0,-15.0,-9.0,0.98426750338
25.0,-18.0,-4.0,1.00207900432
31.0,-17.0,1.0,1.14095091509
38.0,-17.0,5.0,1.35253259956
43.0,-22.0,3.0,1.56110369452
50.0,-25.0,-5.0,1.8104793807
49.0,-32.0,-4.0,1.89225927433
40.0,-37.0,-6.0,1.76831871918
19.0,-33.0,-9.0,1.2621933901
19.0,-13.0,-14.0,0.869173779697
20.0,-12.0,-6.0,0.7768770696
20.0,-6.0,7.0,0.710410178889
18.0,-7.0,7.0,0.66266576078
19.0,-14.0,3.0,0.767443693766
15.0,-17.0,1.0,0.732051981801
10.0,-24.0,6.0,0.860752520266
10.0,-27.0,4.0,0.937705926048
0.0,-25.0,-10.0,0.868574968893
5.0,-16.0,-12.0,0.66501703639
14.0,-18.0,-9.0,0.790816172396
21.0,-19.0,-14.0,1.01906896767
35.0,-6.0,-28.0,1.45876374898
41.0,-3.0,-35.0,1.74163677248
46.0,5.0,-40.0,1.97302305592
55.0,8.0,-30.0,2.03737195802
61.0,7.0,-6.0,1.99008991164
55.0,8.0,-14.0,1.84886837173
48.0,13.0,-12.0,1.65021362096
46.0,-5.0,29.0,1.76153844406
47.0,-16.0,13.0,1.65556482843
36.0,-36.0,-25.0,1.8296323758
21.0,-56.0,-57.0,2.66514871816
25.0,-27.0,14.0,1.27000127
16.0,-23.0,13.0,0.996351303966
15.0,-18.0,12.0,0.849190102006
14.0,-22.0,16.0,0.986907002631
20.0,-22.0,16.0,1.08915761394
23.0,-19.0,8.0,0.996351303966
24.0,-20.0,3.0,1.0124099888
27.0,-16.0,-2.0,1.01446356087
27.0,-14.0,-2.0,0.983209719621
28.0,-7.0,-6.0,0.950929224063
27.0,-7.0,-7.0,0.927664764164
26.0,-9.0,-19.0,1.07859699983
21.0,-15.0,-19.0,1.03376905542
21.0,-19.0,-9.0,0.958558577942
21.0,-14.0,-3.0,0.819888066267
21.0,-8.0,-1.0,0.725627218013
22.0,-5.0,4.0,0.73912511209
20.0,-11.0,4.0,0.747524530726
24.0,-14.0,3.0,0.901496039515
24.0,-16.0,-1.0,0.931023850946
22.0,-17.0,-4.0,0.906101413238
20.0,-19.0,-6.0,0.910683497645
21.0,-17.0,-4.0,0.881064534435
21.0,-14.0,-2.0,0.816708961366
21.0,-15.0,-1.0,0.833107843235
25.0,-10.0,-4.0,0.878106941214
28.0,-11.0,-2.0,0.972568608496
31.0,-9.0,-3.0,1.04577839209
34.0,-12.0,-2.0,1.16486903776
37.0,-13.0,-8.0,1.2911287804
37.0,-11.0,-14.0,1.32454613985
36.0,-11.0,-8.0,1.24141170354
34.0,-14.0,-1.0,1.18655317147
33.0,-16.0,-6.0,1.19876801136
31.0,-17.0,-13.0,1.21514891625
28.0,-25.0,-5.0,1.2215545954
30.0,-27.0,-2.0,1.30356111943
34.0,-28.0,4.0,1.42666737984
34.0,-30.0,-5.0,1.47154770683
33.0,-38.0,-11.0,1.66183830612
30.0,-44.0,-15.0,1.78471950885
31.0,-41.0,-19.0,1.76773016243
23.0,-20.0,-16.0,1.11044609536
27.0,-15.0,-10.0,1.04726987618
28.0,-17.0,-7.0,1.08052478867
28.0,-18.0,-7.0,1.0972484743
28.0,-18.0,-7.0,1.0972484743
24.0,-19.0,-9.0,1.02922942797
21.0,-18.0,-11.0,0.960185552654
15.0,-19.0,-13.0,0.886363333163
15.0,-19.0,-10.0,0.844890377659
12.0,-21.0,-5.0,0.796715421628
12.0,-21.0,-7.0,0.812237310453
14.0,-18.0,-1.0,0.736304013582
17.0,-17.0,-5.0,0.792130913407
18.0,-14.0,-5.0,0.753072098705
19.0,-13.0,-4.0,0.753762673906
21.0,-11.0,-6.0,0.788839952299
22.0,-8.0,-4.0,0.766086586261
22.0,-5.0,-4.0,0.73912511209
26.0,-3.0,-6.0,0.866175585942
24.0,-3.0,-10.0,0.844274343761
24.0,-4.0,-11.0,0.861356769214
26.0,-6.0,-13.0,0.957472392236
28.0,-6.0,-14.0,1.02821790003
28.0,-11.0,-19.0,1.14777076611
27.0,-10.0,-21.0,1.14958256008
26.0,-11.0,-24.0,1.19529079443
26.0,-11.0,-21.0,1.13500723134
30.0,-8.0,-17.0,1.14186258196
32.0,-2.0,-14.0,1.12857133449
32.0,-2.0,-12.0,1.10433824314
29.0,-4.0,-12.0,1.02059948513
29.0,-10.0,-15.0,1.10150781155
30.0,-15.0,-17.0,1.21300617271
32.0,-17.0,-20.0,1.33510981204
32.0,-24.0,-20.0,1.44262450161
30.0,-25.0,-19.0,1.40090650004
29.0,-25.0,-8.0,1.26178111068
28.0,-22.0,3.0,1.15274634743
23.0,-22.0,3.0,1.0312495073
21.0,-23.0,2.0,1.00674106673
22.0,-19.0,-7.0,0.964510734692
26.0,-16.0,-7.0,1.0103522428
29.0,-16.0,-3.0,1.07279284828
29.0,-19.0,-3.0,1.12256210589
28.0,-19.0,-1.0,1.09202005676
24.0,-22.0,-3.0,1.05469565963
25.0,-18.0,-3.0,0.998437905841
28.0,-17.0,-3.0,1.06108930345
33.0,-15.0,-1.0,1.16977189448
34.0,-11.0,-1.0,1.1531976085
32.0,-9.0,-2.0,1.07424682615
30.0,-9.0,-1.0,1.010867072
28.0,-8.0,-1.0,0.939922728022
27.0,-7.0,0.0,0.89976294716
26.0,-9.0,-3.0,0.892796935684
27.0,-9.0,-4.0,0.92710373311
28.0,-13.0,-4.0,1.00415370428
27.0,-14.0,-3.0,0.985852050964
27.0,-18.0,-2.0,1.04875923916
27.0,-19.0,0.0,1.06500477543
27.0,-17.0,-1.0,1.02973481932
26.0,-20.0,-1.0,1.05863477945
25.0,-21.0,-3.0,1.05765137489
24.0,-19.0,-7.0,1.01292377214
26.0,-17.0,-6.0,1.02059948513
25.0,-15.0,-4.0,0.949286385133
26.0,-15.0,-3.0,0.973103427677
28.0,-13.0,-1.0,0.996351303966
26.0,-14.0,-1.0,0.953115271142
27.0,-17.0,-3.0,1.03376905542
26.0,-18.0,-6.0,1.0382888348
26.0,-15.0,-4.0,0.976838963208
28.0,-16.0,-4.0,1.04826301995
27.0,-14.0,-2.0,0.983209719621
29.0,-14.0,-2.0,1.04079134225
29.0,-14.0,0.0,1.03878981859
26.0,-14.0,-1.0,0.953115271142
25.0,-16.0,-1.0,0.958015639027
25.0,-16.0,0.0,0.957472392236
22.0,-20.0,-1.0,0.959643534235
23.0,-18.0,-3.0,0.947091500381
24.0,-17.0,-6.0,0.968279420632
26.0,-18.0,-6.0,1.0382888348
25.0,-17.0,-5.0,0.9884873191
25.0,-17.0,-7.0,1.00104004188
25.0,-18.0,-7.0,1.01906896767
28.0,-16.0,-7.0,1.06451612903
27.0,-14.0,-5.0,0.99426032306
29.0,-15.0,-6.0,1.07085114017
27.0,-15.0,-5.0,1.00932179659
27.0,-14.0,-7.0,1.00674106673
28.0,-15.0,-6.0,1.04278902421
27.0,-16.0,-6.0,1.03074485862
26.0,-16.0,-7.0,1.0103522428
26.0,-16.0,-6.0,1.00363543136
26.0,-15.0,-6.0,0.987434055807
25.0,-16.0,-6.0,0.976838963208
26.0,-14.0,-5.0,0.966127685927
26.0,-14.0,-4.0,0.961268672629
26.0,-16.0,-3.0,0.989539461302
26.0,-15.0,-5.0,0.981620906755
25.0,-15.0,-4.0,0.949286385133
25.0,-15.0,-6.0,0.960185552654
25.0,-17.0,-4.0,0.983738753676
24.0,-16.0,-5.0,0.944340720536
24.0,-16.0,-5.0,0.944340720536
24.0,-18.0,-6.0,0.986907002631
24.0,-19.0,-8.0,1.02059948513
24.0,-20.0,-8.0,1.04029132236
25.0,-19.0,-6.0,1.0312495073
25.0,-18.0,-7.0,1.01906896767
26.0,-16.0,-5.0,0.997916664404
25.0,-16.0,-7.0,0.983738753676
27.0,-14.0,-6.0,1.0
27.0,-15.0,-7.0,1.02161855627
27.0,-14.0,-7.0,1.00674106673
28.0,-16.0,-6.0,1.05814319141
26.0,-15.0,-8.0,1.00207900432
27.0,-17.0,-7.0,1.05370857878
25.0,-17.0,-5.0,0.9884873191
26.0,-17.0,-5.0,1.01497630468
26.0,-15.0,-5.0,0.981620906755
26.0,-16.0,-7.0,1.0103522428
26.0,-16.0,-5.0,0.997916664404
25.0,-16.0,-7.0,0.983738753676
27.0,-16.0,-7.0,1.03728614134
27.0,-14.0,-6.0,1.0
25.0,-14.0,-7.0,0.951476206694
25.0,-14.0,-6.0,0.944340720536
27.0,-15.0,-5.0,1.00932179659
27.0,-14.0,-6.0,1.0
27.0,-15.0,-7.0,1.02161855627
27.0,-15.0,-7.0,1.02161855627
27.0,-15.0,-5.0,1.00932179659
27.0,-17.0,-7.0,1.05370857878
27.0,-17.0,-6.0,1.04726987618
27.0,-17.0,-6.0,1.04726987618
25.0,-17.0,-6.0,0.99426032306
26.0,-17.0,-5.0,1.01497630468
26.0,-17.0,-5.0,1.01497630468
26.0,-17.0,-5.0,1.01497630468
25.0,-17.0,-5.0,0.9884873191
25.0,-15.0,-6.0,0.960185552654
27.0,-15.0,-6.0,1.01497630468
27.0,-16.0,-6.0,1.03074485862
25.0,-15.0,-4.0,0.949286385133
25.0,-16.0,-6.0,0.976838963208
27.0,-16.0,-6.0,1.03074485862
27.0,-16.0,-6.0,1.03074485862
25.0,-16.0,-6.0,0.976838963208
27.0,-15.0,-6.0,1.01497630468
25.0,-17.0,-6.0,0.99426032306
25.0,-17.0,-6.0,0.99426032306
26.0,-17.0,-6.0,1.02059948513
26.0,-15.0,-6.0,0.987434055807
25.0,-15.0,-6.0,0.960185552654
26.0,-17.0,-5.0,1.01497630468
26.0,-15.0,-6.0,0.987434055807
26.0,-15.0,-5.0,0.981620906755
25.0,-15.0,-6.0,0.960185552654
25.0,-15.0,-6.0,0.960185552654
25.0,-17.0,-6.0,0.99426032306
25.0,-15.0,-5.0,0.954206416629
25.0,-15.0,-6.0,0.960185552654
25.0,-15.0,-6.0,0.960185552654
25.0,-15.0,-5.0,0.954206416629
25.0,-15.0,-5.0,0.954206416629
25.0,-17.0,-5.0,0.9884873191
26.0,-15.0,-5.0,0.981620906755
26.0,-17.0,-6.0,1.02059948513
26.0,-15.0,-6.0,0.987434055807
