25.0,-18.0,-6.0,1.0124099888
23.0,-14.0,-4.0,0.878106941214
21.0,-14.0,-7.0,0.844890377659
24.0,-20.0,-7.0,1.03276197378
24.0,-19.0,-6.0,1.00622412648
26.0,-15.0,-4.0,0.976838963208
29.0,-12.0,-5.0,1.02517732788
30.0,-10.0,-7.0,1.0447828865
29.0,-10.0,-7.0,1.01497630468
30.0,-9.0,-5.0,1.02314525982
30.0,-11.0,-5.0,1.04328784702
27.0,-17.0,-4.0,1.03728614134
28.0,-18.0,-5.0,1.08580855998
25.0,-15.0,-3.0,0.945441992887
26.0,-13.0,0.0,0.937705926048
30.0,-12.0,-3.0,1.04677295094
29.0,-11.0,-4.0,1.00880617878
27.0,-12.0,-3.0,0.958015639027
27.0,-12.0,-3.0,0.958015639027
28.0,-14.0,-5.0,1.02263661188
27.0,-15.0,-7.0,1.02161855627
26.0,-16.0,-6.0,1.00363543136
26.0,-15.0,-7.0,0.99426032306
26.0,-17.0,-6.0,1.02059948513
27.0,-15.0,-4.0,1.00467170983
27.0,-14.0,-4.0,0.989539461302
28.0,-9.0,-3.0,0.953660999942
27.0,-11.0,-3.0,0.945441992887
27.0,-14.0,-3.0,0.985852050964
27.0,-17.0,-4.0,1.03728614134
26.0,-17.0,-6.0,1.02059948513
26.0,-17.0,-6.0,1.02059948513
26.0,-16.0,-7.0,1.0103522428
27.0,-10.0,-6.0,0.94873813999
28.0,-9.0,-6.0,0.968279420632
28.0,-8.0,-6.0,0.959101209504
29.0,-16.0,-7.0,1.09202005676
29.0,-16.0,-6.0,1.08580855998
29.0,-12.0,-6.0,1.03074485862
30.0,-13.0,-6.0,1.07230775088
30.0,-14.0,-4.0,1.07569883874
29.0,-15.0,-5.0,1.06549319774
23.0,-18.0,-4.0,0.950929224063
24.0,-19.0,-2.0,0.989539461302
24.0,-20.0,-6.0,1.02619185294
25.0,-19.0,-4.0,1.02110914783
27.0,-15.0,-2.0,0.998437905841
26.0,-16.0,-4.0,0.993213181828
28.0,-16.0,-4.0,1.04826301995
26.0,-16.0,-4.0,0.993213181828
26.0,-16.0,-5.0,0.997916664404
26.0,-15.0,-5.0,0.981620906755
26.0,-15.0,-5.0,0.981620906755
25.0,-16.0,-5.0,0.970962383438
27.0,-16.0,-1.0,1.01292377214
26.0,-15.0,-3.0,0.973103427677
26.0,-17.0,-2.0,1.00415370428
25.0,-18.0,-3.0,0.998437905841
25.0,-17.0,-3.0,0.980029518127
25.0,-19.0,-2.0,1.01497630468
25.0,-17.0,-2.0,0.977371445648
27.0,-18.0,-5.0,1.05912613931
27.0,-17.0,-3.0,1.03376905542
27.0,-16.0,-5.0,1.02517732788
27.0,-15.0,-5.0,1.00932179659
25.0,-16.0,-3.0,0.96235057356
25.0,-16.0,-3.0,0.96235057356
25.0,-16.0,-3.0,0.96235057356
27.0,-17.0,-3.0,1.03376905542
25.0,-17.0,-2.0,0.977371445648
27.0,-17.0,-4.0,1.03728614134
26.0,-16.0,-4.0,0.993213181828
26.0,-16.0,-4.0,0.993213181828
27.0,-16.0,-4.0,1.02059948513
27.0,-16.0,-4.0,1.02059948513
27.0,-16.0,-3.0,1.01702469487
27.0,-15.0,-3.0,1.00104004188
26.0,-16.0,-3.0,0.989539461302
26.0,-14.0,-3.0,0.957472392236
27.0,-16.0,-2.0,1.01446356087
25.0,-15.0,-4.0,0.949286385133
27.0,-16.0,-2.0,1.01446356087
25.0,-16.0,-4.0,0.966127685927
25.0,-15.0,-4.0,0.949286385133
27.0,-16.0,-4.0,1.02059948513
26.0,-14.0,-3.0,0.957472392236
27.0,-16.0,-4.0,1.02059948513
27.0,-16.0,-4.0,1.02059948513
26.0,-14.0,-4.0,0.961268672629
26.0,-16.0,-4.0,0.993213181828
27.0,-16.0,-4.0,1.02059948513
25.0,-17.0,-4.0,0.983738753676
25.0,-17.0,-4.0,0.983738753676
27.0,-15.0,-4.0,1.00467170983
27.0,-17.0,-4.0,1.03728614134
25.0,-15.0,-4.0,0.949286385133
27.0,-15.0,-4.0,1.00467170983
27.0,-15.0,-2.0,0.998437905841
27.0,-15.0,-2.0,0.998437905841
25.0,-15.0,-2.0,0.942686399755
26.0,-15.0,-4.0,0.976838963208
27.0,-15.0,-2.0,0.998437905841
27.0,-15.0,-4.0,1.00467170983
27.0,-15.0,-4.0,1.00467170983
27.0,-15.0,-2.0,0.998437905841
27.0,-15.0,-4.0,1.00467170983
27.0,-15.0,-4.0,1.00467170983
25.0,-15.0,-2.0,0.942686399755
27.0,-15.0,-2.0,0.998437905841
27.0,-15.0,-2.0,0.998437905841
27.0,-15.0,-2.0,0.998437905841
27.0,-15.0,-4.0,1.00467170983
27.0,-15.0,-2.0,0.998437905841
27.0,-15.0,-2.0,0.998437905841
27.0,-15.0,-2.0,0.998437905841
27.0,-15.0,-2.0,0.998437905841
27.0,-16.0,-2.0,1.01446356087
27.0,-15.0,-4.0,1.00467170983
27.0,-15.0,-2.0,0.998437905841
25.0,-15.0,-4.0,0.949286385133
27.0,-15.0,-2.0,0.998437905841
27.0,-15.0,-2.0,0.998437905841
27.0,-15.0,-2.0,0.998437905841
25.0,-15.0,-2.0,0.942686399755
25.0,-17.0,-2.0,0.977371445648
27.0,-17.0,-2.0,1.0312495073
27.0,-17.0,-3.0,1.03376905542
27.0,-17.0,-2.0,1.0312495073
27.0,-17.0,-2.0,1.0312495073
27.0,-15.0,-2.0,0.998437905841
27.0,-15.0,-4.0,1.00467170983
27.0,-15.0,-2.0,0.998437905841
26.0,-17.0,-2.0,1.00415370428
27.0,-17.0,-2.0,1.0312495073
26.0,-17.0,-3.0,1.00674106673
25.0,-17.0,-2.0,0.977371445648
27.0,-15.0,-2.0,0.998437905841
26.0,-17.0,-2.0,1.00415370428
26.0,-15.0,-2.0,0.97042638429
27.0,-15.0,-2.0,0.998437905841
27.0,-15.0,-2.0,0.998437905841
27.0,-15.0,-2.0,0.998437905841
27.0,-17.0,-3.0,1.03376905542
27.0,-16.0,-2.0,1.01446356087
25.0,-16.0,-3.0,0.96235057356
25.0,-16.0,-3.0,0.96235057356
25.0,-16.0,-2.0,0.959643534235
27.0,-16.0,-2.0,1.01446356087
27.0,-15.0,-2.0,0.998437905841
27.0,-16.0,-2.0,1.01446356087
26.0,-16.0,-4.0,0.993213181828
27.0,-15.0,-2.0,0.998437905841
27.0,-17.0,-2.0,1.0312495073
25.0,-16.0,-2.0,0.959643534235
25.0,-17.0,-2.0,0.977371445648
27.0,-17.0,-2.0,1.0312495073
27.0,-16.0,-3.0,1.01702469487
25.0,-15.0,-2.0,0.942686399755
25.0,-15.0,-3.0,0.945441992887
27.0,-15.0,-2.0,0.998437905841
27.0,-17.0,-2.0,1.0312495073
27.0,-17.0,-4.0,1.03728614134
26.0,-15.0,-2.0,0.97042638429
26.0,-16.0,-4.0,0.993213181828
26.0,-16.0,-2.0,0.986907002631
26.0,-16.0,-2.0,0.986907002631
26.0,-15.0,-4.0,0.976838963208
26.0,-17.0,-2.0,1.00415370428
25.0,-17.0,-2.0,0.977371445648
25.0,-17.0,-3.0,0.980029518127
25.0,-17.0,-2.0,0.977371445648
27.0,-17.0,-1.0,1.02973481932
27.0,-17.0,-3.0,1.03376905542
27.0,-15.0,-3.0,1.00104004188
27.0,-15.0,-3.0,1.00104004188
27.0,-16.0,-3.0,1.01702469487
27.0,-15.0,-3.0,1.00104004188
27.0,-17.0,-2.0,1.0312495073
25.0,-16.0,-2.0,0.959643534235
26.0,-16.0,-2.0,0.986907002631
25.0,-16.0,-2.0,0.959643534235
25.0,-16.0,-2.0,0.959643534235
25.0,-18.0,-2.0,0.995828970351
25.0,-17.0,-2.0,0.977371445648
27.0,-15.0,-2.0,0.998437905841
27.0,-15.0,-2.0,0.998437905841
27.0,-15.0,-2.0,0.998437905841
27.0,-15.0,-2.0,0.998437905841
25.0,-17.0,-2.0,0.977371445648
25.0,-17.0,-2.0,0.977371445648
25.0,-16.0,-2.0,0.959643534235
25.0,-16.0,-2.0,0.959643534235
25.0,-17.0,-2.0,0.977371445648
25.0,-15.0,-2.0,0.942686399755
27.0,-15.0,-2.0,0.998437905841
27.0,-15.0,-4.0,1.00467170983
25.0,-17.0,-4.0,0.983738753676
25.0,-16.0,-4.0,0.966127685927
25.0,-17.0,-4.0,0.983738753676
25.0,-17.0,-4.0,0.983738753676
25.0,-15.0,-2.0,0.942686399755
27.0,-17.0,-2.0,1.0312495073
26.0,-17.0,-2.0,1.00415370428
27.0,-17.0,-2.0,1.0312495073
27.0,-17.0,-2.0,1.0312495073
27.0,-15.0,-3.0,1.00104004188
25.0,-15.0,-3.0,0.945441992887
25.0,-17.0,-2.0,0.977371445648
25.0,-17.0,-2.0,0.977371445648
25.0,-16.0,-2.0,0.959643534235
27.0,-16.0,-2.0,1.01446356087
27.0,-17.0,-2.0,1.0312495073
27.0,-17.0,-2.0,1.0312495073
25.0,-17.0,-2.0,0.977371445648
27.0,-15.0,-2.0,0.998437905841
25.0,-16.0,-2.0,0.959643534235
25.0,-16.0,-2.0,0.959643534235
25.0,-16.0,-2.0,0.959643534235
25.0,-16.0,-2.0,0.959643534235
25.0,-16.0,-3.0,0.96235057356
25.0,-16.0,-2.0,0.959643534235
25.0,-16.0,-3.0,0.96235057356
25.0,-16.0,-3.0,0.96235057356
25.0,-18.0,-3.0,0.998437905841
25.0,-16.0,-3.0,0.96235057356
25.0,-16.0,-2.0,0.959643534235
25.0,-16.0,-2.0,0.959643534235
25.0,-18.0,-3.0,0.998437905841
26.0,-16.0,-2.0,0.986907002631
27.0,-17.0,-3.0,1.03376905542
27.0,-17.0,-2.0,1.0312495073
25.0,-16.0,-2.0,0.959643534235
25.0,-16.0,-2.0,0.959643534235
25.0,-16.0,-2.0,0.959643534235
25.0,-17.0,-2.0,0.977371445648
25.0,-17.0,-2.0,0.977371445648
25.0,-17.0,-3.0,0.980029518127
25.0,-16.0,-3.0,0.96235057356
25.0,-16.0,-2.0,0.959643534235
25.0,-16.0,-3.0,0.96235057356
25.0,-16.0,-2.0,0.959643534235
25.0,-16.0,-3.0,0.96235057356
25.0,-17.0,-3.0,0.980029518127
25.0,-17.0,-2.0,0.977371445648
25.0,-17.0,-2.0,0.977371445648
27.0,-16.0,-2.0,1.01446356087
25.0,-16.0,-3.0,0.96235057356
25.0,-17.0,-2.0,0.977371445648
25.0,-16.0,-2.0,0.959643534235
25.0,-17.0,-3.0,0.980029518127
25.0,-16.0,-3.0,0.96235057356
27.0,-17.0,-2.0,1.0312495073
25.0,-17.0,-2.0,0.977371445648
26.0,-16.0,-3.0,0.989539461302
25.0,-16.0,-3.0,0.96235057356
26.0,-18.0,-3.0,1.02466968866
26.0,-18.0,-2.0,1.02212771082
25.0,-16.0,-3.0,0.96235057356
25.0,-16.0,-2.0,0.959643534235
26.0,-18.0,-3.0,1.02466968866
26.0,-18.0,-3.0,1.02466968866
26.0,-18.0,-2.0,1.02212771082
25.0,-16.0,-2.0,0.959643534235
25.0,-16.0,-4.0,0.966127685927
25.0,-16.0,-3.0,0.96235057356
25.0,-16.0,-3.0,0.96235057356
25.0,-16.0,-3.0,0.96235057356
26.0,-16.0,-4.0,0.993213181828
26.0,-16.0,-2.0,0.986907002631
26.0,-16.0,-2.0,0.986907002631
26.0,-17.0,-3.0,1.00674106673
24.0,-17.0,-1.0,0.949286385133
24.0,-17.0,-1.0,0.949286385133
24.0,-18.0,-3.0,0.972568608496
24.0,-18.0,-3.0,0.972568608496
26.0,-18.0,-3.0,1.02466968866
26.0,-18.0,-3.0,1.02466968866
26.0,-18.0,-3.0,1.02466968866
26.0,-17.0,-3.0,1.00674106673
25.0,-19.0,-2.0,1.01497630468
26.0,-17.0,-2.0,1.00415370428
25.0,-18.0,-3.0,0.998437905841
25.0,-18.0,-1.0,0.99426032306
23.0,-17.0,-2.0,0.924856205602
24.0,-18.0,-3.0,0.972568608496
25.0,-20.0,-2.0,1.03477515693
25.0,-18.0,-4.0,1.00207900432
26.0,-19.0,-3.0,1.04328784702
24.0,-19.0,-4.0,0.995828970351
23.0,-16.0,-2.0,0.906101413238
25.0,-17.0,0.0,0.975239771473
24.0,-19.0,0.0,0.987434055807
26.0,-18.0,-1.0,1.02059948513
25.0,-18.0,-1.0,0.99426032306
27.0,-17.0,-2.0,1.0312495073
26.0,-18.0,-4.0,1.02821790003
25.0,-17.0,-1.0,0.975773126597
26.0,-14.0,-4.0,0.961268672629
24.0,-9.0,-2.0,0.829352266592
23.0,-9.0,-2.0,0.799323335056
23.0,-6.0,-3.0,0.772848293594
25.0,-5.0,-3.0,0.828096622774
28.0,-3.0,-3.0,0.913535629581
29.0,-5.0,-6.0,0.968816607592
28.0,-6.0,-5.0,0.937705926048
28.0,-11.0,0.0,0.97042638429
29.0,-13.0,-3.0,1.02973481932
34.0,-13.0,-2.0,1.1759823312
35.0,-11.0,-3.0,1.18742982705
35.0,-18.0,0.0,1.26959152607
37.0,-17.0,2.0,1.31508497488
37.0,-23.0,2.0,1.40683628951
38.0,-27.0,2.0,1.50510750288
34.0,-29.0,8.0,1.46445928552
28.0,-32.0,-1.0,1.37201098827
28.0,-22.0,-7.0,1.17066111688
22.0,-2.0,-8.0,0.757892911256
17.0,0.0,-4.0,0.563362877309
7.0,3.0,-1.0,0.247778895093
9.0,3.0,3.0,0.320963689389
5.0,0.0,3.0,0.188095222414
4.0,3.0,3.0,0.188095222414
13.0,2.0,4.0,0.443475067254
20.0,-2.0,2.0,0.651580963765
46.0,-25.0,-34.0,2.01374052065
55.0,-20.0,-23.0,2.02841418352
61.0,-34.0,-17.0,2.31854488078
64.0,-45.0,-20.0,2.60492609461
60.0,-57.0,-18.0,2.73205049293
53.0,-56.0,-22.0,2.58648532715
56.0,-37.0,-8.0,2.18046382143
51.0,-28.0,-1.0,1.87707568077
41.0,-2.0,-15.0,1.40979183119
29.0,-5.0,-7.0,0.975773126597
-10.0,-15.0,-3.0,0.589537641371
-17.0,-18.0,0.0,0.798672155041
-19.0,-10.0,5.0,0.711142183389
-8.0,0.0,21.0,0.724909840459
-2.0,7.0,-3.0,0.254000254
1.0,5.0,-4.0,0.209056151562
14.0,16.0,6.0,0.712603936593
19.0,16.0,12.0,0.889878337041
42.0,5.0,14.0,1.43720447806
56.0,-21.0,15.0,1.98904387219
29.0,-71.0,-42.0,2.82069061145
38.0,-67.0,-9.0,2.50161238327
55.0,-29.0,22.0,2.12756547714
56.0,-17.0,3.0,1.89033359019
63.0,-32.0,-26.0,2.42879877214
54.0,-27.0,-33.0,2.21948611765
44.0,-28.0,-21.0,1.81363778024
37.0,-15.0,-20.0,1.44045893947
4.0,-2.0,-8.0,0.295650044836
1.0,4.0,-4.0,0.185308472469
-3.0,2.0,-6.0,0.225806451613
-4.0,6.0,-2.0,0.24139725076
-2.0,6.0,8.0,0.328969000877
-1.0,5.0,9.0,0.333680013961
-2.0,6.0,12.0,0.437569676331
3.0,10.0,13.0,0.537849419372
10.0,11.0,5.0,0.505947972302
16.0,10.0,4.0,0.622171016838
52.0,-8.0,22.0,1.83955837798
71.0,-24.0,25.0,2.54859125356
85.0,-35.0,0.0,2.96528650175
103.0,-42.0,-27.0,3.6923860687
72.0,-67.0,-44.0,3.47564740299
42.0,-67.0,-64.0,3.28161402891
53.0,-3.0,-20.0,1.82991672306
36.0,-8.0,2.0,1.19136679436
27.0,-9.0,3.0,0.923166969113
8.0,-8.0,2.0,0.370616944938
4.0,-8.0,0.0,0.288524900323
-2.0,-8.0,0.0,0.266006814556
-12.0,-6.0,-5.0,0.46186519559
-12.0,-1.0,9.0,0.484945044464
-17.0,1.0,12.0,0.672021505032
-21.0,-1.0,9.0,0.737715911357
-21.0,2.0,12.0,0.782881361259
-21.0,-1.0,20.0,0.936039879261
-7.0,-11.0,13.0,0.593933956114
6.0,-10.0,10.0,0.495557790185
18.0,-12.0,14.0,0.831232175918
52.0,-13.0,13.0,1.77917190105
65.0,-65.0,-38.0,3.20866412924
53.0,-73.0,-13.0,2.94008855438
54.0,-68.0,-16.0,2.84822452318
54.0,-49.0,-18.0,2.42279325556
43.0,-31.0,-1.0,1.71028595378
44.0,-35.0,-14.0,1.86902012089
51.0,-26.0,-12.0,1.88675210528
48.0,-22.0,-22.0,1.84520640595
43.0,-20.0,-18.0,1.63628217458
19.0,-1.0,-18.0,0.844890377659
11.0,3.0,-15.0,0.607788505852
-4.0,13.0,-4.0,0.457336996089
-3.0,16.0,0.0,0.525123245035
-5.0,3.0,5.0,0.247778895093
-4.0,4.0,5.0,0.243543046299
-5.0,0.0,6.0,0.251943537932
0.0,0.0,6.0,0.193548387097
35.0,-16.0,22.0,1.42994582318
66.0,-36.0,20.0,2.50950326952
97.0,-43.0,-14.0,3.45236651405
76.0,-76.0,-74.0,4.20939932341
72.0,-27.0,-28.0,2.63984516936
56.0,-21.0,-21.0,2.04476438603
40.0,-3.0,2.0,1.29555391149
28.0,-7.0,6.0,0.950929224063
-5.0,-21.0,-12.0,0.796715421628
-9.0,-15.0,-2.0,0.567961834247
-7.0,2.0,3.0,0.254000254
-9.0,4.0,6.0,0.372018148215
-9.0,12.0,4.0,0.500779828912
-9.0,13.0,9.0,0.586884045118
7.0,12.0,24.0,0.89454352412
11.0,8.0,19.0,0.753762673906
22.0,3.0,-1.0,0.71697131519
68.0,-58.0,22.0,2.96914412878
53.0,-69.0,-33.0,3.00173380353
61.0,-44.0,17.0,2.48742937402
56.0,-36.0,6.0,2.15622902801
41.0,-29.0,-9.0,1.64579367985
42.0,-26.0,-13.0,1.64768939214
26.0,-31.0,-32.0,1.66402843568
24.0,-35.0,-8.0,1.39308534721
12.0,-6.0,-11.0,0.559656502352
9.0,2.0,-3.0,0.312753539188
2.0,9.0,8.0,0.393759858572
2.0,15.0,-3.0,0.497653181308
4.0,17.0,-3.0,0.57161435957
1.0,15.0,-2.0,0.489217770584
1.0,17.0,5.0,0.572523849977
0.0,9.0,14.0,0.536881192809
11.0,-12.0,12.0,0.652378981166
21.0,-27.0,4.0,1.11091453921
55.0,-28.0,15.0,2.04883154945
100.0,-28.0,5.0,3.35375292603
121.0,-39.0,-49.0,4.39503551167
50.0,-5.0,-15.0,1.69162717447
48.0,-8.0,-10.0,1.60254739979
37.0,-16.0,-5.0,1.31032877494
28.0,-19.0,-2.0,1.09344846817
17.0,-19.0,-2.0,0.824949151777
7.0,-15.0,1.0,0.534939482315
-2.0,-13.0,3.0,0.435185082685
-10.0,-2.0,6.0,0.381682566652
-9.0,3.0,8.0,0.400312053096
-16.0,8.0,13.0,0.713333689919
-7.0,9.0,23.0,0.828096622774
0.0,5.0,26.0,0.854077567411
3.0,2.0,16.0,0.529071595705
7.0,2.0,2.0,0.243543046299
9.0,1.0,-3.0,0.307722323038
117.0,-60.0,38.0,4.41511451859
88.0,-100.0,-72.0,4.88451438213
28.0,-6.0,17.0,1.07424682615
53.0,-7.0,20.0,1.84125460553
51.0,-38.0,-22.0,2.17089823979
44.0,-28.0,-17.0,1.76949524541
43.0,-22.0,-15.0,1.63150562792
37.0,-24.0,-19.0,1.54905899401
7.0,-1.0,-1.0,0.230368658985
0.0,5.0,0.0,0.161290322581
-3.0,6.0,3.0,0.237047394463
-5.0,5.0,2.0,0.237047394463
-5.0,5.0,0.0,0.228098961673
-8.0,5.0,-3.0,0.319338546342
-8.0,4.0,-1.0,0.290322580645
-5.0,3.0,7.0,0.293884954166
-3.0,-7.0,0.0,0.245670100189
2.0,-6.0,11.0,0.409308952918
13.0,-5.0,19.0,0.759949612219
106.0,-47.0,-62.0,4.24153683887
85.0,-43.0,-10.0,3.08970968399
63.0,-52.0,-16.0,2.68518113183
52.0,-64.0,-38.0,2.92891857105
52.0,-55.0,-15.0,2.48910215792
0.0,-3.0,0.0,0.0967741935484
0.0,-6.0,1.0,0.196218146139
0.0,-8.0,8.0,0.364958338677
1.0,-8.0,12.0,0.466349428865
-1.0,-1.0,9.0,0.293884954166
-1.0,1.0,4.0,0.136859377004
3.0,0.0,1.0,0.10200895678
9.0,-4.0,2.0,0.324189536165
15.0,-6.0,3.0,0.530054087908
19.0,-7.0,0.0,0.653176023591
25.0,2.0,-29.0,1.23679287179
101.0,-33.0,-29.0,3.5529296437
50.0,-27.0,-51.0,2.46304634436
19.0,-24.0,-19.0,1.16218603449
28.0,-25.0,-5.0,1.2215545954
49.0,-34.0,2.0,1.92497145133
53.0,-44.0,16.0,2.28121770429
51.0,-49.0,13.0,2.31966663075
39.0,-49.0,-2.0,2.02121938036
30.0,-41.0,4.0,1.64389578145
21.0,-35.0,7.0,1.33588898328
17.0,-27.0,3.0,1.03376905542
15.0,-21.0,0.0,0.832483090359
13.0,-19.0,-6.0,0.767443693766
13.0,-18.0,-3.0,0.722753435562
9.0,-16.0,-3.0,0.600034685088
9.0,-14.0,-3.0,0.545533371783
14.0,-9.0,9.0,0.610351223498
19.0,-8.0,11.0,0.753762673906
21.0,-11.0,10.0,0.829979376146
23.0,-13.0,5.0,0.867376107081
25.0,-14.0,3.0,0.929345825219
24.0,-15.0,-2.0,0.915242642523
27.0,-16.0,-1.0,1.01292377214
26.0,-16.0,-2.0,0.986907002631
27.0,-15.0,0.0,0.996351303966
27.0,-18.0,1.0,1.04726987618
30.0,-17.0,1.0,1.11278634262
30.0,-19.0,-2.0,1.14731737057
32.0,-19.0,-1.0,1.20093615929
34.0,-15.0,1.0,1.19920195454
32.0,-14.0,0.0,1.12672575462
31.0,-15.0,0.0,1.11091453921
31.0,-14.0,3.0,1.10150781155
30.0,-16.0,2.0,1.09867008812
29.0,-14.0,0.0,1.03878981859
26.0,-13.0,2.0,0.939922728022
24.0,-14.0,4.0,0.905527022427
22.0,-16.0,4.0,0.886950134508
21.0,-16.0,3.0,0.857118081006
23.0,-18.0,2.0,0.944340720536
25.0,-16.0,1.0,0.958015639027
25.0,-16.0,1.0,0.958015639027
27.0,-15.0,1.0,0.996873363894
27.0,-13.0,2.0,0.968816607592
29.0,-12.0,2.0,1.01446356087
30.0,-12.0,1.0,1.04278902421
27.0,-13.0,3.0,0.971498086863
27.0,-14.0,2.0,0.983209719621
28.0,-17.0,1.0,1.05715932956
28.0,-21.0,1.0,1.12949299355
27.0,-22.0,-2.0,1.12533958339
24.0,-21.0,-3.0,1.03326563729
22.0,-18.0,-4.0,0.925980651252
24.0,-19.0,-3.0,0.992164935434
25.0,-19.0,-3.0,1.0175361481
25.0,-18.0,-1.0,0.99426032306
25.0,-21.0,-10.0,1.10150781155
26.0,-21.0,-17.0,1.20956988769
28.0,-21.0,-8.0,1.15814987555
28.0,-15.0,-1.0,1.02517732788
27.0,-13.0,0.0,0.96666606863
25.0,-13.0,-1.0,0.909540140637
27.0,-13.0,0.0,0.96666606863
31.0,-10.0,-8.0,1.08196837621
24.0,-19.0,-4.0,0.995828970351
24.0,-18.0,-3.0,0.972568608496
24.0,-18.0,-3.0,0.972568608496
24.0,-18.0,-3.0,0.972568608496
23.0,-19.0,-5.0,0.975773126597
24.0,-21.0,-6.0,1.04677295094
22.0,-21.0,-9.0,1.02314525982
24.0,-18.0,-8.0,1.00155965782
23.0,-16.0,-9.0,0.949286385133
24.0,-15.0,-7.0,0.940476112072
26.0,-16.0,-5.0,0.997916664404
26.0,-15.0,-6.0,0.987434055807
24.0,-18.0,-4.0,0.97630619035
23.0,-19.0,-3.0,0.967204151649
25.0,-19.0,-4.0,1.02110914783
24.0,-22.0,-4.0,1.05814319141
26.0,-21.0,-7.0,1.10150781155
24.0,-21.0,-7.0,1.05321469144
25.0,-16.0,-6.0,0.976838963208
23.0,-15.0,-8.0,0.922603202973
24.0,-17.0,-6.0,0.968279420632
25.0,-16.0,-3.0,0.96235057356
28.0,-17.0,-4.0,1.06451612903
28.0,-17.0,-2.0,1.05863477945
26.0,-16.0,-3.0,0.989539461302
27.0,-16.0,-6.0,1.03074485862
27.0,-14.0,-7.0,1.00674106673
25.0,-14.0,-10.0,0.978967155193
25.0,-16.0,-7.0,0.983738753676
27.0,-15.0,-4.0,1.00467170983
27.0,-15.0,-5.0,1.00932179659
26.0,-16.0,-3.0,0.989539461302
26.0,-17.0,-4.0,1.0103522428
27.0,-15.0,-4.0,1.00467170983
26.0,-16.0,-5.0,0.997916664404
24.0,-18.0,-7.0,0.993736890371
24.0,-18.0,-8.0,1.00155965782
27.0,-17.0,-10.0,1.07859699983
28.0,-18.0,-11.0,1.13087407374
29.0,-18.0,-8.0,1.13087407374
26.0,-14.0,-9.0,0.995828970351
24.0,-14.0,-7.0,0.9242934698
23.0,-15.0,-7.0,0.914104988084
24.0,-15.0,-6.0,0.933256525257
26.0,-16.0,-6.0,1.00363543136
27.0,-14.0,-8.0,1.01446356087
28.0,-15.0,-8.0,1.05666705511
27.0,-14.0,-4.0,0.989539461302
24.0,-16.0,-3.0,0.935483870968
24.0,-16.0,-3.0,0.935483870968
22.0,-16.0,-2.0,0.879882690128
24.0,-17.0,-5.0,0.96235057356
24.0,-15.0,-6.0,0.933256525257
24.0,-14.0,-7.0,0.9242934698
25.0,-14.0,-7.0,0.951476206694
25.0,-14.0,-10.0,0.978967155193
23.0,-15.0,-10.0,0.942686399755
24.0,-16.0,-9.0,0.974706124499
23.0,-15.0,-9.0,0.932140856568
25.0,-15.0,-6.0,0.960185552654
29.0,-17.0,-6.0,1.10150781155
29.0,-16.0,-7.0,1.09202005676
30.0,-13.0,-2.0,1.05666705511
31.0,-14.0,-4.0,1.10480927674
29.0,-16.0,-5.0,1.08052478867
27.0,-15.0,-6.0,1.01497630468
26.0,-17.0,-5.0,1.01497630468
24.0,-19.0,-7.0,1.01292377214
24.0,-18.0,-5.0,0.981090730693
24.0,-20.0,-4.0,1.016001016
25.0,-18.0,-4.0,1.00207900432
25.0,-18.0,-3.0,0.998437905841
24.0,-21.0,-5.0,1.04129112204
24.0,-20.0,-4.0,1.016001016
23.0,-20.0,-5.0,0.996351303966
25.0,-19.0,-5.0,1.02568471584
24.0,-18.0,-4.0,0.97630619035
25.0,-16.0,-4.0,0.966127685927
24.0,-18.0,-4.0,0.97630619035
24.0,-18.0,-3.0,0.972568608496
24.0,-18.0,-5.0,0.981090730693
24.0,-18.0,-5.0,0.981090730693
24.0,-16.0,-6.0,0.950381926623
24.0,-17.0,-7.0,0.975239771473
25.0,-16.0,-8.0,0.991640396706
23.0,-17.0,-5.0,0.936595557481
25.0,-15.0,-5.0,0.954206416629
24.0,-15.0,-4.0,0.922039092126
26.0,-16.0,-4.0,0.993213181828
26.0,-15.0,-6.0,0.987434055807
26.0,-15.0,-7.0,0.99426032306
24.0,-16.0,-6.0,0.950381926623
23.0,-16.0,-8.0,0.939922728022
25.0,-15.0,-7.0,0.967204151649
24.0,-16.0,-6.0,0.950381926623
25.0,-18.0,-6.0,1.0124099888
24.0,-17.0,-4.0,0.957472392236
25.0,-19.0,-3.0,1.0175361481
23.0,-18.0,-3.0,0.947091500381
24.0,-16.0,-4.0,0.939369017972
24.0,-18.0,-3.0,0.972568608496
22.0,-18.0,-3.0,0.922039092126
24.0,-18.0,-2.0,0.969890088927
24.0,-18.0,-2.0,0.969890088927
23.0,-18.0,-2.0,0.944340720536
25.0,-18.0,-4.0,1.00207900432
25.0,-18.0,-2.0,0.995828970351
25.0,-16.0,-1.0,0.958015639027
26.0,-17.0,0.0,1.00207900432
23.0,-18.0,-1.0,0.942686399755
24.0,-17.0,0.0,0.94873813999
22.0,-15.0,2.0,0.861356769214
24.0,-17.0,0.0,0.94873813999
21.0,-15.0,2.0,0.834979297132
23.0,-14.0,1.0,0.869173779697
22.0,-15.0,0.0,0.858937222948
24.0,-13.0,0.0,0.880473810578
24.0,-12.0,-2.0,0.867975744972
27.0,-12.0,-2.0,0.955296315804
25.0,-9.0,-1.0,0.857724890342
26.0,-7.0,-4.0,0.878106941214
26.0,-6.0,-7.0,0.889878337041
27.0,-4.0,-8.0,0.91751371957
28.0,-3.0,-5.0,0.922603202973
31.0,-6.0,-5.0,1.0312495073
32.0,-13.0,-8.0,1.14368373556
33.0,-14.0,-10.0,1.20050284296
42.0,-24.0,-4.0,1.56576272252
54.0,-30.0,4.0,1.99687581168
48.0,-33.0,1.0,1.87929182757
48.0,-28.0,0.0,1.79257341799
51.0,-24.0,5.0,1.82536185172
45.0,-24.0,1.0,1.64547751547
28.0,-26.0,-8.0,1.25930459974
8.0,-29.0,-21.0,1.18347976309
-4.0,-27.0,-19.0,1.07279284828
-8.0,-21.0,-8.0,0.769474867218
-5.0,-13.0,-2.0,0.453911202564
-1.0,-7.0,-4.0,0.262065754988
1.0,-6.0,-7.0,0.299148983726
-3.0,-4.0,-3.0,0.188095222414
-2.0,2.0,3.0,0.133003407278
3.0,5.0,7.0,0.293884954166
5.0,5.0,7.0,0.320963689389
13.0,5.0,14.0,0.637045730907
22.0,3.0,11.0,0.799323335056
27.0,-7.0,-9.0,0.945441992887
33.0,-4.0,-15.0,1.17642467928
46.0,-7.0,2.0,1.50233948673
61.0,-21.0,13.0,2.122913985
80.0,-30.0,-4.0,2.75914900392
95.0,-42.0,-30.0,3.48760254158
99.0,-51.0,-44.0,3.86262541933
88.0,-62.0,-36.0,3.66153899965
75.0,-54.0,-30.0,3.13434865949
71.0,-44.0,-17.0,2.74970436402
65.0,-40.0,-3.0,2.46389115535
64.0,-34.0,-10.0,2.35991498815
61.0,-25.0,-6.0,2.13537666625
48.0,-19.0,-4.0,1.67027012465
38.0,-16.0,-6.0,1.34404301006
29.0,-11.0,-3.0,1.00518944844
21.0,-13.0,-1.0,0.797368199633
16.0,-15.0,0.0,0.707474587079
-12.0,-14.0,7.0,0.636228481397
-15.0,-10.0,10.0,0.66501703639
-17.0,-5.0,6.0,0.603493126899
-16.0,0.0,11.0,0.626338317385
-19.0,5.0,13.0,0.759949612219
-19.0,12.0,19.0,0.949286385133
-20.0,9.0,20.0,0.957472392236
-18.0,3.0,18.0,0.826839072128
-15.0,-4.0,5.0,0.526113110655
-3.0,-6.0,-2.0,0.225806451613
6.0,-10.0,-5.0,0.409308952918
15.0,-9.0,-3.0,0.572523849977
18.0,6.0,4.0,0.625507078376
3.0,7.0,-1.0,0.247778895093
24.0,-19.0,-23.0,1.23510901413
34.0,-49.0,19.0,2.01915901349
44.0,-61.0,34.0,2.66260964365
58.0,-62.0,19.0,2.8064516129
79.0,-51.0,-15.0,3.07163858219
76.0,-53.0,-23.0,3.07958941545
65.0,-42.0,-2.0,2.49724093329
58.0,-26.0,-13.0,2.0928002043
46.0,-28.0,-35.0,2.07181170624
47.0,-46.0,-35.0,2.40317168157
54.0,-40.0,-23.0,2.29123107833
52.0,-37.0,-21.0,2.16730026222
-8.0,8.0,6.0,0.413104789512
-8.0,5.0,7.0,0.378946455628
-8.0,4.0,8.0,0.387096774194
-9.0,3.0,7.0,0.380316971695
-9.0,4.0,6.0,0.372018148215
-7.0,7.0,7.0,0.39110824687
5.0,9.0,7.0,0.401609664451
5.0,1.0,1.0,0.167617820087
6.0,3.0,1.0,0.218784838165
8.0,1.0,7.0,0.344421879098
14.0,1.0,17.0,0.711142183389
23.0,-1.0,21.0,1.00518944844
34.0,-15.0,19.0,1.34636366159
57.0,-36.0,10.0,2.19852376921
94.0,-45.0,-25.0,3.45718573331
114.0,-44.0,-52.0,4.28389040027
99.0,-62.0,-69.0,4.37641013398
92.0,-69.0,-48.0,4.01985188249
54.0,-14.0,-7.0,1.81363778024
40.0,-7.0,-12.0,1.36593002321
30.0,-10.0,-4.0,1.02821790003
23.0,-8.0,4.0,0.796062108339
4.0,-11.0,6.0,0.424288594773
-3.0,-15.0,0.0,0.493453501315
-8.0,-12.0,1.0,0.466349428865
-14.0,-5.0,7.0,0.530054087908
-15.0,0.0,2.0,0.488153095175
23.0,5.0,6.0,0.783545664612
45.0,3.0,19.0,1.57866894235
76.0,-17.0,38.0,2.79530601044
70.0,-46.0,-14.0,2.73946758007
41.0,-101.0,-116.0,5.13481110847
36.0,-79.0,8.0,2.8123778734
41.0,-51.0,36.0,2.40922610966
61.0,-30.0,10.0,2.21643656597
57.0,-34.0,-4.0,2.1448580916
46.0,-40.0,-2.0,1.96747750735
45.0,-31.0,10.0,1.7919928274
44.0,-26.0,-3.0,1.65147428854
40.0,-26.0,-5.0,1.5473787039
35.0,-28.0,-17.0,1.54636965345
33.0,-27.0,-18.0,1.49295954392
22.0,-42.0,-10.0,1.56310212124
17.0,-29.0,-20.0,1.26178111068
12.0,-16.0,-19.0,0.889878337041
10.0,-2.0,-16.0,0.612053740678
6.0,3.0,1.0,0.218784838165
2.0,5.0,8.0,0.311085508419
-1.0,7.0,14.0,0.505947972302
0.0,11.0,11.0,0.501817715681
4.0,17.0,-12.0,0.683536132272
1.0,15.0,-9.0,0.565206950579
-1.0,11.0,1.0,0.357759242142
-3.0,10.0,4.0,0.360656125403
4.0,4.0,0.0,0.182479169338
7.0,3.0,7.0,0.333680013961
15.0,2.0,12.0,0.623006706962
22.0,-1.0,23.0,1.02720537601
46.0,-22.0,28.0,1.87652123513
99.0,-58.0,17.0,3.74165738677
122.0,-50.0,-45.0,4.49407055299
124.0,-35.0,-66.0,4.66984926905
76.0,-68.0,-69.0,3.97193588995
58.0,-74.0,-25.0,3.13833005031
56.0,-50.0,-9.0,2.43905954138
59.0,-32.0,-26.0,2.32190850489
37.0,-8.0,-4.0,1.22792685875
32.0,1.0,-10.0,1.08196837621
6.0,-7.0,3.0,0.312753539188
-4.0,-14.0,3.0,0.479550604752
-7.0,-16.0,5.0,0.585996842729
-12.0,-12.0,4.0,0.56243857336
-17.0,-3.0,4.0,0.57161435957
-17.0,-3.0,1.0,0.557794079542
-22.0,-3.0,4.0,0.727775107915
-22.0,-11.0,8.0,0.834355945573
-6.0,-8.0,12.0,0.503887075865
18.0,-1.0,13.0,0.71697131519
22.0,0.0,11.0,0.793443475887
29.0,0.0,6.0,0.955296315804
59.0,-12.0,8.0,1.95926253407
25.0,-29.0,-19.0,1.37882001762
42.0,-22.0,-3.0,1.53251271229
53.0,-34.0,-3.0,2.03353774355
53.0,-31.0,-4.0,1.98485420167
49.0,-28.0,-11.0,1.85476858212
51.0,-22.0,-10.0,1.82050981413
51.0,-25.0,-7.0,1.84605211972
48.0,-29.0,-14.0,1.86456077634
46.0,-30.0,-23.0,1.92064201892
38.0,-34.0,-17.0,1.73385221295
36.0,-26.0,-17.0,1.53387011974
26.0,-19.0,-21.0,1.24015372818
18.0,-13.0,-14.0,0.84673579022
7.0,-4.0,4.0,0.290322580645
1.0,-2.0,3.0,0.12069862538
0.0,4.0,5.0,0.206552394756
-2.0,5.0,3.0,0.198852064612
-2.0,5.0,2.0,0.185308472469
-4.0,6.0,0.0,0.23261621132
-3.0,3.0,-3.0,0.167617820087
-4.0,2.0,-4.0,0.193548387097
-5.0,1.0,-3.0,0.190841283326
-5.0,3.0,1.0,0.190841283326
-3.0,4.0,3.0,0.188095222414
4.0,5.0,4.0,0.243543046299
3.0,0.0,5.0,0.188095222414
7.0,3.0,11.0,0.431583489041
14.0,3.0,13.0,0.623841277607
33.0,-4.0,21.0,1.26836150009
99.0,-45.0,-33.0,3.6659413403
111.0,-42.0,-68.0,4.41228537459
96.0,-54.0,-74.0,4.28048836526
53.0,-74.0,-51.0,3.36567728084
55.0,-62.0,-19.0,2.74288408638
68.0,-48.0,-15.0,2.72823903671
57.0,-34.0,-16.0,2.20230699209
53.0,-14.0,-10.0,1.79750086655
50.0,-6.0,-17.0,1.71453964722
37.0,-6.0,-9.0,1.24350550112
23.0,-9.0,2.0,0.799323335056
14.0,-14.0,7.0,0.677419354839
5.0,-18.0,3.0,0.610351223498
0.0,-17.0,3.0,0.556860532311
-3.0,-16.0,4.0,0.540743697234
-11.0,-5.0,13.0,0.572523849977
-11.0,-1.0,10.0,0.480634336315
-11.0,-1.0,10.0,0.480634336315
-14.0,1.0,10.0,0.555925417407
-14.0,0.0,2.0,0.456197923346
-2.0,-3.0,-10.0,0.342907929443
17.0,0.0,-14.0,0.710410178889
51.0,2.0,-12.0,1.69131957792
58.0,9.0,7.0,1.90677634918
87.0,-61.0,-44.0,3.70981766916
37.0,-75.0,-7.0,2.70718010881
19.0,-31.0,2.0,1.17465428749
20.0,-12.0,11.0,0.831857868273
31.0,-6.0,21.0,1.22325711135
56.0,-7.0,19.0,1.92091289432
66.0,-32.0,-1.0,2.36629999162
54.0,-45.0,-4.0,2.27116018246
49.0,-36.0,-12.0,1.99921941063
45.0,-24.0,-13.0,1.69776740219
41.0,-18.0,-16.0,1.53387011974
39.0,-12.0,-13.0,1.38145891002
43.0,-12.0,-12.0,1.49121604275
43.0,-14.0,-12.0,1.50925000842
41.0,-19.0,-16.0,1.54636965345
29.0,-19.0,-19.0,1.27531596134
19.0,-11.0,-17.0,0.895706024317
9.0,0.0,-13.0,0.510044783898
0.0,4.0,-13.0,0.438757113185
-3.0,5.0,-1.0,0.190841283326
-4.0,6.0,13.0,0.479550604752
-1.0,8.0,8.0,0.3663811836
-1.0,7.0,7.0,0.320963689389
0.0,6.0,4.0,0.23261621132
0.0,4.0,3.0,0.161290322581
0.0,2.0,2.0,0.0912395846692
-3.0,-1.0,0.0,0.10200895678
-4.0,-1.0,0.0,0.133003407278
3.0,-5.0,11.0,0.401609664451
12.0,-12.0,28.0,1.05617455121
29.0,-23.0,40.0,1.75799052819
53.0,-35.0,48.0,2.56811474032
70.0,-38.0,12.0,2.59832652459
82.0,-46.0,-43.0,3.33508452092
83.0,-47.0,-61.0,3.65229105751
52.0,-40.0,0.0,2.11628638282
50.0,-35.0,-10.0,1.99505110917
51.0,-30.0,-18.0,1.99505110917
49.0,-31.0,-23.0,2.01218969984
38.0,-19.0,-15.0,1.45340391304
27.0,-16.0,-4.0,1.02059948513
22.0,-14.0,-1.0,0.841805700045
15.0,-16.0,1.0,0.70820962581
-5.0,-5.0,-2.0,0.237047394463
-8.0,-4.0,1.0,0.290322580645
-8.0,-2.0,4.0,0.295650044836
-7.0,0.0,4.0,0.26007283059
-7.0,1.0,3.0,0.247778895093
2.0,5.0,16.0,0.544578806972
3.0,0.0,17.0,0.556860532311
7.0,-2.0,7.0,0.325790481883
8.0,-6.0,2.0,0.328969000877
17.0,-1.0,2.0,0.55311058708
24.0,-2.0,3.0,0.782881361259
42.0,-12.0,8.0,1.4324905362
71.0,-25.0,20.0,2.51240419079
99.0,-76.0,-77.0,4.73062068997
99.0,-100.0,-38.0,4.70182730657
42.0,-60.0,15.0,2.41160047633
25.0,-28.0,-3.0,1.21472066992
27.0,-16.0,-4.0,1.02059948513
32.0,-17.0,8.0,1.1970306655
61.0,-25.0,10.0,2.15091394557
61.0,-30.0,-5.0,2.19876041135
51.0,-32.0,-7.0,1.95527515622
43.0,-24.0,-7.0,1.60449420844
18.0,-10.0,-5.0,0.683536132272
13.0,-13.0,-7.0,0.634590824932
14.0,-12.0,-5.0,0.616289457243
13.0,-13.0,-4.0,0.606931862007
11.0,-9.0,-4.0,0.476284614846
13.0,-10.0,-3.0,0.537849419372
14.0,-9.0,-3.0,0.545533371783
17.0,-9.0,0.0,0.620496260054
20.0,-8.0,5.0,0.713333689919
21.0,-10.0,7.0,0.783545664612
25.0,-13.0,3.0,0.914104988084
27.0,-17.0,1.0,1.02973481932
28.0,-18.0,2.0,1.07569883874
26.0,-20.0,0.0,1.05814319141
26.0,-19.0,-2.0,1.04079134225
27.0,-22.0,0.0,1.12348869466
31.0,-23.0,1.0,1.24559577912
32.0,-22.0,0.0,1.25267663477
32.0,-24.0,-1.0,1.29072574347
29.0,-23.0,-1.0,1.19441990849
25.0,-22.0,-2.0,1.07618240759
25.0,-17.0,-2.0,0.977371445648
22.0,-15.0,-2.0,0.861356769214
24.0,-15.0,0.0,0.912965916005
25.0,-12.0,-2.0,0.896867017707
25.0,-12.0,-1.0,0.895124962936
28.0,-12.0,-4.0,0.99111558037
29.0,-13.0,-4.0,1.03326563729
28.0,-14.0,-6.0,1.02821790003
27.0,-16.0,-4.0,1.02059948513
25.0,-15.0,-4.0,0.949286385133
24.0,-15.0,-3.0,0.918080611017
26.0,-13.0,-3.0,0.942686399755
28.0,-14.0,0.0,1.00983715113
28.0,-13.0,-3.0,1.00052015608
28.0,-15.0,-2.0,1.02669873954
28.0,-14.0,-3.0,1.01446356087
28.0,-15.0,-1.0,1.02517732788
29.0,-16.0,-2.0,1.07036516278
28.0,-17.0,-4.0,1.06451612903
28.0,-16.0,-4.0,1.04826301995
28.0,-16.0,-5.0,1.05272057239
27.0,-16.0,-5.0,1.02517732788
27.0,-16.0,-5.0,1.02517732788
28.0,-16.0,-4.0,1.04826301995
28.0,-17.0,-4.0,1.06451612903
27.0,-16.0,-2.0,1.01446356087
25.0,-18.0,-3.0,0.998437905841
27.0,-17.0,-3.0,1.03376905542
28.0,-18.0,-2.0,1.07569883874
29.0,-16.0,-2.0,1.07036516278
28.0,-16.0,-1.0,1.04079134225
29.0,-14.0,1.0,1.03929056088
29.0,-15.0,0.0,1.05321469144
27.0,-15.0,0.0,0.996351303966
27.0,-13.0,1.0,0.967204151649
27.0,-15.0,1.0,0.996873363894
29.0,-13.0,1.0,1.02568471584
27.0,-14.0,0.0,0.981090730693
27.0,-13.0,2.0,0.968816607592
28.0,-13.0,2.0,0.997916664404
27.0,-14.0,4.0,0.989539461302
28.0,-15.0,2.0,1.02669873954
26.0,-16.0,1.0,0.985324151568
25.0,-17.0,1.0,0.975773126597
25.0,-17.0,1.0,0.975773126597
26.0,-18.0,3.0,1.02466968866
24.0,-17.0,3.0,0.953660999942
23.0,-17.0,0.0,0.922603202973
24.0,-19.0,0.0,0.987434055807
21.0,-21.0,-6.0,0.977371445648
23.0,-22.0,-8.0,1.05863477945
23.0,-23.0,-13.0,1.12995354117
26.0,-25.0,-19.0,1.31508497488
26.0,-29.0,-30.0,1.58590303913
27.0,-27.0,-25.0,1.4722546719
27.0,-18.0,-19.0,1.21300617271
28.0,-13.0,-17.0,1.13683936688
29.0,-11.0,-10.0,1.05123682173
30.0,-5.0,-6.0,1.0
27.0,-5.0,-11.0,0.954206416629
28.0,-10.0,-10.0,1.0118959446
26.0,-14.0,-8.0,0.986907002631
23.0,-16.0,-9.0,0.949286385133
19.0,-16.0,-8.0,0.841805700045
20.0,-17.0,-10.0,0.906101413238
18.0,-16.0,-10.0,0.841187407123
19.0,-18.0,-8.0,0.882834334413
20.0,-16.0,-7.0,0.856510841765
21.0,-16.0,-8.0,0.889878337041
20.0,-16.0,-8.0,0.865574700968
22.0,-14.0,-7.0,0.870967741935
25.0,-15.0,-4.0,0.949286385133
24.0,-15.0,-5.0,0.92710373311
23.0,-15.0,-4.0,0.895124962936
24.0,-14.0,-4.0,0.905527022427
23.0,-15.0,-4.0,0.895124962936
25.0,-16.0,-6.0,0.976838963208
24.0,-18.0,-7.0,0.993736890371
23.0,-18.0,-7.0,0.968816607592
24.0,-17.0,-7.0,0.975239771473
24.0,-16.0,-5.0,0.944340720536
25.0,-17.0,-7.0,1.00104004188
23.0,-19.0,-5.0,0.975773126597
26.0,-22.0,-5.0,1.11044609536
25.0,-25.0,-9.0,1.17686686109
25.0,-27.0,-11.0,1.23889447546
26.0,-26.0,-8.0,1.21386372401
23.0,-27.0,-9.0,1.18039835249
22.0,-23.0,-6.0,1.0447828865
22.0,-19.0,-5.0,0.951476206694
21.0,-18.0,-3.0,0.897446951177
22.0,-17.0,-2.0,0.899184507404
25.0,-17.0,-1.0,0.975773126597
25.0,-17.0,-3.0,0.980029518127
23.0,-19.0,-4.0,0.970962383438
23.0,-19.0,-3.0,0.967204151649
23.0,-19.0,-1.0,0.962891068168
25.0,-20.0,-4.0,1.04079134225
25.0,-21.0,-5.0,1.06549319774
24.0,-21.0,-5.0,1.04129112204
26.0,-20.0,-5.0,1.07036516278
26.0,-18.0,-4.0,1.02821790003
25.0,-18.0,-3.0,0.998437905841
26.0,-19.0,-3.0,1.04328784702
25.0,-18.0,-5.0,1.00674106673
25.0,-17.0,-3.0,0.980029518127
23.0,-16.0,-4.0,0.912965916005
25.0,-14.0,-2.0,0.926542362345
24.0,-14.0,-4.0,0.905527022427
27.0,-14.0,-4.0,0.989539461302
28.0,-16.0,-4.0,1.04826301995
28.0,-16.0,-4.0,1.04826301995
28.0,-14.0,-3.0,1.01446356087
29.0,-14.0,-3.0,1.04328784702
28.0,-14.0,-5.0,1.02263661188
28.0,-16.0,-3.0,1.0447828865
28.0,-16.0,-5.0,1.05272057239
29.0,-16.0,-5.0,1.08052478867
28.0,-16.0,-4.0,1.04826301995
27.0,-16.0,-5.0,1.02517732788
24.0,-15.0,-3.0,0.918080611017
23.0,-17.0,-4.0,0.931582521174
24.0,-15.0,-6.0,0.933256525257
25.0,-15.0,-5.0,0.954206416629
27.0,-17.0,-5.0,1.04179066206
28.0,-16.0,-6.0,1.05814319141
28.0,-16.0,-4.0,1.04826301995
27.0,-14.0,-3.0,0.985852050964
29.0,-15.0,-4.0,1.06108930345
27.0,-15.0,-4.0,1.00467170983
27.0,-14.0,-4.0,0.989539461302
26.0,-14.0,-3.0,0.957472392236
24.0,-15.0,-1.0,0.913535629581
25.0,-14.0,-1.0,0.924856205602
26.0,-15.0,-1.0,0.968816607592
28.0,-16.0,-2.0,1.04228996267
25.0,-19.0,-1.0,1.01343729499
24.0,-17.0,-2.0,0.950929224063
24.0,-18.0,-1.0,0.968279420632
25.0,-18.0,-4.0,1.00207900432
25.0,-16.0,-4.0,0.966127685927
28.0,-15.0,-4.0,1.03276197378
29.0,-14.0,-6.0,1.05666705511
27.0,-15.0,-5.0,1.00932179659
26.0,-13.0,-6.0,0.957472392236
25.0,-13.0,-10.0,0.964510734692
26.0,-13.0,-10.0,0.991640396706
24.0,-13.0,-8.0,0.91751371957
26.0,-12.0,-6.0,0.943789602473
25.0,-12.0,-4.0,0.90380165975
25.0,-14.0,-3.0,0.929345825219
25.0,-13.0,-2.0,0.911254638182
25.0,-15.0,2.0,0.942686399755
26.0,-16.0,2.0,0.986907002631
26.0,-17.0,0.0,1.00207900432
26.0,-15.0,-3.0,0.973103427677
31.0,-20.0,-10.0,1.2330009583
28.0,-19.0,-16.0,1.20741724337
25.0,-16.0,-15.0,1.07279284828
25.0,-14.0,-13.0,1.01497630468
24.0,-16.0,-9.0,0.974706124499
25.0,-16.0,-5.0,0.970962383438
25.0,-16.0,-3.0,0.96235057356
24.0,-16.0,-6.0,0.950381926623
21.0,-11.0,-5.0,0.781551060618
22.0,-12.0,-5.0,0.824318215431
22.0,-12.0,-6.0,0.831232175918
22.0,-13.0,-6.0,0.84673579022
22.0,-12.0,-7.0,0.839329795565
19.0,-12.0,-9.0,0.780885060446
15.0,-13.0,-13.0,0.765407130174
14.0,-14.0,-12.0,0.746828187277
19.0,-14.0,-6.0,0.785535203993
21.0,-17.0,-3.0,0.876921110908
21.0,-21.0,-5.0,0.971498086863
24.0,-21.0,-6.0,1.04677295094
27.0,-19.0,-8.0,1.09582501622
31.0,-19.0,-16.0,1.28142090749
39.0,-16.0,-19.0,1.49156490603
42.0,-16.0,-16.0,1.53894973444
46.0,-16.0,-6.0,1.58294763179
50.0,-13.0,-1.0,1.6668400881
65.0,-12.0,-18.0,2.20985400754
66.0,-15.0,-17.0,2.25114146095
66.0,-11.0,-15.0,2.21197196619
63.0,-8.0,-6.0,2.05770044307
57.0,-8.0,-4.0,1.86120925636
54.0,-5.0,0.0,1.74938669199
50.0,-7.0,-3.0,1.63150562792
32.0,-7.0,-7.0,1.08052478867
17.0,-6.0,-4.0,0.595683397181
13.0,-9.0,-1.0,0.511063855411
4.0,-11.0,0.0,0.377570964862
0.0,-12.0,3.0,0.399010221834
-5.0,-12.0,10.0,0.529071595705
-7.0,-13.0,8.0,0.541705020121
-6.0,-6.0,7.0,0.354838709677
-1.0,0.0,7.0,0.228098961673
13.0,8.0,9.0,0.57161435957
20.0,15.0,11.0,0.881064534435
15.0,11.0,8.0,0.653176023591
12.0,11.0,6.0,0.559656502352
10.0,9.0,6.0,0.475190963311
10.0,6.0,4.0,0.397704129224
10.0,2.0,1.0,0.330546798902
6.0,-2.0,-4.0,0.24139725076
0.0,-4.0,-5.0,0.206552394756
13.0,-16.0,-1.0,0.665798949695
32.0,-53.0,-27.0,2.17879287623
41.0,-71.0,-31.0,2.82750722128
33.0,-45.0,-20.0,1.91222584971
28.0,-22.0,-15.0,1.2464309088
25.0,-2.0,17.0,0.977371445648
49.0,-7.0,30.0,1.86707046819
60.0,-17.0,21.0,2.12266888727
72.0,-42.0,-9.0,2.70448811854
71.0,-46.0,-8.0,2.74117636551
67.0,-43.0,-13.0,2.60212832124
61.0,-33.0,-20.0,2.32839773324
56.0,-18.0,-13.0,1.94326393314
48.0,-23.0,-28.0,1.94004838113
46.0,-21.0,-22.0,1.77887944245
41.0,-30.0,-15.0,1.70876421137
38.0,-31.0,-17.0,1.67431474482
38.0,-28.0,-20.0,1.65367814426
31.0,-20.0,-17.0,1.31032877494
21.0,-12.0,-14.0,0.901496039515
16.0,-6.0,-5.0,0.574338510154
10.0,0.0,-2.0,0.328969000877
6.0,5.0,-1.0,0.254000254
0.0,5.0,0.0,0.161290322581
-4.0,6.0,1.0,0.234842254493
-5.0,5.0,4.0,0.262065754988
-4.0,3.0,6.0,0.251943537932
-1.0,4.0,4.0,0.185308472469
-3.0,3.0,3.0,0.167617820087
-1.0,4.0,6.0,0.234842254493
2.0,6.0,4.0,0.24139725076
5.0,3.0,5.0,0.247778895093
8.0,2.0,4.0,0.295650044836
20.0,-3.0,14.0,0.793443475887
39.0,-16.0,28.0,1.63246205534
56.0,-37.0,20.0,2.25921629612
89.0,-42.0,-21.0,3.24606541628
75.0,-65.0,-36.0,3.40563284393
64.0,-85.0,-48.0,3.76536049353
56.0,-93.0,-50.0,3.85547976853
48.0,-80.0,-26.0,3.12420645492
47.0,-54.0,-5.0,2.31495162813
41.0,-18.0,-11.0,1.48737314624
42.0,-10.0,-2.0,1.39420534097
39.0,-3.0,2.0,1.26342942113
34.0,4.0,6.0,1.1211707869
8.0,-8.0,4.0,0.387096774194
-1.0,-12.0,2.0,0.393759858572
-11.0,-14.0,-1.0,0.575243693552
-12.0,-9.0,2.0,0.488153095175
-12.0,-7.0,2.0,0.452763511213
-13.0,-2.0,0.0,0.424288594773
-15.0,2.0,-1.0,0.489217770584
-17.0,9.0,8.0,0.672021505032
-17.0,12.0,8.0,0.719145058374
-15.0,12.0,15.0,0.786197264965
-12.0,15.0,12.0,0.730629138897
-4.0,12.0,15.0,0.632948931302
13.0,3.0,5.0,0.459606672541
38.0,-11.0,-16.0,1.37655408344
59.0,-32.0,-28.0,2.34598423685
35.0,-52.0,-23.0,2.15381470744
50.0,-40.0,-17.0,2.13708155807
64.0,-40.0,4.0,2.43799272615
50.0,-48.0,-2.0,2.23676591269
42.0,-40.0,4.0,1.8754118521
41.0,-26.0,-13.0,1.62126862879
43.0,-29.0,-20.0,1.7931538206
38.0,-34.0,-19.0,1.75532488521
42.0,-27.0,-21.0,1.74730355664
37.0,-24.0,-18.0,1.53658133727
15.0,-9.0,-15.0,0.743336685278
8.0,-2.0,-14.0,0.524131509977
1.0,2.0,-11.0,0.362095876139
-3.0,6.0,-5.0,0.26989033114
-4.0,9.0,4.0,0.342907929443
-5.0,9.0,6.0,0.384399202833
-5.0,10.0,5.0,0.395078990771
-8.0,9.0,6.0,0.433987872486
0.0,13.0,10.0,0.529071595705
5.0,15.0,11.0,0.621334202718
7.0,14.0,10.0,0.599166955516
10.0,-7.0,11.0,0.530054087908
26.0,-18.0,18.0,1.17376809024
62.0,-40.0,32.0,2.59431861457
87.0,-51.0,3.0,3.25454936532
117.0,-66.0,-67.0,4.84236421132
85.0,-106.0,-88.0,5.22192209281
66.0,-87.0,-43.0,3.78589308782
48.0,-26.0,-14.0,1.81793584563
55.0,-18.0,-2.0,1.86790628281
48.0,-14.0,-4.0,1.61805628439
34.0,-11.0,-2.0,1.15455033343
18.0,-14.0,-5.0,0.753072098705
4.0,-15.0,-12.0,0.632948931302
-5.0,-19.0,-7.0,0.672795277891
-8.0,-15.0,3.0,0.556860532311
-9.0,-10.0,10.0,0.540743697234
-10.0,5.0,9.0,0.462990325626
-11.0,10.0,11.0,0.596556193836
-2.0,13.0,28.0,0.997916664404
8.0,9.0,24.0,0.866175585942
12.0,9.0,15.0,0.684296885019
30.0,-6.0,-18.0,1.14504769995
39.0,5.0,1.0,1.26877164124
48.0,10.0,5.0,1.58983503617
39.0,-3.0,8.0,1.2879009534
20.0,-59.0,-1.0,2.00986122496
26.0,-52.0,-1.0,1.87568925937
56.0,-43.0,-12.0,2.31022700255
64.0,-49.0,-18.0,2.66417243741
59.0,-56.0,-8.0,2.63668981767
62.0,-38.0,6.0,2.35373372219
58.0,-22.0,-11.0,2.03225806452
51.0,-27.0,-17.0,1.94058467648
43.0,-19.0,-17.0,1.6125806129
38.0,-26.0,-13.0,1.54333854373
19.0,-9.0,-20.0,0.936039879261
14.0,-5.0,-9.0,0.560585393451
-3.0,5.0,2.0,0.198852064612
-1.0,8.0,6.0,0.324189536165
-1.0,9.0,6.0,0.35041227391
-1.0,10.0,2.0,0.330546798902
-6.0,6.0,-2.0,0.28121928668
-3.0,6.0,6.0,0.290322580645
9.0,4.0,10.0,0.452763511213
12.0,0.0,12.0,0.547437508015
37.0,-31.0,16.0,1.64041059808
73.0,-42.0,-18.0,2.77812924126
76.0,-62.0,-37.0,3.38156229864
67.0,-71.0,-35.0,3.34536503563
68.0,-61.0,-22.0,3.03105672839
59.0,-52.0,-11.0,2.56162344466
37.0,-23.0,-9.0,1.43503073674
37.0,-19.0,-7.0,1.36058688445
36.0,-11.0,-5.0,1.22495726104
33.0,-6.0,-8.0,1.11231868707
27.0,-6.0,-5.0,0.906675440165
15.0,-9.0,-2.0,0.567961834247
-7.0,-10.0,2.0,0.399010221834
-12.0,-8.0,1.0,0.466349428865
-10.0,-1.0,5.0,0.362095876139
-12.0,-1.0,2.0,0.393759858572
-17.0,2.0,8.0,0.609498181538
-19.0,8.0,13.0,0.786197264965
8.0,5.0,5.0,0.344421879098
8.0,4.0,6.0,0.347429987557
24.0,2.0,5.0,0.793443475887
41.0,4.0,5.0,1.33861251105
49.0,-42.0,-40.0,2.44927732551
80.0,-52.0,-19.0,3.13833005031
28.0,-28.0,-9.0,1.30993164544
32.0,-29.0,7.0,1.41126728092
53.0,-34.0,10.0,2.05668879088
53.0,-37.0,-3.0,2.08732361533
46.0,-35.0,-12.0,1.90431898621
48.0,-28.0,-13.0,1.84097200947
47.0,-27.0,-14.0,1.80587548416
41.0,-27.0,-19.0,1.69807383074
38.0,-27.0,-18.0,1.61193519337
38.0,-24.0,-16.0,1.53894973444
41.0,-17.0,-17.0,1.53319156623
37.0,-13.0,-18.0,1.39196445228
15.0,-1.0,-15.0,0.685056792955
5.0,2.0,-13.0,0.453911202564
-2.0,9.0,2.0,0.304321972002
-4.0,12.0,8.0,0.482794501519
-7.0,11.0,7.0,0.477375760869
-5.0,10.0,6.0,0.409308952918
-1.0,11.0,3.0,0.369210423944
3.0,10.0,3.0,0.35041227391
3.0,6.0,7.0,0.312753539188
0.0,0.0,11.0,0.354838709677
2.0,-2.0,11.0,0.3663811836
67.0,-30.0,43.0,2.74440116841
82.0,-56.0,-18.0,3.25534859653
91.0,-36.0,-24.0,3.2503901951
74.0,-49.0,-20.0,2.93477481688
62.0,-65.0,-33.0,3.08701418975
54.0,-67.0,-49.0,3.19436288082
55.0,-58.0,-28.0,2.73205049293
52.0,-25.0,-14.0,1.91521646565
54.0,-18.0,-16.0,1.90732199988
45.0,-18.0,-12.0,1.61064357843
39.0,-14.0,-5.0,1.34636366159
13.0,-4.0,1.0,0.439941345064
-1.0,-6.0,0.0,0.196218146139
-8.0,-6.0,2.0,0.328969000877
-7.0,-7.0,0.0,0.319338546342
-6.0,-9.0,5.0,0.384399202833
-4.0,-4.0,9.0,0.342907929443
-1.0,-2.0,16.0,0.521144981336
0.0,-4.0,18.0,0.594809319825
-1.0,-13.0,7.0,0.477375760869
-3.0,-13.0,1.0,0.431583489041
-8.0,-13.0,-12.0,0.626338317385
-9.0,-9.0,-27.0,0.962891068168
0.0,-6.0,-15.0,0.521144981336
3.0,-3.0,-2.0,0.151303734188
3.0,0.0,0.0,0.0967741935484
3.0,3.0,8.0,0.292109198004
9.0,8.0,7.0,0.449302847651
18.0,12.0,8.0,0.74403629643
39.0,-18.0,7.0,1.40387452561
57.0,-30.0,8.0,2.09379440873
67.0,-50.0,9.0,2.7123642593
48.0,-48.0,-1.0,2.18998762226
32.0,-35.0,-1.0,1.53013435169
26.0,-32.0,8.0,1.35483870968
24.0,-35.0,3.0,1.37239015395
24.0,-39.0,3.0,1.48036050395
28.0,-40.0,-6.0,1.58688695177
27.0,-33.0,-2.0,1.37693199809
18.0,-26.0,1.0,1.02059948513
10.0,-27.0,-5.0,0.942686399755
6.0,-28.0,-11.0,0.989539461302
10.0,-26.0,-13.0,0.991640396706
18.0,-22.0,-8.0,0.952569229692
18.0,-17.0,-5.0,0.814795544536
15.0,-13.0,0.0,0.640304298106
12.0,-10.0,2.0,0.508000508001
12.0,-6.0,5.0,0.46186519559
11.0,-3.0,6.0,0.415616087959
13.0,-3.0,7.0,0.486016747526
16.0,-2.0,6.0,0.554988726906
21.0,-3.0,3.0,0.691105976956
21.0,-6.0,3.0,0.711142183389
19.0,-8.0,0.0,0.66501703639
20.0,-11.0,1.0,0.737010300567
20.0,-10.0,3.0,0.727775107915
21.0,-10.0,5.0,0.767443693766
25.0,-10.0,4.0,0.878106941214
29.0,-12.0,6.0,1.03074485862
32.0,-15.0,1.0,1.14049480837
33.0,-18.0,0.0,1.21257716963
31.0,-19.0,-5.0,1.1839193099
18.0,-15.0,5.0,0.772848293594
25.0,-13.0,9.0,0.954206416629
33.0,-15.0,9.0,1.20482899335
43.0,-18.0,5.0,1.51234944126
50.0,-23.0,2.0,1.77653804039
55.0,-31.0,-6.0,2.04578193493
46.0,-32.0,-10.0,1.83616122203
31.0,-26.0,-3.0,1.30873953388
29.0,-25.0,-5.0,1.24559577912
30.0,-24.0,-8.0,1.2658978626
22.0,-9.0,2.0,0.769474867218
30.0,-17.0,-6.0,1.12903225806
33.0,-20.0,-17.0,1.36020442854
31.0,-20.0,-15.0,1.28466501624
28.0,-20.0,-14.0,1.19833391103
24.0,-20.0,-11.0,1.06841904269
23.0,-18.0,-11.0,1.00674106673
21.0,-20.0,-12.0,1.0124099888
20.0,-20.0,-9.0,0.957472392236
20.0,-16.0,-8.0,0.865574700968
20.0,-13.0,-7.0,0.801922767397
20.0,-12.0,-6.0,0.7768770696
22.0,-14.0,-6.0,0.863166978081
21.0,-14.0,-4.0,0.824318215431
23.0,-14.0,-4.0,0.878106941214
23.0,-15.0,-6.0,0.906675440165
23.0,-16.0,-7.0,0.931582521174
22.0,-17.0,-5.0,0.911254638182
23.0,-16.0,-4.0,0.912965916005
25.0,-15.0,-4.0,0.949286385133
25.0,-15.0,-6.0,0.960185552654
24.0,-13.0,-8.0,0.91751371957
24.0,-15.0,-9.0,0.958015639027
25.0,-16.0,-10.0,1.0103522428
25.0,-17.0,-10.0,1.02720537601
25.0,-16.0,-10.0,1.0103522428
24.0,-18.0,-9.0,1.0103522428
26.0,-16.0,-9.0,1.02669873954
24.0,-20.0,-6.0,1.02619185294
23.0,-20.0,-7.0,1.00880617878
25.0,-18.0,-5.0,1.00674106673
24.0,-18.0,-5.0,0.981090730693
24.0,-18.0,-7.0,0.993736890371
27.0,-19.0,-6.0,1.08244914423
27.0,-21.0,-11.0,1.1590480144
27.0,-20.0,-10.0,1.13087407374
25.0,-19.0,-9.0,1.05370857878
23.0,-18.0,-8.0,0.976838963208
22.0,-14.0,-3.0,0.84673579022
21.0,-13.0,1.0,0.797368199633
22.0,-15.0,0.0,0.858937222948
25.0,-14.0,1.0,0.924856205602
26.0,-17.0,0.0,1.00207900432
26.0,-18.0,-1.0,1.02059948513
26.0,-20.0,-2.0,1.06010817582
25.0,-18.0,-1.0,0.99426032306
25.0,-18.0,-2.0,0.995828970351
26.0,-17.0,-2.0,1.00415370428
27.0,-20.0,-1.0,1.08437008477
28.0,-19.0,-3.0,1.09582501622
28.0,-20.0,-3.0,1.11418813156
25.0,-17.0,-3.0,0.980029518127
25.0,-15.0,-2.0,0.942686399755
28.0,-14.0,-2.0,1.0118959446
29.0,-13.0,0.0,1.02517732788
28.0,-12.0,-3.0,0.987434055807
27.0,-14.0,-3.0,0.985852050964
26.0,-14.0,-2.0,0.954751521739
27.0,-14.0,-2.0,0.983209719621
27.0,-14.0,-4.0,0.989539461302
26.0,-14.0,-3.0,0.957472392236
28.0,-14.0,-3.0,1.01446356087
27.0,-14.0,-4.0,0.989539461302
27.0,-14.0,-5.0,0.99426032306
27.0,-15.0,-5.0,1.00932179659
27.0,-14.0,-4.0,0.989539461302
27.0,-17.0,-5.0,1.04179066206
27.0,-16.0,-4.0,1.02059948513
28.0,-18.0,-2.0,1.07569883874
27.0,-18.0,-2.0,1.04875923916
25.0,-18.0,-3.0,0.998437905841
26.0,-18.0,0.0,1.0200895678
26.0,-17.0,0.0,1.00207900432
26.0,-17.0,-2.0,1.00415370428
25.0,-18.0,-3.0,0.998437905841
27.0,-17.0,-4.0,1.03728614134
25.0,-19.0,-4.0,1.02110914783
25.0,-18.0,-4.0,1.00207900432
26.0,-18.0,-4.0,1.02821790003
24.0,-18.0,-4.0,0.97630619035
24.0,-17.0,-3.0,0.953660999942
25.0,-18.0,-4.0,1.00207900432
24.0,-18.0,-2.0,0.969890088927
26.0,-17.0,-3.0,1.00674106673
26.0,-17.0,-1.0,1.0025980818
23.0,-20.0,-2.0,0.985324151568
24.0,-20.0,-4.0,1.016001016
21.0,-20.0,-5.0,0.949286385133
20.0,-21.0,-8.0,0.97042638429
23.0,-21.0,-6.0,1.02314525982
24.0,-18.0,-6.0,0.986907002631
23.0,-19.0,-6.0,0.981620906755
25.0,-16.0,-6.0,0.976838963208
24.0,-17.0,-5.0,0.96235057356
26.0,-16.0,-4.0,0.993213181828
24.0,-18.0,-6.0,0.986907002631
25.0,-20.0,-5.0,1.04528075781
24.0,-20.0,-7.0,1.03276197378
22.0,-21.0,-7.0,1.00674106673
22.0,-20.0,-7.0,0.985324151568
22.0,-18.0,-8.0,0.952569229692
23.0,-18.0,-11.0,1.00674106673
25.0,-20.0,-11.0,1.09202005676
26.0,-18.0,-13.0,1.10292393531
24.0,-16.0,-13.0,1.02059948513
26.0,-15.0,-12.0,1.04278902421
25.0,-16.0,-10.0,1.0103522428
26.0,-15.0,-12.0,1.04278902421
26.0,-16.0,-11.0,1.04677295094
23.0,-15.0,-8.0,0.922603202973
22.0,-16.0,-9.0,0.9242934698
23.0,-14.0,-10.0,0.926542362345
24.0,-11.0,-10.0,0.910683497645
25.0,-12.0,-12.0,0.974706124499
26.0,-11.0,-11.0,0.977371445648
27.0,-13.0,-13.0,1.05370857878
25.0,-13.0,-10.0,0.964510734692
25.0,-11.0,-10.0,0.938260617564
25.0,-12.0,-8.0,0.931023850946
25.0,-13.0,-7.0,0.936595557481
23.0,-16.0,-11.0,0.970962383438
23.0,-14.0,-6.0,0.889878337041
23.0,-16.0,-8.0,0.939922728022
24.0,-14.0,-5.0,0.910683497645
22.0,-12.0,-5.0,0.824318215431
21.0,-13.0,-3.0,0.802571309976
22.0,-12.0,-6.0,0.831232175918
21.0,-14.0,-9.0,0.864371677869
21.0,-15.0,-8.0,0.871564908781
23.0,-14.0,-9.0,0.915810939779
22.0,-13.0,-11.0,0.897446951177
25.0,-16.0,-9.0,1.00052015608
30.0,-23.0,-11.0,1.27000127
32.0,-26.0,-15.0,1.41531683668
29.0,-29.0,-13.0,1.38784675899
21.0,-21.0,-7.0,0.98426750338
19.0,-19.0,-4.0,0.876327594013
17.0,-15.0,-1.0,0.732051981801
18.0,-15.0,-1.0,0.756518670939
22.0,-14.0,2.0,0.84365786004
25.0,-15.0,0.0,0.940476112072
28.0,-17.0,-2.0,1.05863477945
29.0,-18.0,-6.0,1.11791764201
29.0,-19.0,-8.0,1.14777076611
26.0,-18.0,-8.0,1.05222622131
24.0,-18.0,-3.0,0.972568608496
23.0,-18.0,-2.0,0.944340720536
21.0,-19.0,-3.0,0.918647152639
23.0,-20.0,-2.0,0.985324151568
24.0,-19.0,-4.0,0.995828970351
22.0,-22.0,-6.0,1.02212771082
22.0,-23.0,-8.0,1.05863477945
24.0,-19.0,-1.0,0.987960827814
24.0,-19.0,0.0,0.987434055807
23.0,-18.0,-1.0,0.942686399755
23.0,-15.0,-2.0,0.88812257406
20.0,-14.0,1.0,0.788180111153
20.0,-13.0,2.0,0.772174787328
23.0,-12.0,1.0,0.837468063597
29.0,-16.0,4.0,1.07618240759
24.0,-13.0,1.0,0.881064534435
22.0,-11.0,1.0,0.794098943554
20.0,-11.0,0.0,0.736304013582
22.0,-9.0,0.0,0.766765440258
23.0,-10.0,-3.0,0.814795544536
25.0,-11.0,-8.0,0.918080611017
27.0,-13.0,-18.0,1.12764892213
25.0,-13.0,-15.0,1.02973481932
23.0,-14.0,-11.0,0.938260617564
25.0,-10.0,-5.0,0.883423479847
24.0,-14.0,-3.0,0.901496039515
26.0,-16.0,-4.0,0.993213181828
32.0,-21.0,-3.0,1.23847444003
34.0,-23.0,-6.0,1.33822377501
41.0,-26.0,-8.0,1.58721478712
45.0,-28.0,-7.0,1.72452469737
45.0,-29.0,-7.0,1.74163677248
46.0,-32.0,-10.0,1.83616122203
46.0,-30.0,-8.0,1.79024992587
44.0,-27.0,-5.0,1.67307128773
41.0,-25.0,-5.0,1.5574332522
37.0,-22.0,-4.0,1.39457847234
34.0,-25.0,-1.0,1.36173360769
26.0,-28.0,-6.0,1.24768255521
11.0,-25.0,-4.0,0.890462822054
9.0,-16.0,-5.0,0.613751535175
9.0,-11.0,-3.0,0.468575453108
8.0,-5.0,-5.0,0.344421879098
5.0,-2.0,-2.0,0.185308472469
2.0,1.0,-2.0,0.0967741935484
0.0,4.0,1.0,0.133003407278
-2.0,5.0,1.0,0.176684695969
3.0,5.0,-2.0,0.198852064612
5.0,4.0,-4.0,0.243543046299
10.0,4.0,-2.0,0.353369391939
14.0,1.0,2.0,0.457336996089
23.0,-2.0,8.0,0.788180111153
31.0,-10.0,7.0,1.07473104832
35.0,-14.0,-3.0,1.2198497033
57.0,-17.0,-5.0,1.92551194593
62.0,-27.0,-6.0,2.18998762226
65.0,-38.0,-18.0,2.49724093329
62.0,-61.0,-32.0,2.98957606299
57.0,-56.0,-27.0,2.72079133987
69.0,-38.0,-10.0,2.56142032659
69.0,-34.0,-12.0,2.51136853215
69.0,-30.0,-14.0,2.46874320821
61.0,-25.0,-12.0,2.161531041
52.0,-19.0,-9.0,1.80932950482
44.0,-19.0,-12.0,1.59375733252
36.0,-15.0,-15.0,1.34790854295
31.0,-11.0,-12.0,1.12949299355
10.0,-8.0,0.0,0.413104789512
3.0,-10.0,5.0,0.373414093638
-17.0,-3.0,5.0,0.579748411471
-20.0,0.0,8.0,0.694859975114
-21.0,3.0,8.0,0.731340906371
-21.0,2.0,11.0,0.767443693766
-7.0,-1.0,14.0,0.505947972302
-4.0,-3.0,4.0,0.206552394756
2.0,-2.0,-12.0,0.397704129224
9.0,2.0,-14.0,0.540743697234
17.0,2.0,-4.0,0.567045026814
20.0,3.0,7.0,0.690352727711
27.0,5.0,12.0,0.96666606863
31.0,3.0,25.0,1.28830487405
47.0,-12.0,19.0,1.68051822937
51.0,-37.0,-9.0,2.05314408271
36.0,-70.0,-24.0,2.65458588535
25.0,-72.0,-35.0,2.70544985113
53.0,-34.0,8.0,2.04756142872
59.0,-32.0,12.0,2.199470185
53.0,-35.0,8.0,2.06502009978
51.0,-35.0,1.0,1.995572623
51.0,-35.0,-14.0,2.04578193493
50.0,-39.0,-23.0,2.17592541342
43.0,-35.0,-28.0,2.00363872945
38.0,-27.0,-53.0,2.27688013355
38.0,-30.0,-19.0,1.67772949986
19.0,-8.0,-23.0,0.996351303966
0.0,7.0,3.0,0.245670100189
-1.0,6.0,5.0,0.254000254
-1.0,6.0,7.0,0.299148983726
-2.0,6.0,5.0,0.26007283059
-1.0,9.0,1.0,0.293884954166
0.0,11.0,-4.0,0.377570964862
-1.0,9.0,-1.0,0.293884954166
-2.0,10.0,1.0,0.330546798902
-2.0,11.0,2.0,0.3663811836
1.0,9.0,5.0,0.333680013961
8.0,-1.0,13.0,0.493453501315
84.0,-42.0,-1.0,3.02968318953
109.0,-28.0,-34.0,3.79234674846
110.0,-38.0,-56.0,4.16616368799
80.0,-65.0,-71.0,4.03754492119
58.0,-65.0,-47.0,3.19305959114
51.0,-53.0,-49.0,2.85096328902
52.0,-39.0,-32.0,2.33709621764
48.0,-28.0,-14.0,1.8485869396
53.0,-23.0,-7.0,1.87735284219
36.0,-11.0,-1.0,1.21472066992
24.0,-12.0,9.0,0.912965916005
13.0,-13.0,7.0,0.634590824932
6.0,-11.0,3.0,0.415616087959
0.0,-8.0,2.0,0.266006814556
-3.0,-7.0,-2.0,0.254000254
-5.0,-2.0,1.0,0.176684695969
-9.0,5.0,4.0,0.356301968296
-11.0,5.0,12.0,0.549335044062
-7.0,8.0,19.0,0.702307776035
-1.0,3.0,16.0,0.526113110655
0.0,1.0,6.0,0.196218146139
3.0,2.0,5.0,0.198852064612
11.0,-2.0,-1.0,0.362095876139
33.0,-13.0,9.0,1.18039835249
59.0,-40.0,16.0,2.35660561198
77.0,-60.0,-17.0,3.19631681895
67.0,-62.0,-18.0,3.00138712295
27.0,-49.0,-51.0,2.44204414468
21.0,-27.0,-13.0,1.18039835249
35.0,-17.0,12.0,1.31350148848
46.0,-19.0,10.0,1.63755356729
55.0,-30.0,-4.0,2.02507691816
65.0,-36.0,-15.0,2.44523789139
59.0,-34.0,-15.0,2.24929171416
50.0,-26.0,-11.0,1.85224222193
36.0,-33.0,-20.0,1.70235803896
36.0,-25.0,-24.0,1.61193519337
36.0,-17.0,-20.0,1.43720447806
31.0,-17.0,-14.0,1.22665505431
28.0,-13.0,-12.0,1.06841904269
16.0,-4.0,-17.0,0.764046405311
11.0,1.0,-10.0,0.480634336315
5.0,7.0,-4.0,0.306026870339
0.0,6.0,0.0,0.193548387097
-1.0,9.0,3.0,0.307722323038
-1.0,8.0,7.0,0.344421879098
-2.0,7.0,6.0,0.304321972002
-1.0,8.0,-1.0,0.262065754988
-3.0,8.0,0.0,0.275613024043
-4.0,5.0,5.0,0.262065754988
-4.0,6.0,10.0,0.397704129224
-1.0,6.0,14.0,0.492397984596
8.0,1.0,14.0,0.521144981336
13.0,-2.0,10.0,0.532990698124
29.0,-12.0,12.0,1.0838901688
60.0,-28.0,23.0,2.26105792373
88.0,-30.0,-54.0,3.46830453051
64.0,-48.0,-27.0,2.72365824875
62.0,-34.0,-17.0,2.34598423685
54.0,-30.0,-11.0,2.02404896026
59.0,-20.0,-5.0,2.0160645151
58.0,-14.0,-2.0,1.92578213634
50.0,-10.0,-2.0,1.64610978351
38.0,-16.0,-7.0,1.34906604299
20.0,-16.0,-3.0,0.831857868273
14.0,-18.0,1.0,0.736304013582
-10.0,-10.0,3.0,0.466349428865
-12.0,-6.0,5.0,0.46186519559
-14.0,-4.0,0.0,0.469684508986
-16.0,-4.0,6.0,0.56612673467
-16.0,3.0,8.0,0.585108295072
-13.0,5.0,11.0,0.572523849977
-8.0,5.0,14.0,0.544578806972
0.0,2.0,3.0,0.11630810566
17.0,4.0,-1.0,0.564285667243
47.0,2.0,6.0,1.52979428405
84.0,-7.0,27.0,2.85515762753
90.0,-30.0,8.0,3.07113038333
46.0,-76.0,-103.0,4.38768971325
39.0,-60.0,-23.0,2.42472522232
35.0,-41.0,22.0,1.87818408103
49.0,-38.0,-9.0,2.02121938036
57.0,-43.0,0.0,2.30323484231
59.0,-31.0,-5.0,2.15598771761
51.0,-34.0,-12.0,2.01477373802
48.0,-30.0,-23.0,1.97091230586
46.0,-30.0,-26.0,1.96005903625
44.0,-32.0,-20.0,1.86985506402
38.0,-16.0,-27.0,1.58983503617
35.0,-8.0,-28.0,1.46871644359
28.0,-8.0,-12.0,1.016001016
21.0,-1.0,-9.0,0.737715911357
9.0,4.0,-9.0,0.430376260133
4.0,6.0,-6.0,0.302607468376
1.0,9.0,-2.0,0.299148983726
-2.0,11.0,-4.0,0.38304329313
-2.0,13.0,-3.0,0.435185082685
-4.0,8.0,3.0,0.304321972002
-5.0,5.0,6.0,0.299148983726
-5.0,2.0,4.0,0.216393675242
-1.0,6.0,3.0,0.218784838165
1.0,7.0,6.0,0.299148983726
0.0,8.0,6.0,0.322580645161
2.0,4.0,4.0,0.193548387097
15.0,-2.0,18.0,0.758579097826
65.0,-24.0,35.0,2.5041069284
85.0,-38.0,-15.0,3.04219374267
87.0,-41.0,-43.0,3.39844489134
64.0,-59.0,-42.0,3.11770480428
46.0,-73.0,-50.0,3.21692325263
56.0,-57.0,-35.0,2.81404238549
61.0,-45.0,-15.0,2.49265309638
59.0,-38.0,-10.0,2.28668498044
48.0,-25.0,-14.0,1.80328062702
37.0,-20.0,-15.0,1.44045893947
34.0,-12.0,-8.0,1.19136679436
8.0,-9.0,-4.0,0.409308952918
0.0,-15.0,-6.0,0.521144981336
-6.0,-17.0,-4.0,0.595683397181
-10.0,-14.0,0.0,0.554988726906
-9.0,-1.0,6.0,0.35041227391
-10.0,-1.0,9.0,0.435185082685
-11.0,3.0,7.0,0.431583489041
-8.0,7.0,10.0,0.470790952236
-9.0,5.0,5.0,0.369210423944
0.0,3.0,-8.0,0.275613024043
12.0,2.0,-9.0,0.488153095175
27.0,6.0,5.0,0.906675440165
38.0,13.0,3.0,1.2991632623
53.0,-45.0,-41.0,2.603727417
81.0,-36.0,15.0,2.89999820589
47.0,-50.0,27.0,2.3787998793
13.0,-48.0,-36.0,1.98039296493
34.0,-23.0,-35.0,1.74014244636
50.0,-21.0,1.0,1.7496840803
55.0,-29.0,3.0,2.00804832226
55.0,-31.0,-5.0,2.04298245594
52.0,-31.0,-4.0,1.9571369435
52.0,-29.0,0.0,1.92064201892
51.0,-21.0,-10.0,1.80817889771
43.0,-14.0,-17.0,1.55843513925
39.0,-20.0,-15.0,1.49435288025
36.0,-22.0,-15.0,1.4444266566
27.0,-20.0,-13.0,1.16218603449
21.0,-10.0,-4.0,0.761317659433
13.0,-3.0,-7.0,0.486016747526
3.0,-1.0,-9.0,0.307722323038
-1.0,4.0,1.0,0.136859377004
-1.0,5.0,3.0,0.190841283326
-1.0,7.0,2.0,0.237047394463
-1.0,8.0,5.0,0.306026870339
4.0,7.0,8.0,0.3663811836
9.0,8.0,9.0,0.484945044464
8.0,2.0,4.0,0.295650044836
9.0,-1.0,0.0,0.292109198004
10.0,-5.0,1.0,0.362095876139
15.0,-7.0,4.0,0.549335044062
41.0,-25.0,15.0,1.62287241653
62.0,-40.0,-10.0,2.40187231858
75.0,-48.0,-34.0,3.0746860114
57.0,-38.0,-8.0,2.22487123878
63.0,-29.0,-4.0,2.24094895909
61.0,-28.0,-2.0,2.16609960828
54.0,-26.0,-10.0,1.96005903625
50.0,-23.0,-15.0,1.8401239609
46.0,-17.0,-9.0,1.60838075643
39.0,-17.0,-8.0,1.39644263367
30.0,-19.0,-1.0,1.14595610763
20.0,-21.0,-1.0,0.936039879261
6.0,-10.0,5.0,0.409308952918
3.0,-11.0,4.0,0.389775676568
-1.0,-10.0,0.0,0.324189536165
-4.0,-6.0,0.0,0.23261621132
-8.0,0.0,0.0,0.258064516129
-11.0,1.0,5.0,0.39110824687
-12.0,0.0,6.0,0.432787350484
-12.0,3.0,7.0,0.458473238824
-10.0,3.0,11.0,0.489217770584
-9.0,5.0,10.0,0.462990325626
0.0,2.0,0.0,0.0645161290323
7.0,5.0,-3.0,0.293884954166
22.0,4.0,-3.0,0.727775107915
48.0,-4.0,-2.0,1.55509300557
88.0,-37.0,0.0,3.07942046252
125.0,-47.0,44.0,4.53567200087
117.0,-81.0,-84.0,5.33049265313
12.0,-39.0,6.0,1.33042520176
22.0,-27.0,2.0,1.12533958339
28.0,-24.0,16.0,1.29675814466
42.0,-24.0,23.0,1.72784022462
51.0,-32.0,26.0,2.11554870091
52.0,-48.0,17.0,2.34775780296
33.0,-25.0,-17.0,1.44370606455
29.0,-27.0,-29.0,1.58393338028
29.0,-28.0,-24.0,1.51338117493
31.0,-22.0,1.0,1.22665505431
29.0,-18.0,3.0,1.10528010961
24.0,-12.0,0.0,0.865574700968
22.0,-12.0,-3.0,0.814156739621
18.0,-9.0,-2.0,0.652378981166
18.0,-5.0,-3.0,0.610351223498
20.0,-3.0,-1.0,0.653176023591
21.0,-1.0,1.0,0.678953715479
24.0,0.0,-1.0,0.774865299965
26.0,-2.0,-5.0,0.856510841765
27.0,-1.0,-10.0,0.929345825219
26.0,-1.0,-16.0,0.985324151568
23.0,-5.0,-17.0,0.936595557481
22.0,-10.0,-11.0,0.856510841765
22.0,-11.0,-1.0,0.794098943554
22.0,-9.0,-2.0,0.769474867218
25.0,-12.0,0.0,0.89454352412
26.0,-13.0,1.0,0.938260617564
27.0,-13.0,-2.0,0.968816607592
27.0,-15.0,-2.0,0.998437905841
28.0,-16.0,-3.0,1.0447828865
29.0,-17.0,-3.0,1.08867980843
27.0,-17.0,-4.0,1.03728614134
27.0,-20.0,-4.0,1.09154350424
27.0,-18.0,-6.0,1.06451612903
26.0,-17.0,-6.0,1.02059948513
25.0,-16.0,-6.0,0.976838963208
24.0,-15.0,-6.0,0.933256525257
24.0,-15.0,-6.0,0.933256525257
26.0,-14.0,-7.0,0.978967155193
25.0,-16.0,-6.0,0.976838963208
26.0,-17.0,-7.0,1.02720537601
25.0,-16.0,-6.0,0.976838963208
25.0,-16.0,-6.0,0.976838963208
25.0,-16.0,-5.0,0.970962383438
23.0,-17.0,-4.0,0.931582521174
24.0,-20.0,-6.0,1.02619185294
24.0,-18.0,-7.0,0.993736890371
24.0,-16.0,-11.0,0.995828970351
25.0,-16.0,-10.0,1.0103522428
26.0,-14.0,-9.0,0.995828970351
26.0,-14.0,-7.0,0.978967155193
25.0,-15.0,-7.0,0.967204151649
25.0,-14.0,-8.0,0.959643534235
26.0,-14.0,-10.0,1.00570692052
26.0,-16.0,-9.0,1.02669873954
26.0,-16.0,-8.0,1.01804734439
26.0,-16.0,-8.0,1.01804734439
26.0,-16.0,-7.0,1.0103522428
26.0,-16.0,-8.0,1.01804734439
26.0,-15.0,-6.0,0.987434055807
26.0,-15.0,-6.0,0.987434055807
25.0,-16.0,-7.0,0.983738753676
23.0,-17.0,-9.0,0.967204151649
23.0,-17.0,-8.0,0.958015639027
22.0,-19.0,-9.0,0.981620906755
24.0,-19.0,-10.0,1.03878981859
24.0,-19.0,-9.0,1.02922942797
25.0,-19.0,-9.0,1.05370857878
24.0,-17.0,-8.0,0.983209719621
24.0,-18.0,-7.0,0.993736890371
24.0,-17.0,-8.0,0.983209719621
26.0,-15.0,-8.0,1.00207900432
24.0,-15.0,-8.0,0.94873813999
25.0,-15.0,-7.0,0.967204151649
25.0,-16.0,-9.0,1.00052015608
26.0,-16.0,-9.0,1.02669873954
26.0,-16.0,-9.0,1.02669873954
25.0,-16.0,-9.0,1.00052015608
27.0,-14.0,-9.0,1.02314525982
27.0,-14.0,-7.0,1.00674106673
25.0,-16.0,-9.0,1.00052015608
25.0,-16.0,-9.0,1.00052015608
26.0,-15.0,-9.0,1.010867072
24.0,-16.0,-9.0,0.974706124499
26.0,-17.0,-8.0,1.03477515693
27.0,-16.0,-9.0,1.05321469144
27.0,-16.0,-11.0,1.07279284828
25.0,-15.0,-9.0,0.98426750338
26.0,-15.0,-10.0,1.02059948513
25.0,-13.0,-8.0,0.944891517153
25.0,-13.0,-8.0,0.944891517153
25.0,-13.0,-9.0,0.954206416629
25.0,-15.0,-7.0,0.967204151649
25.0,-15.0,-9.0,0.98426750338
25.0,-15.0,-9.0,0.98426750338
25.0,-14.0,-9.0,0.968816607592
25.0,-14.0,-9.0,0.968816607592
25.0,-12.0,-10.0,0.950929224063
27.0,-13.0,-11.0,1.02973481932
27.0,-11.0,-11.0,1.00518944844
28.0,-11.0,-12.0,1.0447828865
27.0,-11.0,-10.0,0.99426032306
28.0,-13.0,-10.0,1.04677295094
26.0,-12.0,-10.0,0.978435541168
25.0,-12.0,-10.0,0.950929224063
25.0,-14.0,-11.0,0.990065113111
26.0,-12.0,-9.0,0.968279420632
26.0,-12.0,-10.0,0.978435541168
26.0,-12.0,-11.0,0.989539461302
27.0,-12.0,-11.0,1.01702469487
26.0,-14.0,-10.0,1.00570692052
27.0,-14.0,-11.0,1.04328784702
25.0,-14.0,-9.0,0.968816607592
25.0,-14.0,-11.0,0.990065113111
26.0,-14.0,-11.0,1.0165129843
24.0,-12.0,-10.0,0.923730391179
26.0,-13.0,-11.0,1.0025980818
24.0,-14.0,-11.0,0.963971148225
26.0,-12.0,-10.0,0.978435541168
24.0,-14.0,-12.0,0.97630619035
26.0,-14.0,-11.0,1.0165129843
26.0,-12.0,-11.0,0.989539461302
25.0,-13.0,-10.0,0.964510734692
25.0,-12.0,-11.0,0.96235057356
25.0,-10.0,-11.0,0.938260617564
24.0,-10.0,-10.0,0.898605695302
24.0,-12.0,-10.0,0.923730391179
24.0,-13.0,-12.0,0.961809775218
24.0,-13.0,-11.0,0.949286385133
24.0,-13.0,-11.0,0.949286385133
24.0,-11.0,-12.0,0.935483870968
26.0,-12.0,-13.0,1.01446356087
26.0,-12.0,-11.0,0.989539461302
23.0,-10.0,-11.0,0.883423479847
23.0,-10.0,-11.0,0.883423479847
25.0,-12.0,-11.0,0.96235057356
23.0,-13.0,-11.0,0.923166969113
23.0,-13.0,-12.0,0.936039879261
23.0,-14.0,-11.0,0.938260617564
25.0,-14.0,-13.0,1.01497630468
24.0,-14.0,-12.0,0.97630619035
24.0,-15.0,-12.0,0.991640396706
26.0,-15.0,-14.0,1.06841904269
28.0,-19.0,-13.0,1.1693270297
29.0,-23.0,-14.0,1.27653928628
25.0,-21.0,-9.0,1.09249640141
22.0,-19.0,-7.0,0.964510734692
24.0,-17.0,-6.0,0.968279420632
24.0,-16.0,-7.0,0.957472392236
26.0,-17.0,-5.0,1.01497630468
25.0,-17.0,-4.0,0.983738753676
25.0,-17.0,-5.0,0.9884873191
23.0,-20.0,-5.0,0.996351303966
22.0,-20.0,-7.0,0.985324151568
20.0,-22.0,-8.0,0.993213181828
18.0,-23.0,-7.0,0.968816607592
20.0,-25.0,-5.0,1.04528075781
25.0,-20.0,-3.0,1.03728614134
27.0,-14.0,-2.0,0.983209719621
25.0,-12.0,-5.0,0.908967922813
28.0,-12.0,-5.0,0.995828970351
27.0,-16.0,-6.0,1.03074485862
27.0,-18.0,-4.0,1.05469565963
25.0,-17.0,-4.0,0.983738753676
25.0,-15.0,-4.0,0.949286385133
27.0,-13.0,-2.0,0.968816607592
26.0,-12.0,-1.0,0.9242934698
27.0,-15.0,-5.0,1.00932179659
27.0,-18.0,-5.0,1.05912613931
26.0,-18.0,-4.0,1.02821790003
26.0,-18.0,-3.0,1.02466968866
25.0,-17.0,-3.0,0.980029518127
22.0,-18.0,-2.0,0.919213345082
22.0,-20.0,-1.0,0.959643534235
24.0,-20.0,-5.0,1.02059948513
26.0,-17.0,-5.0,1.01497630468
27.0,-16.0,-4.0,1.02059948513
27.0,-15.0,-2.0,0.998437905841
26.0,-16.0,0.0,0.984795969192
25.0,-18.0,0.0,0.993736890371
23.0,-21.0,-3.0,1.00932179659
25.0,-21.0,-2.0,1.05518885379
25.0,-23.0,-4.0,1.10339557268
23.0,-22.0,-4.0,1.03477515693
23.0,-19.0,-2.0,0.964510734692
23.0,-19.0,-3.0,0.967204151649
23.0,-17.0,-1.0,0.923166969113
25.0,-17.0,-1.0,0.975773126597
26.0,-19.0,-1.0,1.03929056088
23.0,-21.0,-1.0,1.00518944844
23.0,-20.0,0.0,0.983209719621
24.0,-19.0,-1.0,0.987960827814
25.0,-16.0,-2.0,0.959643534235
29.0,-15.0,-3.0,1.05765137489
28.0,-16.0,-3.0,1.0447828865
24.0,-20.0,-3.0,1.0124099888
23.0,-21.0,0.0,1.00467170983
23.0,-20.0,1.0,0.983738753676
23.0,-20.0,1.0,0.983738753676
24.0,-21.0,1.0,1.02922942797
25.0,-20.0,-1.0,1.03326563729
26.0,-19.0,-1.0,1.03929056088
24.0,-19.0,-1.0,0.987960827814
23.0,-18.0,-1.0,0.942686399755
25.0,-18.0,-2.0,0.995828970351
24.0,-17.0,-2.0,0.950929224063
26.0,-16.0,-2.0,0.986907002631
28.0,-18.0,1.0,1.07424682615
26.0,-18.0,-3.0,1.02466968866
23.0,-18.0,-3.0,0.947091500381
20.0,-20.0,-7.0,0.939922728022
24.0,-17.0,-2.0,0.950929224063
25.0,-20.0,-1.0,1.03326563729
28.0,-15.0,0.0,1.02466968866
29.0,-14.0,1.0,1.03929056088
28.0,-14.0,-2.0,1.0118959446
26.0,-16.0,-3.0,0.989539461302
24.0,-18.0,-2.0,0.969890088927
21.0,-20.0,-3.0,0.940476112072
25.0,-20.0,-2.0,1.03477515693
26.0,-16.0,-2.0,0.986907002631
28.0,-14.0,2.0,1.0118959446
26.0,-17.0,-2.0,1.00415370428
22.0,-21.0,-3.0,0.985852050964
21.0,-21.0,-3.0,0.962891068168
24.0,-21.0,0.0,1.02872378833
25.0,-17.0,-2.0,0.977371445648
25.0,-15.0,-1.0,0.941029170698
25.0,-14.0,-4.0,0.933256525257
26.0,-15.0,-4.0,0.976838963208
25.0,-17.0,-4.0,0.983738753676
26.0,-16.0,-2.0,0.986907002631
27.0,-16.0,-2.0,1.01446356087
27.0,-17.0,-3.0,1.03376905542
27.0,-17.0,-3.0,1.03376905542
28.0,-17.0,-2.0,1.05863477945
26.0,-18.0,-2.0,1.02212771082
25.0,-18.0,-2.0,0.995828970351
24.0,-16.0,-3.0,0.935483870968
24.0,-16.0,1.0,0.931023850946
26.0,-18.0,-1.0,1.02059948513
25.0,-19.0,-1.0,1.01343729499
26.0,-19.0,-1.0,1.03929056088
25.0,-21.0,-1.0,1.05370857878
24.0,-19.0,-3.0,0.992164935434
25.0,-19.0,-1.0,1.01343729499
26.0,-18.0,-2.0,1.02212771082
27.0,-17.0,-2.0,1.0312495073
25.0,-18.0,-2.0,0.995828970351
24.0,-18.0,-4.0,0.97630619035
24.0,-20.0,-4.0,1.016001016
23.0,-21.0,-2.0,1.00674106673
24.0,-21.0,-3.0,1.03326563729
24.0,-19.0,-3.0,0.992164935434
23.0,-19.0,-2.0,0.964510734692
25.0,-19.0,-1.0,1.01343729499
24.0,-18.0,-1.0,0.968279420632
26.0,-18.0,-3.0,1.02466968866
26.0,-19.0,-2.0,1.04079134225
26.0,-17.0,0.0,1.00207900432
24.0,-17.0,-1.0,0.949286385133
24.0,-17.0,-1.0,0.949286385133
24.0,-17.0,-2.0,0.950929224063
26.0,-18.0,-2.0,1.02212771082
26.0,-17.0,-3.0,1.00674106673
26.0,-17.0,-3.0,1.00674106673
25.0,-19.0,-1.0,1.01343729499
24.0,-19.0,-1.0,0.987960827814
25.0,-18.0,-1.0,0.99426032306
25.0,-19.0,-2.0,1.01497630468
25.0,-19.0,-2.0,1.01497630468
25.0,-19.0,-2.0,1.01497630468
25.0,-19.0,-1.0,1.01343729499
24.0,-18.0,-2.0,0.969890088927
24.0,-20.0,-1.0,1.0082902973
26.0,-17.0,0.0,1.00207900432
25.0,-19.0,-1.0,1.01343729499
25.0,-19.0,-2.0,1.01497630468
25.0,-17.0,0.0,0.975239771473
25.0,-19.0,0.0,1.01292377214
25.0,-19.0,0.0,1.01292377214
25.0,-18.0,-2.0,0.995828970351
23.0,-19.0,0.0,0.96235057356
25.0,-20.0,0.0,1.03276197378
25.0,-18.0,-1.0,0.99426032306
25.0,-18.0,-1.0,0.99426032306
24.0,-19.0,0.0,0.987434055807
24.0,-18.0,-1.0,0.968279420632
24.0,-17.0,0.0,0.94873813999
26.0,-17.0,0.0,1.00207900432
26.0,-17.0,0.0,1.00207900432
26.0,-19.0,-1.0,1.03929056088
25.0,-18.0,0.0,0.993736890371
25.0,-20.0,0.0,1.03276197378
25.0,-18.0,0.0,0.993736890371
25.0,-18.0,0.0,0.993736890371
25.0,-18.0,0.0,0.993736890371
24.0,-18.0,0.0,0.967741935484
25.0,-18.0,-1.0,0.99426032306
25.0,-18.0,-1.0,0.99426032306
25.0,-18.0,0.0,0.993736890371
25.0,-18.0,0.0,0.993736890371
25.0,-18.0,0.0,0.993736890371
24.0,-19.0,-1.0,0.987960827814
24.0,-19.0,-1.0,0.987960827814
24.0,-18.0,0.0,0.967741935484
24.0,-18.0,0.0,0.967741935484
24.0,-18.0,0.0,0.967741935484
24.0,-18.0,0.0,0.967741935484
24.0,-18.0,0.0,0.967741935484
24.0,-18.0,-2.0,0.969890088927
24.0,-18.0,0.0,0.967741935484
24.0,-19.0,0.0,0.987434055807
25.0,-18.0,-2.0,0.995828970351
25.0,-18.0,-2.0,0.995828970351
25.0,-18.0,-2.0,0.995828970351
25.0,-18.0,0.0,0.993736890371
25.0,-18.0,0.0,0.993736890371
25.0,-18.0,-1.0,0.99426032306
25.0,-18.0,-1.0,0.99426032306
25.0,-19.0,0.0,1.01292377214
25.0,-18.0,0.0,0.993736890371
24.0,-18.0,0.0,0.967741935484
25.0,-18.0,0.0,0.993736890371
25.0,-20.0,0.0,1.03276197378
24.0,-18.0,0.0,0.967741935484
24.0,-19.0,-2.0,0.989539461302
25.0,-18.0,0.0,0.993736890371
25.0,-18.0,0.0,0.993736890371
24.0,-18.0,0.0,0.967741935484
25.0,-18.0,0.0,0.993736890371
24.0,-18.0,0.0,0.967741935484
24.0,-18.0,0.0,0.967741935484
25.0,-18.0,0.0,0.993736890371
23.0,-19.0,0.0,0.96235057356
25.0,-20.0,0.0,1.03276197378
25.0,-18.0,0.0,0.993736890371
25.0,-18.0,0.0,0.993736890371
25.0,-18.0,0.0,0.993736890371
25.0,-18.0,0.0,0.993736890371
24.0,-18.0,0.0,0.967741935484
25.0,-18.0,0.0,0.993736890371
25.0,-18.0,0.0,0.993736890371
25.0,-18.0,0.0,0.993736890371
25.0,-20.0,0.0,1.03276197378
25.0,-18.0,-1.0,0.99426032306
23.0,-20.0,0.0,0.983209719621
25.0,-18.0,0.0,0.993736890371
24.0,-18.0,0.0,0.967741935484
25.0,-18.0,0.0,0.993736890371
24.0,-18.0,0.0,0.967741935484
24.0,-19.0,0.0,0.987434055807
25.0,-18.0,-1.0,0.99426032306
25.0,-18.0,0.0,0.993736890371
25.0,-18.0,0.0,0.993736890371
25.0,-18.0,0.0,0.993736890371
25.0,-18.0,0.0,0.993736890371
25.0,-18.0,0.0,0.993736890371
24.0,-19.0,0.0,0.987434055807
25.0,-18.0,0.0,0.993736890371
25.0,-20.0,-1.0,1.03326563729
24.0,-18.0,0.0,0.967741935484
24.0,-19.0,-1.0,0.987960827814
24.0,-18.0,0.0,0.967741935484
25.0,-18.0,0.0,0.993736890371
23.0,-18.0,0.0,0.942134313968
25.0,-18.0,0.0,0.993736890371
24.0,-18.0,-1.0,0.968279420632
24.0,-18.0,0.0,0.967741935484
25.0,-18.0,0.0,0.993736890371
25.0,-18.0,0.0,0.993736890371
24.0,-18.0,0.0,0.967741935484
25.0,-18.0,0.0,0.993736890371
25.0,-18.0,0.0,0.993736890371
25.0,-18.0,0.0,0.993736890371
25.0,-18.0,-1.0,0.99426032306
25.0,-18.0,-1.0,0.99426032306
24.0,-18.0,-2.0,0.969890088927
25.0,-19.0,-2.0,1.01497630468
25.0,-18.0,0.0,0.993736890371
25.0,-18.0,0.0,0.993736890371
24.0,-18.0,0.0,0.967741935484
25.0,-18.0,0.0,0.993736890371
23.0,-18.0,0.0,0.942134313968
25.0,-18.0,0.0,0.993736890371
25.0,-18.0,0.0,0.993736890371
24.0,-18.0,0.0,0.967741935484
24.0,-18.0,0.0,0.967741935484
25.0,-18.0,0.0,0.993736890371
25.0,-18.0,0.0,0.993736890371
25.0,-18.0,0.0,0.993736890371
25.0,-18.0,0.0,0.993736890371
23.0,-18.0,-1.0,0.942686399755
25.0,-18.0,-1.0,0.99426032306
24.0,-18.0,0.0,0.967741935484
25.0,-19.0,0.0,1.01292377214
25.0,-18.0,-2.0,0.995828970351
25.0,-18.0,-2.0,0.995828970351
25.0,-18.0,0.0,0.993736890371
24.0,-18.0,0.0,0.967741935484
25.0,-18.0,0.0,0.993736890371
24.0,-18.0,0.0,0.967741935484
24.0,-18.0,0.0,0.967741935484
24.0,-18.0,0.0,0.967741935484
25.0,-18.0,0.0,0.993736890371
25.0,-18.0,0.0,0.993736890371
25.0,-18.0,0.0,0.993736890371
24.0,-18.0,0.0,0.967741935484
24.0,-18.0,0.0,0.967741935484
24.0,-18.0,0.0,0.967741935484
24.0,-18.0,-1.0,0.968279420632
24.0,-18.0,0.0,0.967741935484
25.0,-19.0,0.0,1.01292377214
24.0,-18.0,0.0,0.967741935484
25.0,-18.0,0.0,0.993736890371
24.0,-18.0,0.0,0.967741935484
24.0,-19.0,0.0,0.987434055807
24.0,-18.0,0.0,0.967741935484
24.0,-20.0,0.0,1.00777415173
24.0,-18.0,-1.0,0.968279420632
25.0,-18.0,0.0,0.993736890371
24.0,-18.0,0.0,0.967741935484
25.0,-18.0,0.0,0.993736890371
25.0,-18.0,0.0,0.993736890371
25.0,-19.0,-1.0,1.01343729499
24.0,-19.0,0.0,0.987434055807
25.0,-18.0,0.0,0.993736890371
24.0,-18.0,0.0,0.967741935484
25.0,-18.0,0.0,0.993736890371
24.0,-18.0,0.0,0.967741935484
24.0,-18.0,0.0,0.967741935484
24.0,-18.0,0.0,0.967741935484
25.0,-18.0,0.0,0.993736890371
25.0,-18.0,0.0,0.993736890371
24.0,-18.0,0.0,0.967741935484
25.0,-18.0,0.0,0.993736890371
25.0,-18.0,0.0,0.993736890371
25.0,-18.0,0.0,0.993736890371
25.0,-18.0,-2.0,0.995828970351
25.0,-18.0,0.0,0.993736890371
25.0,-18.0,-1.0,0.99426032306
25.0,-18.0,-1.0,0.99426032306
25.0,-19.0,0.0,1.01292377214
24.0,-19.0,0.0,0.987434055807
24.0,-18.0,-1.0,0.968279420632
25.0,-18.0,0.0,0.993736890371
25.0,-18.0,0.0,0.993736890371
25.0,-18.0,0.0,0.993736890371
25.0,-18.0,0.0,0.993736890371
25.0,-18.0,0.0,0.993736890371
25.0,-18.0,-1.0,0.99426032306
24.0,-18.0,0.0,0.967741935484
25.0,-18.0,0.0,0.993736890371
25.0,-20.0,0.0,1.03276197378
25.0,-20.0,0.0,1.03276197378
25.0,-18.0,0.0,0.993736890371
25.0,-20.0,-1.0,1.03326563729
25.0,-18.0,-1.0,0.99426032306
25.0,-18.0,-1.0,0.99426032306
24.0,-18.0,0.0,0.967741935484
24.0,-18.0,0.0,0.967741935484
25.0,-18.0,-2.0,0.995828970351
24.0,-18.0,0.0,0.967741935484
24.0,-18.0,-1.0,0.968279420632
24.0,-18.0,-1.0,0.968279420632
24.0,-18.0,0.0,0.967741935484
25.0,-18.0,-1.0,0.99426032306
25.0,-18.0,0.0,0.993736890371
25.0,-18.0,-1.0,0.99426032306
25.0,-18.0,-1.0,0.99426032306
25.0,-18.0,-1.0,0.99426032306
24.0,-18.0,0.0,0.967741935484
25.0,-18.0,0.0,0.993736890371
25.0,-18.0,-1.0,0.99426032306
25.0,-18.0,-1.0,0.99426032306
25.0,-18.0,-1.0,0.99426032306
25.0,-18.0,0.0,0.993736890371
25.0,-20.0,0.0,1.03276197378
25.0,-18.0,0.0,0.993736890371
24.0,-20.0,0.0,1.00777415173
24.0,-18.0,0.0,0.967741935484
24.0,-19.0,0.0,0.987434055807
24.0,-19.0,0.0,0.987434055807
24.0,-18.0,-2.0,0.969890088927
24.0,-18.0,-2.0,0.969890088927
24.0,-18.0,0.0,0.967741935484
25.0,-18.0,0.0,0.993736890371
23.0,-18.0,-2.0,0.944340720536
24.0,-18.0,0.0,0.967741935484
24.0,-18.0,-1.0,0.968279420632
25.0,-20.0,0.0,1.03276197378
25.0,-18.0,0.0,0.993736890371
23.0,-20.0,-1.0,0.983738753676
23.0,-20.0,-1.0,0.983738753676
23.0,-20.0,-1.0,0.983738753676
24.0,-18.0,-1.0,0.968279420632
26.0,-18.0,-1.0,1.02059948513
25.0,-19.0,-1.0,1.01343729499
24.0,-17.0,0.0,0.94873813999
24.0,-19.0,0.0,0.987434055807
24.0,-18.0,0.0,0.967741935484
25.0,-20.0,0.0,1.03276197378
25.0,-18.0,0.0,0.993736890371
24.0,-19.0,0.0,0.987434055807
24.0,-19.0,0.0,0.987434055807
24.0,-19.0,0.0,0.987434055807
24.0,-18.0,0.0,0.967741935484
25.0,-18.0,-2.0,0.995828970351
23.0,-20.0,-1.0,0.983738753676
23.0,-20.0,-1.0,0.983738753676
25.0,-20.0,-1.0,1.03326563729
23.0,-19.0,-1.0,0.962891068168
23.0,-20.0,-1.0,0.983738753676
24.0,-20.0,-1.0,1.0082902973
23.0,-20.0,0.0,0.983209719621
24.0,-18.0,-1.0,0.968279420632
24.0,-19.0,0.0,0.987434055807
24.0,-19.0,0.0,0.987434055807
24.0,-19.0,0.0,0.987434055807
24.0,-19.0,0.0,0.987434055807
24.0,-19.0,0.0,0.987434055807
24.0,-18.0,0.0,0.967741935484
25.0,-18.0,-1.0,0.99426032306
25.0,-18.0,0.0,0.993736890371
24.0,-18.0,0.0,0.967741935484
24.0,-18.0,-2.0,0.969890088927
25.0,-18.0,-1.0,0.99426032306
25.0,-18.0,0.0,0.993736890371
25.0,-18.0,-1.0,0.99426032306
25.0,-20.0,0.0,1.03276197378
24.0,-18.0,0.0,0.967741935484
24.0,-19.0,-1.0,0.987960827814
26.0,-19.0,0.0,1.03878981859
25.0,-18.0,-1.0,0.99426032306
25.0,-18.0,0.0,0.993736890371
24.0,-18.0,-1.0,0.968279420632
25.0,-18.0,0.0,0.993736890371
25.0,-18.0,0.0,0.993736890371
25.0,-18.0,0.0,0.993736890371
25.0,-18.0,0.0,0.993736890371
25.0,-18.0,0.0,0.993736890371
25.0,-20.0,0.0,1.03276197378
25.0,-18.0,0.0,0.993736890371
25.0,-18.0,0.0,0.993736890371
25.0,-18.0,0.0,0.993736890371
25.0,-18.0,-1.0,0.99426032306
25.0,-18.0,0.0,0.993736890371
24.0,-19.0,0.0,0.987434055807
25.0,-18.0,0.0,0.993736890371
24.0,-18.0,-1.0,0.968279420632
25.0,-20.0,0.0,1.03276197378
25.0,-18.0,0.0,0.993736890371
25.0,-18.0,0.0,0.993736890371
25.0,-18.0,-1.0,0.99426032306
25.0,-18.0,-1.0,0.99426032306
25.0,-18.0,0.0,0.993736890371
24.0,-18.0,0.0,0.967741935484
24.0,-19.0,0.0,0.987434055807
24.0,-19.0,0.0,0.987434055807
24.0,-19.0,-1.0,0.987960827814
24.0,-18.0,0.0,0.967741935484
25.0,-18.0,0.0,0.993736890371
25.0,-18.0,0.0,0.993736890371
25.0,-18.0,0.0,0.993736890371
25.0,-18.0,-1.0,0.99426032306
25.0,-18.0,-1.0,0.99426032306
25.0,-18.0,-1.0,0.99426032306
24.0,-19.0,0.0,0.987434055807
24.0,-19.0,0.0,0.987434055807
24.0,-18.0,-1.0,0.968279420632
24.0,-19.0,-1.0,0.987960827814
25.0,-19.0,0.0,1.01292377214
25.0,-18.0,0.0,0.993736890371
25.0,-18.0,-1.0,0.99426032306
25.0,-18.0,0.0,0.993736890371
25.0,-18.0,0.0,0.993736890371
24.0,-19.0,0.0,0.987434055807
24.0,-19.0,-1.0,0.987960827814
24.0,-19.0,-1.0,0.987960827814
24.0,-18.0,0.0,0.967741935484
24.0,-18.0,-1.0,0.968279420632
24.0,-18.0,0.0,0.967741935484
25.0,-18.0,0.0,0.993736890371
25.0,-18.0,-1.0,0.99426032306
25.0,-18.0,0.0,0.993736890371
24.0,-19.0,0.0,0.987434055807
24.0,-18.0,0.0,0.967741935484
25.0,-19.0,-1.0,1.01343729499
25.0,-19.0,0.0,1.01292377214
25.0,-18.0,-2.0,0.995828970351
25.0,-18.0,-1.0,0.99426032306
24.0,-18.0,-1.0,0.968279420632
25.0,-18.0,-1.0,0.99426032306
24.0,-18.0,-1.0,0.968279420632
24.0,-18.0,0.0,0.967741935484
24.0,-18.0,0.0,0.967741935484
24.0,-18.0,-1.0,0.968279420632
25.0,-18.0,0.0,0.993736890371
25.0,-18.0,0.0,0.993736890371
25.0,-18.0,-1.0,0.99426032306
24.0,-18.0,-1.0,0.968279420632
24.0,-18.0,-1.0,0.968279420632
24.0,-18.0,0.0,0.967741935484
25.0,-19.0,-1.0,1.01343729499
25.0,-19.0,-1.0,1.01343729499
24.0,-18.0,-1.0,0.968279420632
25.0,-18.0,-1.0,0.99426032306
24.0,-18.0,-1.0,0.968279420632
24.0,-18.0,0.0,0.967741935484
24.0,-18.0,0.0,0.967741935484
25.0,-18.0,-1.0,0.99426032306
25.0,-20.0,0.0,1.03276197378
25.0,-18.0,-1.0,0.99426032306
25.0,-18.0,-1.0,0.99426032306
25.0,-20.0,-1.0,1.03326563729
24.0,-18.0,0.0,0.967741935484
25.0,-18.0,-1.0,0.99426032306
24.0,-19.0,0.0,0.987434055807
24.0,-18.0,0.0,0.967741935484
24.0,-18.0,-1.0,0.968279420632
25.0,-18.0,-1.0,0.99426032306
25.0,-18.0,-1.0,0.99426032306
25.0,-18.0,-1.0,0.99426032306
25.0,-18.0,0.0,0.993736890371
25.0,-18.0,-1.0,0.99426032306
25.0,-18.0,-1.0,0.99426032306
25.0,-18.0,-1.0,0.99426032306
25.0,-18.0,-1.0,0.99426032306
25.0,-18.0,-1.0,0.99426032306
25.0,-18.0,0.0,0.993736890371
25.0,-18.0,-1.0,0.99426032306
25.0,-18.0,0.0,0.993736890371
24.0,-19.0,0.0,0.987434055807
25.0,-18.0,-1.0,0.99426032306
25.0,-18.0,0.0,0.993736890371
25.0,-18.0,0.0,0.993736890371
25.0,-18.0,-1.0,0.99426032306
25.0,-18.0,-1.0,0.99426032306
25.0,-18.0,0.0,0.993736890371
24.0,-18.0,0.0,0.967741935484
25.0,-18.0,0.0,0.993736890371
24.0,-18.0,-1.0,0.968279420632
25.0,-18.0,0.0,0.993736890371
25.0,-18.0,-1.0,0.99426032306
25.0,-18.0,0.0,0.993736890371
25.0,-18.0,-1.0,0.99426032306
25.0,-18.0,-1.0,0.99426032306
24.0,-19.0,0.0,0.987434055807
24.0,-18.0,0.0,0.967741935484
25.0,-18.0,0.0,0.993736890371
24.0,-18.0,-1.0,0.968279420632
25.0,-18.0,-1.0,0.99426032306
25.0,-18.0,-1.0,0.99426032306
24.0,-18.0,-1.0,0.968279420632
24.0,-18.0,-1.0,0.968279420632
25.0,-18.0,0.0,0.993736890371
24.0,-18.0,0.0,0.967741935484
25.0,-18.0,-1.0,0.99426032306
25.0,-20.0,-1.0,1.03326563729
25.0,-18.0,-1.0,0.99426032306
25.0,-18.0,0.0,0.993736890371
24.0,-18.0,-1.0,0.968279420632
24.0,-18.0,-1.0,0.968279420632
25.0,-18.0,-1.0,0.99426032306
25.0,-18.0,-1.0,0.99426032306
25.0,-18.0,-1.0,0.99426032306
25.0,-18.0,-1.0,0.99426032306
24.0,-18.0,-1.0,0.968279420632
24.0,-18.0,-1.0,0.968279420632
25.0,-18.0,-1.0,0.99426032306
25.0,-18.0,-1.0,0.99426032306
24.0,-18.0,0.0,0.967741935484
25.0,-18.0,-1.0,0.99426032306
24.0,-18.0,-1.0,0.968279420632
24.0,-18.0,-1.0,0.968279420632
24.0,-18.0,0.0,0.967741935484
25.0,-18.0,-1.0,0.99426032306
25.0,-18.0,-1.0,0.99426032306
25.0,-18.0,-1.0,0.99426032306
24.0,-19.0,-1.0,0.987960827814
25.0,-19.0,0.0,1.01292377214
25.0,-18.0,0.0,0.993736890371
24.0,-18.0,-1.0,0.968279420632
25.0,-18.0,-1.0,0.99426032306
24.0,-18.0,-1.0,0.968279420632
24.0,-19.0,0.0,0.987434055807
24.0,-18.0,-1.0,0.968279420632
25.0,-18.0,0.0,0.993736890371
25.0,-18.0,-1.0,0.99426032306
25.0,-18.0,0.0,0.993736890371
25.0,-18.0,-1.0,0.99426032306
24.0,-18.0,0.0,0.967741935484
25.0,-19.0,-1.0,1.01343729499
24.0,-19.0,-1.0,0.987960827814
25.0,-18.0,-1.0,0.99426032306
25.0,-18.0,0.0,0.993736890371
25.0,-18.0,-1.0,0.99426032306
25.0,-18.0,-1.0,0.99426032306
24.0,-18.0,-1.0,0.968279420632
25.0,-18.0,-1.0,0.99426032306
24.0,-19.0,-1.0,0.987960827814
24.0,-18.0,-1.0,0.968279420632
24.0,-18.0,-1.0,0.968279420632
24.0,-18.0,-1.0,0.968279420632
25.0,-18.0,-1.0,0.99426032306
25.0,-18.0,-1.0,0.99426032306
25.0,-18.0,-1.0,0.99426032306
25.0,-18.0,-1.0,0.99426032306
25.0,-18.0,-1.0,0.99426032306
24.0,-18.0,-1.0,0.968279420632
24.0,-19.0,-1.0,0.987960827814
24.0,-19.0,-1.0,0.987960827814
24.0,-18.0,0.0,0.967741935484
25.0,-18.0,0.0,0.993736890371
24.0,-18.0,-1.0,0.968279420632
24.0,-18.0,0.0,0.967741935484
25.0,-18.0,-1.0,0.99426032306
25.0,-18.0,-1.0,0.99426032306
25.0,-18.0,-1.0,0.99426032306
25.0,-18.0,-1.0,0.99426032306
25.0,-20.0,-1.0,1.03326563729
25.0,-18.0,0.0,0.993736890371
24.0,-18.0,0.0,0.967741935484
24.0,-18.0,0.0,0.967741935484
25.0,-18.0,-1.0,0.99426032306
23.0,-20.0,-1.0,0.983738753676
23.0,-19.0,-1.0,0.962891068168
25.0,-20.0,-1.0,1.03326563729
26.0,-19.0,-1.0,1.03929056088
26.0,-17.0,1.0,1.0025980818
25.0,-17.0,-1.0,0.975773126597
25.0,-18.0,0.0,0.993736890371
26.0,-19.0,-2.0,1.04079134225
25.0,-18.0,-2.0,0.995828970351
23.0,-20.0,0.0,0.983209719621
23.0,-20.0,0.0,0.983209719621
25.0,-20.0,-1.0,1.03326563729
24.0,-18.0,0.0,0.967741935484
24.0,-19.0,0.0,0.987434055807
24.0,-19.0,0.0,0.987434055807
25.0,-19.0,0.0,1.01292377214
25.0,-18.0,-1.0,0.99426032306
24.0,-19.0,0.0,0.987434055807
24.0,-19.0,0.0,0.987434055807
24.0,-19.0,-1.0,0.987960827814
25.0,-19.0,-1.0,1.01343729499
24.0,-18.0,-1.0,0.968279420632
24.0,-18.0,-1.0,0.968279420632
25.0,-18.0,0.0,0.993736890371
25.0,-18.0,0.0,0.993736890371
25.0,-20.0,0.0,1.03276197378
25.0,-20.0,-1.0,1.03326563729
25.0,-18.0,-1.0,0.99426032306
24.0,-19.0,-1.0,0.987960827814
24.0,-19.0,-1.0,0.987960827814
24.0,-19.0,-1.0,0.987960827814
24.0,-19.0,0.0,0.987434055807
25.0,-18.0,-1.0,0.99426032306
25.0,-18.0,0.0,0.993736890371
25.0,-18.0,-1.0,0.99426032306
24.0,-19.0,0.0,0.987434055807
25.0,-18.0,-1.0,0.99426032306
25.0,-18.0,0.0,0.993736890371
25.0,-18.0,-1.0,0.99426032306
24.0,-18.0,-1.0,0.968279420632
24.0,-18.0,-1.0,0.968279420632
24.0,-18.0,-1.0,0.968279420632
25.0,-18.0,0.0,0.993736890371
25.0,-18.0,0.0,0.993736890371
25.0,-18.0,-1.0,0.99426032306
25.0,-18.0,-1.0,0.99426032306
25.0,-18.0,-1.0,0.99426032306
25.0,-18.0,-1.0,0.99426032306
24.0,-18.0,-1.0,0.968279420632
24.0,-18.0,0.0,0.967741935484
24.0,-18.0,-1.0,0.968279420632
25.0,-18.0,-1.0,0.99426032306
24.0,-19.0,0.0,0.987434055807
24.0,-18.0,-1.0,0.968279420632
25.0,-18.0,0.0,0.993736890371
25.0,-18.0,-1.0,0.99426032306
25.0,-18.0,0.0,0.993736890371
25.0,-18.0,-1.0,0.99426032306
25.0,-18.0,-1.0,0.99426032306
25.0,-18.0,-1.0,0.99426032306
25.0,-18.0,-1.0,0.99426032306
24.0,-18.0,0.0,0.967741935484
24.0,-18.0,-1.0,0.968279420632
25.0,-18.0,-1.0,0.99426032306
24.0,-18.0,-1.0,0.968279420632
25.0,-18.0,0.0,0.993736890371
25.0,-18.0,-1.0,0.99426032306
25.0,-18.0,0.0,0.993736890371
24.0,-18.0,0.0,0.967741935484
25.0,-18.0,-1.0,0.99426032306
25.0,-18.0,-1.0,0.99426032306
24.0,-18.0,-1.0,0.968279420632
25.0,-18.0,0.0,0.993736890371
25.0,-18.0,0.0,0.993736890371
25.0,-18.0,-1.0,0.99426032306
24.0,-19.0,-1.0,0.987960827814
24.0,-18.0,-1.0,0.968279420632
24.0,-18.0,0.0,0.967741935484
25.0,-18.0,-1.0,0.99426032306
25.0,-18.0,-1.0,0.99426032306
25.0,-20.0,0.0,1.03276197378
25.0,-18.0,0.0,0.993736890371
24.0,-18.0,-1.0,0.968279420632
24.0,-18.0,-1.0,0.968279420632
24.0,-18.0,-1.0,0.968279420632
25.0,-20.0,-1.0,1.03326563729
