190, 32, 79, 0, 
182, 33, 79, 0, 
165, 32, 79, 0, 
143, 33, 79, 0, 
121, 33, 79, 0, 
103, 33, 79, 0, 
88, 32, 79, 0, 
81, 32, 79, 0, 
79, 32, 79, 0, 
83, 33, 79, 0, 
89, 32, 79, 0, 
95, 33, 79, 0, 
101, 32, 79, 0, 
105, 32, 79, 0, 
105, 33, 79, 0, 
103, 33, 79, 0, 
100, 33, 79, 0, 
97, 33, 79, 0, 
93, 33, 79, 0, 
90, 33, 79, 0, 
89, 33, 79, 0, 
88, 33, 79, 0, 
88, 32, 79, 0, 
89, 33, 79, 0, 
90, 32, 79, 0, 
92, 35, 79, 0, 
93, 34, 79, 0, 
94, 34, 79, 0, 
94, 32, 79, 0, 
94, 31, 79, 0, 
95, 32, 79, 0, 
101, 32, 79, 0, 
116, 32, 79, 0, 
139, 34, 79, 0, 
165, 31, 79, 0, 
185, 31, 79, 0, 
196, 32, 79, 0, 
193, 38, 79, 0, 
180, 34, 79, 0, 
159, 41, 79, 0, 
137, 47, 79, 0, 
117, 49, 79, 0, 
100, 45, 79, 0, 
88, 44, 79, 0, 
82, 45, 79, 0, 
82, 40, 79, 0, 
85, 37, 79, 0, 
91, 35, 79, 0, 
97, 36, 79, 0, 
102, 32, 79, 0, 
104, 25, 79, 0, 
104, 15, 79, 0, 
102, 19, 79, 0, 
98, 23, 79, 0, 
95, 25, 79, 0, 
92, 25, 79, 0, 
90, 23, 79, 0, 
88, 18, 79, 0, 
88, 12, 79, 0, 
89, 30, 79, 0, 
91, 34, 79, 0, 
92, 22, 79, 0, 
93, 21, 79, 0, 
94, 24, 79, 0, 
94, 28, 79, 0, 
94, 28, 79, 0, 
94, 31, 79, 0, 
96, 28, 80, 0, 
102, 45, 80, 0, 
119, 34, 80, 0, 
143, 53, 80, 0, 
169, 48, 80, 0, 
188, 49, 80, 0, 
195, 54, 80, 0, 
191, 42, 80, 0, 
177, 31, 80, 0, 
156, 37, 80, 0, 
136, 35, 80, 0, 
115, 33, 80, 0, 
99, 37, 80, 0, 
87, 34, 80, 0, 
82, 30, 80, 0, 
82, 30, 80, 0, 
86, 25, 80, 0, 
92, 24, 80, 0, 
97, 26, 80, 0, 
101, 28, 80, 0, 
103, 24, 80, 0, 
103, 24, 80, 0, 
101, 24, 80, 0, 
98, 22, 80, 0, 
94, 19, 80, 0, 
91, 22, 80, 0, 
90, 25, 80, 0, 
89, 29, 80, 0, 
88, 32, 80, 0, 
89, 32, 80, 0, 
89, 31, 80, 0, 
91, 27, 80, 0, 
92, 31, 80, 0, 
93, 33, 80, 0, 
94, 33, 80, 0, 
94, 36, 80, 0, 
94, 40, 80, 0, 
95, 38, 80, 0, 
97, 39, 80, 0, 
108, 43, 80, 0, 
128, 44, 80, 0, 
153, 44, 80, 34, 
177, 43, 80, 34, 
191, 48, 80, 34, 
193, 45, 80, 34, 
183, 37, 80, 34, 
166, 39, 80, 34, 
146, 35, 80, 34, 
125, 27, 80, 34, 
106, 25, 80, 34, 
93, 22, 80, 34, 
85, 21, 80, 34, 
82, 25, 80, 34, 
85, 22, 80, 34, 
90, 20, 80, 34, 
96, 19, 80, 34, 
102, 21, 80, 34, 
105, 21, 80, 34, 
106, 21, 80, 34, 
104, 25, 80, 34, 
100, 24, 80, 34, 
96, 25, 80, 34, 
92, 25, 80, 34, 
90, 27, 80, 34, 
89, 37, 80, 34, 
88, 42, 80, 34, 
89, 42, 80, 34, 
90, 40, 80, 34, 
92, 42, 80, 34, 
93, 49, 80, 34, 
94, 47, 80, 34, 
94, 43, 80, 34, 
95, 40, 80, 34, 
95, 38, 80, 34, 
95, 38, 80, 40, 
99, 37, 80, 40, 
111, 40, 80, 40, 
131, 41, 80, 40, 
155, 37, 80, 40, 
176, 31, 80, 40, 
188, 34, 80, 40, 
187, 34, 80, 40, 
177, 32, 80, 40, 
158, 26, 80, 40, 
138, 22, 80, 40, 
118, 21, 80, 40, 
101, 23, 80, 40, 
89, 25, 80, 40, 
83, 22, 80, 40, 
83, 25, 80, 40, 
86, 24, 80, 40, 
92, 26, 80, 40, 
98, 26, 80, 40, 
103, 27, 80, 40, 
106, 28, 80, 40, 
105, 29, 80, 40, 
103, 27, 80, 40, 
99, 25, 80, 40, 
96, 23, 80, 40, 
92, 21, 80, 40, 
90, 28, 80, 40, 
89, 37, 80, 40, 
89, 42, 80, 40, 
90, 38, 80, 40, 
91, 34, 80, 40, 
92, 33, 80, 40, 
94, 31, 80, 40, 
94, 36, 80, 40, 
94, 39, 80, 49, 
94, 45, 80, 49, 
94, 44, 80, 49, 
96, 42, 81, 49, 
105, 43, 81, 49, 
123, 44, 81, 49, 
147, 43, 81, 49, 
172, 51, 81, 49, 
188, 39, 81, 49, 
194, 34, 81, 49, 
187, 35, 81, 49, 
172, 35, 81, 49, 
152, 34, 81, 49, 
131, 31, 81, 49, 
112, 29, 81, 49, 
98, 28, 81, 49, 
89, 28, 81, 49, 
84, 28, 81, 49, 
83, 27, 81, 49, 
87, 27, 81, 49, 
93, 30, 81, 49, 
98, 29, 81, 49, 
103, 25, 81, 49, 
105, 26, 81, 49, 
104, 27, 81, 49, 
101, 28, 81, 49, 
98, 26, 81, 49, 
94, 27, 81, 49, 
91, 27, 81, 49, 
89, 30, 81, 49, 
89, 28, 81, 49, 
89, 27, 81, 49, 
90, 26, 81, 49, 
92, 25, 81, 49, 
93, 23, 81, 49, 
94, 19, 81, 49, 
95, 21, 81, 49, 
96, 29, 81, 49, 
95, 34, 81, 49, 
95, 34, 81, 49, 
102, 38, 81, 62, 
115, 41, 81, 62, 
138, 49, 81, 62, 
163, 53, 81, 62, 
183, 47, 81, 62, 
191, 43, 81, 62, 
188, 41, 81, 62, 
176, 39, 81, 62, 
156, 39, 81, 62, 
136, 39, 81, 62, 
117, 38, 81, 62, 
100, 36, 81, 62, 
89, 36, 81, 62, 
84, 38, 81, 62, 
83, 35, 81, 62, 
85, 34, 81, 62, 
91, 32, 81, 62, 
96, 31, 81, 62, 
101, 29, 81, 62, 
103, 30, 81, 62, 
103, 30, 81, 62, 
100, 28, 81, 62, 
98, 28, 81, 62, 
94, 27, 81, 62, 
92, 28, 81, 62, 
89, 27, 81, 62, 
89, 26, 81, 62, 
89, 28, 81, 62, 
89, 26, 81, 62, 
91, 28, 81, 62, 
92, 28, 81, 62, 
94, 28, 81, 62, 
95, 27, 81, 62, 
94, 29, 81, 62, 
95, 29, 81, 62, 
94, 29, 81, 62, 
94, 28, 81, 62, 
100, 28, 81, 62, 
114, 28, 81, 62, 
135, 27, 81, 62, 
161, 24, 81, 62, 
183, 27, 81, 62, 
191, 30, 81, 82, 
189, 26, 81, 82, 
177, 23, 81, 82, 
157, 21, 81, 82, 
137, 31, 81, 82, 
117, 39, 81, 82, 
101, 42, 81, 82, 
89, 39, 81, 82, 
84, 40, 81, 82, 
83, 40, 81, 82, 
86, 44, 81, 82, 
92, 43, 81, 82, 
97, 42, 81, 82, 
102, 47, 81, 82, 
104, 38, 81, 82, 
104, 38, 81, 82, 
102, 36, 81, 82, 
98, 37, 81, 82, 
95, 36, 81, 82, 
92, 36, 81, 82, 
90, 36, 81, 82, 
89, 33, 81, 82, 
88, 33, 81, 82, 
89, 34, 81, 82, 
90, 34, 81, 82, 
92, 32, 81, 82, 
93, 29, 81, 82, 
94, 30, 81, 82, 
95, 31, 81, 82, 
94, 26, 81, 82, 
94, 24, 81, 82, 
95, 24, 81, 82, 
101, 25, 81, 82, 
115, 27, 81, 82, 
137, 26, 81, 82, 
162, 26, 81, 82, 
182, 28, 81, 82, 
191, 26, 81, 82, 
187, 27, 81, 82, 
173, 26, 81, 82, 
155, 24, 81, 82, 
134, 23, 81, 82, 
113, 27, 81, 82, 
98, 28, 81, 82, 
87, 32, 81, 82, 
82, 32, 81, 82, 
82, 38, 81, 82, 
85, 40, 81, 82, 
91, 41, 81, 82, 
97, 39, 81, 82, 
102, 45, 81, 75, 
103, 47, 81, 75, 
103, 46, 81, 75, 
100, 43, 81, 75, 
97, 41, 81, 75, 
93, 38, 81, 75, 
90, 41, 81, 75, 
88, 38, 81, 75, 
87, 34, 81, 75, 
87, 32, 81, 75, 
88, 27, 81, 75, 
90, 26, 81, 75, 
91, 24, 81, 75, 
93, 23, 81, 75, 
94, 23, 81, 75, 
95, 22, 81, 75, 
95, 22, 81, 75, 
94, 22, 81, 75, 
94, 27, 81, 75, 
96, 29, 81, 75, 
107, 29, 81, 75, 
127, 27, 81, 75, 
152, 25, 81, 75, 
178, 27, 81, 75, 
193, 32, 81, 75, 
196, 38, 81, 75, 
188, 43, 81, 75, 
170, 43, 81, 75, 
148, 41, 81, 75, 
127, 40, 81, 75, 
108, 40, 81, 75, 
93, 39, 81, 75, 
85, 37, 81, 75, 
81, 38, 81, 75, 
82, 38, 81, 75, 
87, 37, 81, 74, 
93, 37, 81, 74, 
98, 36, 81, 74, 
101, 31, 81, 74, 
103, 29, 81, 74, 
101, 32, 81, 74, 
99, 30, 81, 74, 
96, 29, 81, 74, 
93, 28, 81, 74, 
90, 26, 81, 74, 
88, 27, 81, 74, 
87, 29, 81, 74, 
88, 27, 81, 74, 
88, 28, 81, 74, 
90, 27, 81, 74, 
91, 27, 81, 74, 
92, 28, 81, 74, 
93, 30, 81, 74, 
94, 30, 81, 74, 
93, 28, 81, 74, 
93, 28, 81, 74, 
94, 24, 81, 74, 
98, 23, 81, 74, 
111, 23, 81, 74, 
134, 30, 81, 74, 
159, 36, 81, 74, 
182, 35, 81, 74, 
194, 36, 81, 74, 
195, 36, 81, 74, 
182, 38, 81, 74, 
164, 40, 81, 74, 
143, 41, 81, 74, 
122, 38, 81, 74, 
104, 38, 81, 74, 
90, 37, 81, 74, 
82, 38, 81, 74, 
80, 36, 81, 74, 
83, 37, 81, 74, 
87, 34, 81, 74, 
94, 35, 81, 74, 
98, 33, 81, 74, 
101, 32, 81, 74, 
103, 31, 81, 74, 
101, 28, 81, 74, 
99, 29, 81, 74, 
95, 31, 81, 74, 
91, 30, 81, 74, 
89, 28, 81, 74, 
87, 26, 81, 74, 
85, 27, 81, 74, 
86, 27, 81, 74, 
86, 27, 81, 74, 
88, 30, 81, 74, 
91, 29, 81, 74, 
92, 28, 81, 74, 
94, 27, 81, 74, 
95, 28, 81, 74, 
95, 30, 81, 74, 
94, 27, 81, 74, 
94, 26, 81, 74, 
97, 26, 81, 74, 
109, 28, 81, 74, 
130, 35, 81, 74, 
156, 38, 81, 74, 
180, 38, 81, 74, 
193, 39, 81, 74, 
194, 40, 81, 74, 
183, 37, 81, 74, 
164, 37, 81, 76, 
143, 36, 81, 76, 
121, 39, 81, 76, 
103, 39, 81, 76, 
89, 37, 81, 76, 
82, 35, 81, 76, 
80, 35, 81, 76, 
82, 34, 81, 76, 
87, 34, 81, 76, 
94, 32, 81, 76, 
99, 34, 81, 76, 
102, 32, 81, 76, 
102, 28, 81, 76, 
101, 28, 81, 76, 
99, 30, 81, 76, 
95, 30, 81, 76, 
92, 29, 81, 76, 
89, 30, 81, 76, 
88, 28, 81, 76, 
87, 26, 81, 76, 
87, 30, 81, 76, 
88, 29, 81, 76, 
90, 29, 81, 76, 
91, 29, 81, 76, 
92, 26, 81, 76, 
93, 29, 81, 76, 
94, 30, 81, 76, 
94, 30, 81, 76, 
94, 28, 80, 76, 
94, 25, 80, 76, 
97, 25, 80, 76, 
109, 23, 80, 76, 
129, 22, 80, 76, 
155, 30, 80, 76, 
178, 37, 80, 76, 
191, 43, 80, 76, 
191, 40, 80, 76, 
180, 39, 80, 78, 
162, 44, 80, 78, 
140, 44, 80, 78, 
118, 42, 80, 78, 
101, 38, 80, 78, 
88, 38, 80, 78, 
80, 37, 80, 78, 
79, 36, 80, 78, 
83, 35, 80, 78, 
90, 33, 80, 78, 
96, 32, 80, 78, 
102, 34, 80, 78, 
105, 32, 80, 78, 
105, 27, 80, 78, 
103, 30, 80, 78, 
98, 28, 80, 78, 
95, 28, 80, 78, 
92, 26, 80, 78, 
89, 28, 80, 78, 
88, 28, 80, 78, 
87, 26, 80, 78, 
88, 28, 80, 78, 
89, 29, 80, 78, 
90, 29, 80, 78, 
92, 29, 80, 78, 
93, 28, 80, 78, 
93, 29, 80, 78, 
93, 29, 80, 78, 
93, 26, 80, 78, 
94, 27, 79, 78, 
99, 28, 79, 78, 
114, 28, 79, 78, 
135, 29, 79, 78, 
160, 31, 79, 78, 
181, 32, 79, 78, 
190, 33, 79, 78, 
186, 38, 79, 78, 
173, 39, 79, 84, 
154, 38, 79, 84, 
132, 39, 79, 84, 
112, 39, 79, 84, 
95, 38, 79, 84, 
84, 38, 79, 84, 
79, 35, 79, 84, 
81, 35, 79, 84, 
85, 34, 79, 84, 
93, 34, 79, 84, 
98, 33, 79, 84, 
103, 32, 79, 84, 
105, 32, 79, 84, 
104, 34, 79, 84, 
102, 32, 79, 84, 
98, 31, 79, 84, 
95, 32, 79, 84, 
91, 30, 79, 84, 
89, 33, 79, 84, 
88, 32, 79, 84, 
88, 28, 79, 84, 
88, 29, 79, 84, 
90, 29, 79, 84, 
91, 28, 79, 84, 
93, 28, 79, 84, 
94, 28, 79, 84, 
94, 28, 79, 84, 
94, 29, 79, 84, 
94, 29, 79, 84, 
97, 31, 79, 84, 
107, 32, 79, 84, 
126, 32, 79, 84, 
152, 29, 79, 84, 
176, 28, 79, 84, 
192, 29, 79, 84, 
196, 31, 79, 84, 
187, 31, 79, 84, 
170, 32, 79, 84, 
148, 33, 79, 84, 
127, 34, 79, 84, 
108, 35, 79, 84, 
93, 38, 79, 84, 
84, 39, 79, 81, 
81, 37, 79, 81, 
83, 36, 79, 81, 
88, 36, 79, 81, 
94, 33, 79, 81, 
100, 33, 79, 81, 
104, 33, 79, 81, 
105, 32, 79, 81, 
103, 32, 79, 81, 
100, 33, 79, 81, 
97, 35, 79, 81, 
94, 34, 79, 81, 
91, 32, 79, 81, 
89, 33, 79, 81, 
88, 32, 79, 81, 
88, 32, 79, 81, 
90, 31, 79, 81, 
91, 29, 79, 81, 
92, 28, 79, 81, 
93, 27, 79, 81, 
94, 30, 79, 81, 
94, 28, 79, 81, 
93, 29, 79, 81, 
94, 30, 79, 81, 
98, 28, 80, 81, 
109, 31, 80, 81, 
131, 30, 80, 81, 
157, 30, 80, 81, 
180, 29, 80, 81, 
193, 26, 80, 81, 
195, 31, 80, 81, 
185, 33, 80, 81, 
167, 34, 80, 81, 
147, 32, 80, 81, 
125, 34, 80, 81, 
106, 36, 80, 81, 
92, 35, 80, 81, 
85, 36, 80, 81, 
82, 37, 80, 81, 
83, 36, 80, 81, 
88, 35, 80, 79, 
94, 33, 80, 79, 
99, 32, 80, 79, 
103, 31, 80, 79, 
103, 31, 80, 79, 
102, 31, 80, 79, 
99, 31, 80, 79, 
95, 34, 80, 79, 
93, 35, 80, 79, 
90, 34, 80, 79, 
89, 36, 80, 79, 
88, 36, 80, 79, 
88, 32, 80, 79, 
89, 30, 80, 79, 
90, 30, 80, 79, 
91, 29, 80, 79, 
92, 28, 80, 79, 
93, 28, 80, 79, 
94, 24, 80, 79, 
94, 25, 80, 79, 
94, 29, 80, 79, 
95, 30, 80, 79, 
102, 31, 80, 79, 
117, 33, 80, 79, 
141, 31, 80, 79, 
165, 30, 80, 79, 
185, 30, 80, 79, 
194, 29, 80, 79, 
189, 29, 80, 79, 
176, 30, 80, 79, 
156, 33, 80, 79, 
135, 34, 80, 79, 
115, 34, 80, 79, 
99, 35, 80, 79, 
88, 35, 80, 79, 
83, 36, 80, 79, 
83, 37, 80, 79, 
86, 35, 80, 79, 
93, 33, 80, 79, 
99, 32, 80, 79, 
104, 35, 80, 76, 
106, 33, 80, 76, 
105, 34, 80, 76, 
102, 34, 80, 76, 
98, 34, 80, 76, 
94, 33, 80, 76, 
91, 32, 80, 76, 
89, 34, 80, 76, 
88, 31, 80, 76, 
89, 30, 80, 76, 
89, 31, 80, 76, 
91, 30, 80, 76, 
92, 31, 80, 76, 
94, 31, 80, 76, 
95, 30, 80, 76, 
95, 30, 80, 76, 
94, 29, 80, 76, 
95, 29, 80, 76, 
96, 30, 80, 76, 
104, 29, 80, 76, 
120, 30, 80, 76, 
143, 28, 80, 76, 
166, 29, 80, 76, 
183, 27, 80, 76, 
189, 28, 80, 76, 
183, 29, 80, 76, 
168, 31, 80, 76, 
149, 37, 80, 76, 
128, 35, 80, 76, 
110, 36, 80, 76, 
95, 40, 80, 76, 
86, 39, 80, 76, 
82, 38, 80, 76, 
83, 37, 80, 76, 
89, 37, 80, 76, 
95, 34, 80, 76, 
101, 34, 80, 76, 
105, 35, 80, 76, 
106, 32, 80, 76, 
104, 33, 80, 76, 
101, 33, 80, 76, 
97, 32, 80, 76, 
94, 32, 80, 76, 
91, 33, 80, 76, 
89, 31, 80, 76, 
89, 29, 80, 76, 
89, 29, 80, 76, 
90, 32, 80, 76, 
91, 31, 80, 76, 
93, 30, 80, 76, 
94, 28, 80, 76, 
95, 28, 80, 76, 
94, 30, 80, 76, 
94, 31, 80, 76, 
95, 31, 80, 76, 
100, 31, 81, 76, 
113, 31, 81, 76, 
134, 29, 81, 76, 
159, 29, 81, 76, 
181, 29, 81, 76, 
193, 32, 81, 76, 
191, 34, 81, 76, 
180, 30, 81, 76, 
162, 33, 81, 76, 
141, 37, 81, 76, 
121, 36, 81, 76, 
104, 35, 81, 76, 
92, 37, 81, 76, 
85, 41, 81, 78, 
83, 38, 81, 78, 
85, 35, 81, 78, 
90, 33, 81, 78, 
95, 31, 81, 78, 
101, 33, 81, 78, 
104, 32, 81, 78, 
104, 33, 81, 78, 
102, 32, 81, 78, 
99, 32, 81, 78, 
95, 31, 81, 78, 
92, 31, 81, 78, 
90, 31, 81, 78, 
89, 31, 81, 78, 
89, 28, 81, 78, 
90, 29, 81, 78, 
91, 29, 81, 78, 
93, 30, 81, 78, 
94, 31, 81, 78, 
95, 29, 81, 78, 
95, 29, 81, 78, 
94, 29, 81, 78, 
95, 27, 81, 78, 
98, 29, 81, 78, 
107, 29, 81, 78, 
126, 29, 81, 78, 
151, 31, 81, 78, 
173, 31, 81, 78, 
189, 28, 81, 78, 
191, 31, 81, 78, 
183, 33, 81, 78, 
166, 32, 81, 78, 
147, 33, 81, 78, 
126, 36, 81, 78, 
108, 37, 81, 82, 
95, 37, 81, 82, 
86, 37, 81, 82, 
83, 36, 81, 82, 
83, 35, 81, 82, 
88, 37, 81, 82, 
94, 35, 81, 82, 
99, 34, 81, 82, 
102, 35, 81, 82, 
103, 35, 81, 82, 
102, 35, 81, 82, 
99, 36, 81, 82, 
96, 35, 81, 82, 
93, 33, 81, 82, 
90, 33, 81, 82, 
89, 32, 81, 82, 
88, 31, 81, 82, 
89, 32, 81, 82, 
90, 29, 81, 82, 
91, 28, 81, 82, 
93, 31, 81, 82, 
94, 28, 81, 82, 
95, 28, 81, 82, 
95, 29, 81, 82, 
95, 29, 81, 82, 
94, 27, 81, 82, 
96, 28, 81, 82, 
105, 28, 81, 82, 
124, 27, 81, 82, 
149, 25, 81, 82, 
172, 27, 81, 82, 
189, 27, 81, 82, 
191, 28, 81, 82, 
184, 26, 81, 82, 
167, 27, 81, 82, 
147, 35, 81, 82, 
126, 37, 81, 82, 
109, 37, 81, 82, 
94, 41, 81, 82, 
86, 43, 81, 82, 
82, 43, 81, 82, 
84, 41, 81, 82, 
89, 37, 81, 81, 
94, 37, 81, 81, 
100, 36, 81, 81, 
104, 37, 81, 81, 
104, 36, 81, 81, 
103, 35, 81, 81, 
99, 35, 81, 81, 
97, 37, 81, 81, 
93, 38, 81, 81, 
90, 33, 81, 81, 
89, 32, 81, 81, 
88, 28, 81, 81, 
89, 25, 81, 81, 
90, 26, 81, 81, 
91, 25, 81, 81, 
93, 24, 81, 81, 
94, 22, 81, 81, 
94, 22, 81, 81, 
94, 22, 81, 81, 
94, 21, 81, 81, 
94, 22, 81, 81, 
97, 20, 81, 81, 
106, 19, 81, 81, 
125, 30, 81, 81, 
150, 42, 81, 81, 
173, 41, 81, 81, 
188, 40, 81, 81, 
190, 42, 81, 81, 
181, 48, 81, 81, 
164, 54, 81, 81, 
144, 56, 81, 81, 
124, 43, 81, 81, 
105, 39, 81, 81, 
92, 37, 81, 81, 
84, 34, 81, 81, 
81, 27, 81, 83, 
84, 26, 81, 83, 
88, 21, 81, 83, 
94, 18, 81, 83, 
100, 21, 81, 83, 
103, 20, 81, 83, 
103, 19, 81, 83, 
102, 21, 81, 83, 
98, 22, 81, 83, 
95, 24, 81, 83, 
92, 33, 81, 83, 
89, 37, 81, 83, 
87, 37, 81, 83, 
87, 40, 81, 83, 
88, 41, 81, 83, 
89, 45, 81, 83, 
91, 47, 81, 83, 
92, 44, 81, 83, 
93, 44, 81, 83, 
94, 46, 81, 83, 
94, 46, 81, 83, 
94, 35, 81, 83, 
94, 25, 81, 83, 
95, 23, 81, 83, 
101, 22, 81, 83, 
116, 22, 81, 83, 
140, 23, 81, 89, 
166, 20, 81, 89, 
187, 19, 81, 89, 
197, 19, 81, 89, 
193, 20, 81, 89, 
180, 21, 81, 89, 
159, 27, 81, 89, 
137, 28, 81, 89, 
117, 30, 81, 89, 
100, 31, 81, 89, 
88, 45, 81, 89, 
82, 48, 81, 89, 
81, 50, 81, 89, 
84, 50, 81, 89, 
90, 46, 81, 89, 
95, 43, 81, 89, 
100, 37, 81, 89, 
102, 39, 81, 89, 
102, 38, 81, 89, 
100, 37, 81, 89, 
98, 29, 81, 89, 
94, 24, 81, 89, 
91, 25, 81, 89, 
89, 22, 81, 93, 
88, 23, 81, 93, 
87, 21, 81, 93, 
88, 21, 81, 93, 
89, 21, 81, 93, 
90, 21, 81, 93, 
92, 22, 81, 93, 
93, 20, 81, 93, 
93, 26, 81, 93, 
94, 36, 81, 93, 
93, 40, 81, 93, 
93, 38, 81, 93, 
94, 38, 81, 93, 
104, 41, 81, 93, 
121, 50, 81, 93, 
146, 50, 81, 93, 
172, 47, 81, 93, 
190, 42, 81, 93, 
196, 39, 81, 93, 
189, 36, 81, 93, 
173, 37, 81, 93, 
153, 34, 81, 93, 
132, 28, 81, 93, 
113, 25, 81, 93, 
97, 21, 81, 100, 
86, 21, 81, 100, 
81, 21, 81, 100, 
81, 22, 81, 100, 
84, 19, 81, 100, 
91, 19, 81, 100, 
96, 19, 81, 100, 
100, 20, 81, 100, 
102, 29, 81, 100, 
102, 39, 81, 100, 
100, 40, 81, 100, 
96, 35, 81, 100, 
93, 37, 81, 100, 
90, 44, 81, 100, 
88, 48, 81, 100, 
86, 44, 81, 100, 
85, 43, 81, 100, 
85, 43, 81, 100, 
87, 43, 81, 100, 
90, 37, 81, 100, 
92, 35, 81, 100, 
94, 31, 81, 100, 
95, 29, 81, 100, 
95, 28, 81, 100, 
94, 23, 81, 113, 
94, 23, 80, 113, 
95, 24, 80, 113, 
102, 23, 80, 113, 
118, 23, 80, 113, 
142, 22, 80, 113, 
169, 25, 80, 113, 
188, 23, 80, 113, 
195, 22, 80, 113, 
189, 31, 80, 113, 
174, 38, 80, 113, 
154, 37, 80, 113, 
132, 39, 80, 113, 
111, 42, 80, 113, 
96, 43, 80, 113, 
85, 49, 80, 113, 
80, 45, 80, 113, 
80, 40, 80, 113, 
84, 38, 80, 113, 
91, 38, 80, 113, 
96, 34, 80, 113, 
100, 33, 80, 113, 
102, 31, 80, 113, 
102, 28, 80, 113, 
100, 24, 80, 123, 
96, 22, 80, 123, 
93, 21, 80, 123, 
90, 23, 80, 123, 
88, 24, 80, 123, 
87, 25, 80, 123, 
87, 25, 80, 123, 
88, 27, 80, 123, 
89, 28, 80, 123, 
90, 27, 80, 123, 
92, 28, 80, 123, 
92, 33, 80, 123, 
93, 39, 80, 123, 
94, 42, 80, 123, 
93, 37, 80, 123, 
93, 38, 80, 123, 
95, 41, 80, 123, 
102, 41, 80, 123, 
118, 39, 80, 123, 
142, 38, 80, 123, 
167, 38, 80, 123, 
186, 38, 80, 123, 
194, 34, 80, 123, 
188, 32, 80, 123, 
172, 34, 80, 123, 
151, 30, 80, 125, 
128, 27, 80, 125, 
109, 24, 80, 125, 
93, 26, 80, 125, 
83, 23, 80, 125, 
79, 25, 80, 125, 
81, 26, 80, 125, 
86, 24, 80, 125, 
94, 24, 80, 125, 
100, 23, 80, 125, 
104, 23, 80, 125, 
105, 26, 80, 125, 
104, 29, 80, 125, 
101, 35, 80, 125, 
97, 35, 80, 125, 
93, 37, 80, 125, 
90, 40, 80, 125, 
88, 44, 80, 125, 
87, 42, 80, 125, 
87, 46, 80, 125, 
88, 43, 80, 125, 
89, 39, 80, 125, 
91, 39, 80, 125, 
92, 36, 80, 125, 
93, 32, 80, 125, 
93, 31, 80, 125, 
93, 30, 80, 121, 
93, 27, 80, 121, 
95, 27, 79, 121, 
105, 23, 79, 121, 
123, 24, 79, 121, 
148, 24, 79, 121, 
172, 24, 79, 121, 
186, 25, 79, 121, 
190, 30, 79, 121, 
181, 31, 79, 121, 
164, 33, 79, 121, 
143, 32, 79, 121, 
121, 31, 79, 121, 
102, 32, 79, 121, 
88, 32, 79, 121, 
81, 34, 79, 121, 
79, 37, 79, 121, 
83, 37, 79, 121, 
89, 37, 79, 121, 
95, 35, 79, 121, 
101, 40, 79, 121, 
105, 43, 79, 121, 
105, 42, 79, 121, 
103, 37, 79, 121, 
100, 33, 79, 121, 
96, 30, 79, 121, 
93, 29, 79, 120, 
90, 27, 79, 120, 
89, 24, 79, 120, 
88, 26, 79, 120, 
88, 26, 79, 120, 
89, 25, 79, 120, 
90, 24, 79, 120, 
92, 26, 79, 120, 
93, 26, 79, 120, 
94, 25, 79, 120, 
94, 27, 79, 120, 
94, 35, 79, 120, 
95, 39, 79, 120, 
101, 40, 79, 120, 
115, 41, 79, 120, 
139, 41, 79, 120, 
165, 43, 79, 120, 
185, 42, 79, 120, 
195, 39, 79, 120, 
193, 37, 79, 120, 
180, 37, 79, 120, 
159, 36, 79, 120, 
137, 32, 79, 120, 
117, 32, 79, 120, 
100, 30, 79, 120, 
87, 29, 79, 120, 
82, 27, 79, 118, 
82, 26, 79, 118, 
85, 27, 79, 118, 
91, 28, 79, 118, 
97, 28, 79, 118, 
102, 25, 79, 118, 
104, 27, 79, 118, 
104, 27, 79, 118, 
102, 27, 79, 118, 
98, 26, 79, 118, 
96, 28, 79, 118, 
92, 29, 79, 118, 
90, 29, 79, 118, 
88, 30, 79, 118, 
88, 36, 79, 118, 
89, 45, 79, 118, 
91, 42, 79, 118, 
92, 42, 79, 118, 
93, 44, 79, 118, 
94, 43, 79, 118, 
94, 41, 79, 118, 
94, 39, 79, 118, 
94, 38, 79, 118, 
95, 35, 80, 118, 
102, 31, 80, 118, 
119, 28, 80, 118, 
143, 23, 80, 118, 
169, 23, 80, 118, 
188, 23, 80, 118, 
195, 22, 80, 118, 
191, 23, 80, 118, 
177, 23, 80, 118, 
156, 24, 80, 118, 
136, 23, 80, 118, 
115, 22, 80, 118, 
99, 30, 80, 118, 
87, 37, 80, 118, 
82, 40, 80, 118, 
82, 44, 80, 118, 
86, 45, 80, 118, 
92, 45, 80, 118, 
97, 49, 80, 118, 
101, 50, 80, 118, 
103, 41, 80, 118, 
103, 35, 80, 118, 
101, 33, 80, 118, 
97, 31, 80, 118, 
94, 27, 80, 118, 
91, 27, 80, 118, 
90, 22, 80, 118, 
89, 23, 80, 117, 
88, 20, 80, 117, 
89, 21, 80, 117, 
89, 23, 80, 117, 
91, 23, 80, 117, 
92, 26, 80, 117, 
93, 28, 80, 117, 
94, 27, 80, 117, 
94, 28, 80, 117, 
94, 33, 80, 117, 
95, 37, 80, 117, 
97, 35, 80, 117, 
108, 32, 80, 117, 
128, 42, 80, 117, 
153, 51, 80, 117, 
177, 51, 80, 117, 
191, 43, 80, 117, 
193, 41, 80, 117, 
183, 42, 80, 117, 
166, 38, 80, 117, 
146, 32, 80, 117, 
125, 31, 80, 117, 
106, 28, 80, 117, 
93, 21, 80, 120, 
85, 19, 80, 120, 
82, 20, 80, 120, 
84, 22, 80, 120, 
90, 22, 80, 120, 
96, 23, 80, 120, 
102, 23, 80, 120, 
105, 23, 80, 120, 
106, 23, 80, 120, 
104, 28, 80, 120, 
100, 38, 80, 120, 
96, 43, 80, 120, 
92, 45, 80, 120, 
90, 49, 80, 120, 
89, 50, 80, 120, 
88, 45, 80, 120, 
89, 42, 80, 120, 
90, 37, 80, 120, 
92, 40, 80, 120, 
93, 37, 80, 120, 
94, 30, 80, 120, 
95, 22, 80, 120, 
95, 19, 80, 120, 
95, 22, 80, 120, 
95, 23, 80, 121, 
99, 26, 80, 121, 
111, 24, 80, 121, 
131, 24, 80, 121, 
155, 21, 80, 121, 
176, 22, 80, 121, 
188, 26, 80, 121, 
187, 38, 80, 121, 
177, 39, 80, 121, 
158, 39, 80, 121, 
138, 39, 80, 121, 
118, 38, 80, 121, 
101, 46, 80, 121, 
89, 45, 80, 121, 
83, 41, 80, 121, 
83, 39, 80, 121, 
86, 42, 80, 121, 
92, 40, 80, 121, 
98, 31, 80, 121, 
103, 26, 80, 121, 
106, 22, 80, 121, 
105, 20, 80, 121, 
103, 18, 80, 121, 
99, 16, 80, 124, 
96, 18, 80, 124, 
92, 15, 80, 124, 
90, 18, 80, 124, 
89, 21, 80, 124, 
89, 32, 80, 124, 
90, 37, 80, 124, 
91, 34, 80, 124, 
92, 39, 80, 124, 
94, 47, 80, 124, 
94, 58, 80, 124, 
94, 57, 80, 124, 
94, 49, 80, 124, 
94, 45, 80, 124, 
96, 40, 81, 124, 
105, 37, 81, 124, 
123, 35, 81, 124, 
147, 29, 81, 124, 
171, 24, 81, 124, 
188, 19, 81, 124, 
194, 20, 81, 124, 
187, 22, 81, 128, 
172, 23, 81, 128, 
152, 24, 81, 128, 
131, 23, 81, 128, 
111, 25, 81, 128, 
98, 25, 81, 128, 
88, 27, 81, 128, 
83, 26, 81, 128, 
83, 27, 81, 128, 
87, 33, 81, 128, 
93, 45, 81, 128, 
98, 43, 81, 128, 
103, 38, 81, 128, 
105, 33, 81, 128, 
104, 31, 81, 128, 
101, 32, 81, 128, 
97, 31, 81, 128, 
94, 31, 81, 128, 
91, 38, 81, 128, 
89, 35, 81, 128, 
89, 33, 81, 128, 
89, 30, 81, 128, 
90, 30, 81, 128, 
92, 33, 81, 131, 
93, 34, 81, 131, 
94, 33, 81, 131, 
95, 45, 81, 131, 
95, 36, 81, 131, 
95, 32, 81, 131, 
95, 35, 81, 131, 
102, 33, 81, 131, 
115, 31, 81, 131, 
138, 29, 81, 131, 
164, 34, 81, 131, 
183, 36, 81, 131, 
191, 31, 81, 131, 
188, 31, 81, 131, 
176, 33, 81, 131, 
156, 33, 81, 131, 
137, 32, 81, 131, 
117, 32, 81, 131, 
101, 31, 81, 131, 
89, 32, 81, 131, 
84, 31, 81, 131, 
83, 31, 81, 131, 
85, 32, 81, 131, 
91, 33, 81, 131, 
96, 31, 81, 131, 
101, 32, 81, 131, 
103, 34, 81, 131, 
103, 32, 81, 131, 
100, 33, 81, 131, 
97, 33, 81, 131, 
94, 33, 81, 131, 
92, 33, 81, 131, 
89, 33, 81, 131, 
89, 32, 81, 131, 
89, 32, 81, 131, 
89, 32, 81, 131, 
91, 32, 81, 131, 
92, 32, 81, 131, 
94, 32, 81, 131, 
95, 31, 81, 131, 
95, 31, 81, 131, 
95, 33, 81, 131, 
94, 34, 81, 131, 
94, 32, 81, 131, 
100, 31, 81, 131, 
114, 32, 81, 131, 
136, 31, 81, 131, 
162, 32, 81, 131, 
183, 33, 81, 131, 
191, 32, 81, 131, 
189, 34, 81, 131, 
177, 32, 81, 131, 
157, 31, 81, 131, 
137, 32, 81, 131, 
117, 33, 81, 131, 
101, 33, 81, 131, 
89, 31, 81, 131, 
83, 32, 81, 131, 
83, 31, 81, 131, 
86, 31, 81, 131, 
92, 31, 81, 131, 
97, 33, 81, 131, 
102, 31, 81, 131, 
104, 34, 81, 131, 
104, 33, 81, 131, 
102, 31, 81, 131, 
98, 32, 81, 131, 
95, 31, 81, 131, 
92, 31, 81, 131, 
90, 31, 81, 131, 
89, 33, 81, 131, 
88, 32, 81, 131, 
89, 33, 81, 131, 
90, 31, 81, 131, 
92, 33, 81, 131, 
93, 31, 81, 131, 
94, 31, 81, 131, 
95, 31, 81, 131, 
94, 32, 81, 131, 
94, 32, 81, 131, 
96, 32, 81, 131, 
101, 31, 81, 131, 
115, 32, 81, 131, 
137, 31, 81, 131, 
163, 31, 81, 131, 
182, 32, 81, 131, 
191, 31, 81, 131, 
187, 31, 81, 131, 
173, 33, 81, 131, 
155, 31, 81, 131, 
134, 31, 81, 131, 
113, 33, 81, 131, 
98, 32, 81, 131, 
87, 32, 81, 131, 
82, 33, 81, 131, 
82, 33, 81, 131, 
85, 31, 81, 131, 
91, 31, 81, 131, 
97, 32, 81, 131, 
102, 32, 81, 131, 
103, 31, 81, 131, 
103, 32, 81, 131, 
100, 31, 81, 131, 
97, 32, 81, 131, 
93, 33, 81, 131, 
90, 32, 81, 131, 
88, 31, 81, 131, 
87, 33, 81, 131, 
87, 33, 81, 131, 
88, 33, 81, 131, 
90, 31, 81, 131, 
91, 33, 81, 131, 
93, 33, 81, 131, 
94, 32, 81, 131, 
95, 31, 81, 131, 
95, 33, 81, 131, 
94, 31, 81, 131, 
94, 33, 81, 131, 
96, 33, 81, 131, 
108, 31, 81, 131, 
127, 31, 81, 131, 
153, 31, 81, 131, 
178, 34, 81, 131, 
194, 32, 81, 131, 
197, 33, 81, 131, 
188, 29, 81, 131, 
170, 32, 81, 131, 
149, 32, 81, 131, 
127, 34, 81, 131, 
108, 33, 81, 131, 
93, 32, 81, 131, 
85, 34, 81, 131, 
81, 32, 81, 131, 
82, 34, 81, 131, 
87, 34, 81, 131, 
93, 31, 81, 131, 
98, 33, 81, 131, 
101, 34, 81, 131, 
103, 31, 81, 131, 
101, 34, 81, 131, 
99, 33, 81, 131, 
96, 32, 81, 131, 
93, 31, 81, 131, 
90, 34, 81, 131, 
88, 31, 81, 131, 
87, 33, 81, 131, 
88, 32, 81, 131, 
88, 31, 81, 131, 
90, 33, 81, 131, 
91, 34, 81, 131, 
92, 32, 81, 131, 
93, 32, 81, 0, 
94, 32, 81, 0, 
93, 35, 81, 0, 
93, 34, 81, 0, 
94, 36, 81, 0, 
98, 46, 81, 0, 
111, 41, 81, 0, 
133, 37, 81, 0, 
160, 45, 81, 0, 
183, 47, 81, 0, 
194, 42, 81, 0, 
195, 36, 81, 0, 
182, 32, 81, 0, 
164, 26, 81, 0, 
143, 17, 81, 0, 
122, 13, 81, 0, 
104, 10, 81, 0, 
90, 13, 81, 0, 
82, 15, 81, 0, 
80, 17, 81, 0, 
83, 26, 81, 0, 
87, 32, 81, 0, 
93, 36, 81, 0, 
98, 43, 81, 0, 
101, 52, 81, 0, 
103, 61, 81, 0, 
101, 67, 81, 0, 
98, 57, 81, 0, 
95, 49, 81, 0, 
91, 46, 81, 0, 
89, 41, 81, 0, 
87, 35, 81, 0, 
85, 28, 81, 0, 
85, 22, 81, 0, 
86, 15, 81, 0, 
88, 13, 81, 0, 
91, 14, 81, 0, 
92, 10, 81, 0, 
94, 7, 81, 0, 
95, 18, 81, 0, 
95, 27, 81, 0, 
94, 36, 81, 0, 
94, 40, 81, 0, 
97, 48, 81, 0, 
109, 56, 81, 0, 
130, 45, 81, 0, 
156, 43, 81, 0, 
180, 47, 81, 0, 
193, 48, 81, 0, 
194, 42, 81, 0, 
183, 38, 81, 0, 
165, 35, 81, 0, 
143, 35, 81, 0, 
121, 33, 81, 0, 
103, 28, 81, 0, 
89, 26, 81, 0, 
82, 22, 81, 0, 
80, 19, 81, 35, 
82, 18, 81, 35, 
87, 16, 81, 35, 
94, 15, 81, 35, 
99, 20, 81, 35, 
102, 28, 81, 35, 
102, 38, 81, 35, 
101, 39, 81, 35, 
98, 38, 81, 35, 
95, 42, 81, 35, 
92, 52, 81, 35, 
89, 60, 81, 35, 
88, 54, 81, 35, 
87, 46, 81, 35, 
87, 37, 81, 35, 
88, 34, 81, 35, 
90, 26, 81, 35, 
91, 26, 81, 35, 
92, 18, 81, 35, 
93, 21, 81, 35, 
94, 19, 81, 35, 
94, 18, 81, 35, 
94, 21, 80, 43, 
94, 26, 80, 43, 
97, 30, 80, 43, 
109, 34, 80, 43, 
129, 35, 80, 43, 
155, 37, 80, 43, 
178, 43, 80, 43, 
191, 49, 80, 43, 
191, 51, 80, 43, 
180, 50, 80, 43, 
162, 46, 80, 43, 
140, 43, 80, 43, 
118, 37, 80, 43, 
101, 37, 80, 43, 
88, 31, 80, 43, 
80, 23, 80, 43, 
79, 20, 80, 43, 
83, 18, 80, 43, 
90, 17, 80, 43, 
96, 18, 80, 43, 
102, 18, 80, 43, 
105, 23, 80, 57, 
105, 28, 80, 57, 
103, 36, 80, 57, 
98, 42, 80, 57, 
95, 43, 80, 57, 
92, 44, 80, 57, 
89, 47, 80, 57, 
88, 50, 80, 57, 
87, 47, 80, 57, 
88, 42, 80, 57, 
89, 41, 80, 57, 
90, 35, 80, 57, 
92, 28, 80, 57, 
93, 24, 80, 57, 
93, 23, 80, 57, 
93, 19, 80, 57, 
93, 19, 80, 57, 
94, 18, 79, 57, 
99, 17, 79, 57, 
114, 19, 79, 82, 
135, 22, 79, 82, 
160, 35, 79, 82, 
181, 40, 79, 82, 
190, 39, 79, 82, 
186, 42, 79, 82, 
173, 51, 79, 82, 
154, 53, 79, 82, 
132, 48, 79, 82, 
112, 47, 79, 82, 
95, 45, 79, 82, 
84, 40, 79, 82, 
79, 34, 79, 82, 
81, 30, 79, 82, 
85, 25, 79, 82, 
93, 25, 79, 82, 
98, 26, 79, 82, 
103, 20, 79, 82, 
105, 19, 79, 82, 
104, 19, 79, 148, 
102, 20, 79, 148, 
98, 19, 79, 148, 
95, 22, 79, 148, 
91, 29, 79, 148, 
89, 39, 79, 148, 
88, 51, 79, 148, 
88, 46, 79, 148, 
88, 42, 79, 148, 
90, 51, 79, 148, 
91, 53, 79, 148, 
93, 44, 79, 148, 
94, 39, 79, 148, 
94, 36, 79, 148, 
94, 33, 79, 148, 
94, 28, 79, 148, 
97, 24, 79, 148, 
107, 20, 79, 148, 
126, 21, 79, 148, 
152, 18, 79, 148, 
176, 17, 79, 148, 
192, 16, 79, 148, 
196, 22, 79, 148, 
187, 29, 79, 148, 
170, 37, 79, 148, 
149, 38, 79, 148, 
127, 35, 79, 148, 
108, 34, 79, 148, 
93, 42, 79, 148, 
84, 44, 79, 148, 
81, 46, 79, 148, 
83, 46, 79, 148, 
88, 47, 79, 148, 
95, 47, 79, 148, 
100, 44, 79, 148, 
104, 40, 79, 148, 
105, 36, 79, 148, 
103, 32, 79, 148, 
100, 27, 79, 148, 
97, 24, 79, 148, 
94, 22, 79, 148, 
91, 22, 79, 150, 
89, 20, 79, 150, 
88, 17, 79, 150, 
88, 17, 79, 150, 
90, 21, 79, 150, 
91, 25, 79, 150, 
92, 27, 79, 150, 
93, 28, 79, 150, 
94, 30, 79, 150, 
94, 32, 79, 150, 
93, 32, 79, 150, 
94, 33, 79, 150, 
98, 41, 80, 150, 
109, 48, 80, 150, 
131, 48, 80, 150, 
157, 44, 80, 150, 
180, 41, 80, 150, 
193, 47, 80, 150, 
195, 46, 80, 150, 
185, 42, 80, 150, 
167, 40, 80, 150, 
147, 41, 80, 150, 
125, 39, 80, 150, 
106, 33, 80, 147, 
92, 31, 80, 147, 
85, 27, 80, 147, 
82, 25, 80, 147, 
84, 22, 80, 147, 
88, 21, 80, 147, 
94, 19, 80, 147, 
99, 23, 80, 147, 
103, 21, 80, 147, 
103, 23, 80, 147, 
102, 25, 80, 147, 
99, 29, 80, 147, 
95, 29, 80, 147, 
93, 29, 80, 147, 
90, 31, 80, 147, 
89, 31, 80, 147, 
88, 27, 80, 147, 
88, 26, 80, 147, 
89, 37, 80, 147, 
90, 40, 80, 147, 
91, 36, 80, 147, 
92, 35, 80, 147, 
93, 36, 80, 147, 
94, 35, 80, 147, 
94, 37, 80, 147, 
94, 35, 80, 147, 
95, 37, 80, 147, 
102, 39, 80, 147, 
117, 40, 80, 135, 
141, 44, 80, 135, 
165, 41, 80, 135, 
185, 38, 80, 135, 
194, 36, 80, 135, 
189, 39, 80, 135, 
176, 41, 80, 135, 
157, 40, 80, 135, 
135, 35, 80, 135, 
115, 35, 80, 135, 
99, 35, 80, 135, 
88, 33, 80, 135, 
83, 29, 80, 135, 
84, 27, 80, 135, 
86, 26, 80, 135, 
93, 26, 80, 135, 
99, 23, 80, 135, 
104, 23, 80, 135, 
106, 22, 80, 135, 
105, 22, 80, 135, 
102, 18, 80, 135, 
99, 17, 80, 135, 
94, 24, 80, 135, 
91, 24, 80, 135, 
89, 26, 80, 135, 
88, 26, 80, 135, 
89, 29, 80, 135, 
89, 31, 80, 135, 
91, 31, 80, 135, 
92, 36, 80, 135, 
94, 39, 80, 135, 
95, 40, 80, 135, 
95, 37, 80, 135, 
95, 41, 80, 135, 
95, 42, 80, 135, 
96, 42, 80, 135, 
104, 44, 80, 135, 
120, 46, 80, 135, 
143, 47, 80, 135, 
166, 49, 80, 114, 
183, 43, 80, 114, 
189, 41, 80, 114, 
183, 40, 80, 114, 
168, 36, 80, 114, 
149, 33, 80, 114, 
128, 32, 80, 114, 
110, 26, 80, 114, 
95, 21, 80, 114, 
86, 19, 80, 114, 
82, 16, 80, 114, 
83, 15, 80, 114, 
89, 17, 80, 114, 
95, 13, 80, 114, 
101, 13, 80, 114, 
105, 14, 80, 114, 
106, 27, 80, 114, 
104, 48, 80, 114, 
101, 47, 80, 114, 
98, 40, 80, 114, 
94, 42, 80, 114, 
91, 50, 80, 114, 
89, 57, 80, 114, 
89, 54, 80, 114, 
89, 46, 80, 114, 
90, 41, 80, 114, 
91, 37, 80, 114, 
93, 36, 80, 114, 
94, 34, 80, 114, 
95, 25, 80, 114, 
94, 20, 80, 114, 
94, 19, 80, 105, 
94, 16, 80, 105, 
100, 17, 81, 105, 
113, 16, 81, 105, 
134, 21, 81, 105, 
159, 25, 81, 105, 
181, 35, 81, 105, 
192, 42, 81, 105, 
191, 49, 81, 105, 
180, 55, 81, 105, 
162, 58, 81, 105, 
141, 51, 81, 105, 
121, 45, 81, 105, 
104, 37, 81, 105, 
92, 39, 81, 105, 
85, 28, 81, 105, 
83, 20, 81, 105, 
85, 19, 81, 105, 
90, 16, 81, 105, 
95, 15, 81, 105, 
101, 13, 81, 105, 
104, 20, 81, 105, 
104, 30, 81, 105, 
102, 37, 81, 104, 
99, 42, 81, 104, 
96, 40, 81, 104, 
92, 44, 81, 104, 
90, 56, 81, 104, 
89, 59, 81, 104, 
89, 47, 81, 104, 
90, 42, 81, 104, 
91, 40, 81, 104, 
93, 30, 81, 104, 
94, 23, 81, 104, 
95, 20, 81, 104, 
95, 18, 81, 104, 
95, 16, 81, 104, 
95, 16, 81, 104, 
98, 17, 81, 104, 
107, 18, 81, 104, 
126, 27, 81, 104, 
151, 40, 81, 107, 
173, 38, 81, 107, 
189, 40, 81, 107, 
191, 53, 81, 107, 
183, 59, 81, 107, 
166, 49, 81, 107, 
147, 42, 81, 107, 
126, 43, 81, 107, 
108, 37, 81, 107, 
95, 32, 81, 107, 
86, 25, 81, 107, 
83, 21, 81, 107, 
83, 18, 81, 107, 
88, 18, 81, 107, 
94, 17, 81, 107, 
99, 16, 81, 107, 
102, 20, 81, 107, 
103, 36, 81, 117, 
102, 48, 81, 117, 
99, 50, 81, 117, 
96, 49, 81, 117, 
93, 46, 81, 117, 
90, 45, 81, 117, 
89, 47, 81, 117, 
88, 45, 81, 117, 
89, 34, 81, 117, 
90, 29, 81, 117, 
91, 26, 81, 117, 
93, 20, 81, 117, 
94, 16, 81, 117, 
95, 18, 81, 117, 
95, 14, 81, 117, 
95, 21, 81, 117, 
94, 29, 81, 117, 
96, 35, 81, 117, 
106, 46, 81, 117, 
124, 52, 81, 138, 
149, 48, 81, 138, 
172, 51, 81, 138, 
189, 48, 81, 138, 
191, 39, 81, 138, 
184, 36, 81, 138, 
167, 32, 81, 138, 
147, 27, 81, 138, 
126, 21, 81, 138, 
109, 19, 81, 138, 
94, 22, 81, 138, 
86, 20, 81, 138, 
82, 22, 81, 138, 
84, 26, 81, 138, 
89, 37, 81, 138, 
95, 40, 81, 138, 
100, 43, 81, 161, 
104, 42, 81, 161, 
104, 42, 81, 161, 
103, 50, 81, 161, 
99, 47, 81, 161, 
97, 42, 81, 161, 
93, 41, 81, 161, 
90, 35, 81, 161, 
89, 28, 81, 161, 
88, 23, 81, 161, 
89, 19, 81, 161, 
90, 19, 81, 161, 
91, 20, 81, 161, 
93, 19, 81, 161, 
94, 18, 81, 161, 
94, 29, 81, 161, 
94, 35, 81, 161, 
94, 38, 81, 172, 
94, 47, 81, 172, 
97, 50, 81, 172, 
107, 51, 81, 172, 
125, 55, 81, 172, 
150, 49, 81, 172, 
173, 41, 81, 172, 
188, 37, 81, 172, 
190, 31, 81, 172, 
181, 27, 81, 172, 
164, 20, 81, 172, 
144, 19, 81, 172, 
124, 20, 81, 172, 
105, 14, 81, 172, 
92, 14, 81, 172, 
84, 30, 81, 172, 
81, 43, 81, 176, 
83, 47, 81, 176, 
88, 45, 81, 176, 
94, 54, 81, 176, 
100, 55, 81, 176, 
103, 47, 81, 176, 
103, 39, 81, 176, 
102, 40, 81, 176, 
98, 29, 81, 176, 
95, 20, 81, 176, 
92, 19, 81, 176, 
89, 19, 81, 176, 
87, 13, 81, 176, 
87, 12, 81, 176, 
88, 19, 81, 176, 
89, 30, 81, 176, 
91, 43, 81, 176, 
92, 45, 81, 176, 
93, 47, 81, 174, 
94, 47, 81, 174, 
94, 42, 81, 174, 
94, 36, 81, 174, 
94, 36, 81, 174, 
95, 33, 81, 174, 
101, 31, 81, 174, 
116, 29, 81, 174, 
140, 29, 81, 174, 
166, 31, 81, 174, 
187, 32, 81, 174, 
197, 33, 81, 174, 
193, 32, 81, 174, 
180, 30, 81, 174, 
159, 33, 81, 174, 
137, 31, 81, 174, 
117, 53, 81, 180, 
100, 34, 81, 180, 
88, 31, 81, 180, 
82, 32, 81, 180, 
81, 33, 81, 180, 
84, 32, 81, 180, 
90, 33, 81, 180, 
95, 33, 81, 180, 
100, 32, 81, 180, 
102, 34, 81, 180, 
102, 33, 81, 180, 
100, 31, 81, 180, 
98, 32, 81, 180, 
94, 32, 81, 180, 
91, 32, 81, 180, 
89, 33, 81, 180, 
88, 33, 81, 180, 
87, 33, 81, 180, 
88, 34, 81, 180, 
89, 33, 81, 180, 
90, 31, 81, 180, 
92, 33, 81, 180, 
93, 31, 81, 180, 
93, 31, 81, 180, 
94, 31, 81, 180, 
93, 31, 81, 180, 
93, 32, 81, 180, 
95, 31, 81, 180, 
104, 33, 81, 180, 
121, 33, 81, 180, 
146, 33, 81, 180, 
172, 32, 81, 180, 
190, 32, 81, 180, 
197, 31, 81, 180, 
190, 33, 81, 180, 
174, 31, 81, 180, 
153, 32, 81, 180, 
132, 31, 81, 180, 
113, 32, 81, 180, 
97, 32, 81, 180, 
86, 32, 81, 180, 
81, 32, 81, 180, 
81, 32, 81, 180, 
84, 32, 81, 180, 
91, 31, 81, 180, 
96, 31, 81, 180, 
100, 34, 81, 180, 
102, 32, 81, 180, 
102, 31, 81, 180, 
100, 33, 81, 180, 
97, 32, 81, 180, 
93, 32, 81, 180, 
90, 32, 81, 180, 
88, 33, 81, 180, 
86, 32, 81, 180, 
85, 32, 81, 180, 
85, 32, 81, 180, 
87, 32, 81, 180, 
90, 32, 81, 180, 
92, 33, 81, 180, 
94, 32, 81, 180, 
95, 32, 81, 180, 
95, 32, 81, 180, 
94, 32, 81, 180, 
94, 32, 80, 180, 
95, 33, 80, 180, 
102, 34, 80, 180, 
118, 32, 80, 180, 
143, 32, 80, 180, 
169, 31, 80, 180, 
188, 32, 80, 180, 
194, 32, 80, 180, 
189, 32, 80, 180, 
174, 32, 80, 180, 
154, 32, 80, 180, 
132, 33, 80, 180, 
112, 32, 80, 180, 
96, 32, 80, 180, 
85, 33, 80, 180, 
80, 32, 80, 180, 
80, 31, 80, 180, 
84, 32, 80, 180, 
91, 33, 80, 180, 
96, 32, 80, 180, 
100, 32, 80, 180, 
102, 31, 80, 180, 
102, 32, 80, 180, 
100, 32, 80, 180, 
97, 32, 80, 180, 
93, 32, 80, 180, 
90, 32, 80, 180, 
88, 32, 80, 180, 
87, 31, 80, 180, 
87, 31, 80, 180, 
88, 32, 80, 180, 
89, 32, 80, 180, 
90, 31, 80, 180, 
92, 32, 80, 180, 
92, 32, 80, 180, 
93, 33, 80, 180, 
94, 31, 80, 180, 
93, 32, 80, 180, 
93, 32, 80, 180, 
95, 32, 80, 180, 
102, 31, 80, 180, 
118, 32, 80, 180, 
142, 31, 80, 180, 
167, 32, 80, 180, 
186, 32, 80, 180, 
194, 32, 80, 180, 
188, 31, 80, 180, 
172, 32, 80, 180, 
151, 32, 80, 180, 
128, 32, 80, 180, 
109, 32, 80, 180, 
93, 32, 80, 180, 
83, 32, 80, 180, 
79, 33, 80, 180, 
81, 32, 80, 180, 
86, 32, 80, 180, 
93, 33, 80, 180, 
100, 31, 80, 180, 
104, 33, 80, 180, 
105, 33, 80, 180, 
104, 33, 80, 180, 
101, 32, 80, 180, 
98, 32, 80, 180, 
93, 32, 80, 180, 
90, 31, 80, 180, 
88, 32, 80, 180, 
87, 32, 80, 180, 
87, 32, 80, 180, 
88, 32, 80, 180, 
89, 32, 80, 180, 
91, 32, 80, 180, 
92, 32, 80, 180, 
93, 31, 80, 180, 
93, 32, 80, 180, 
93, 33, 80, 180, 
93, 33, 80, 180, 
96, 32, 79, 180, 
106, 31, 79, 180, 
124, 32, 79, 180, 
148, 31, 79, 180, 
172, 33, 79, 180, 
186, 32, 79, 180, 
190, 33, 79, 180, 
181, 32, 79, 180, 
164, 31, 79, 180, 
143, 33, 79, 180, 
121, 32, 79, 180, 
102, 33, 79, 180, 
89, 33, 79, 180, 
81, 32, 79, 180, 
79, 34, 79, 180, 
83, 32, 79, 180, 
89, 32, 79, 180, 
95, 33, 79, 180, 
101, 33, 79, 180, 
105, 32, 79, 180, 
105, 33, 79, 180, 
103, 31, 79, 0, 
100, 32, 79, 0, 
97, 32, 79, 0, 
93, 31, 79, 0, 
90, 31, 79, 0, 
89, 32, 79, 0, 
88, 32, 79, 0, 
88, 33, 79, 0, 
89, 32, 79, 0, 
90, 33, 79, 0, 
92, 31, 79, 0, 
93, 32, 79, 0, 
94, 33, 79, 0, 
94, 32, 79, 0, 
94, 32, 79, 0, 
95, 32, 79, 0, 
101, 32, 79, 0, 
116, 31, 79, 0, 
139, 33, 79, 0, 
165, 32, 79, 0, 
185, 32, 79, 0, 
196, 33, 79, 0, 
193, 32, 79, 0, 
180, 32, 79, 0, 
159, 33, 79, 0, 
137, 33, 79, 0, 
117, 32, 79, 0, 
100, 32, 79, 0, 
88, 33, 79, 0, 
82, 32, 79, 0, 
82, 31, 79, 0, 
85, 34, 79, 0, 
91, 32, 79, 0, 
97, 32, 79, 0, 
102, 33, 79, 0, 
104, 32, 79, 0, 
104, 32, 79, 0, 
102, 32, 79, 0, 
99, 32, 79, 0, 
96, 33, 79, 0, 
92, 32, 79, 0, 
90, 32, 79, 0, 
88, 32, 79, 0, 
88, 32, 79, 0, 
89, 33, 79, 0, 
91, 33, 79, 0, 
92, 33, 79, 0, 
93, 32, 79, 0, 
94, 31, 79, 0, 
94, 33, 79, 0, 
94, 32, 79, 0, 
94, 32, 79, 0, 
95, 32, 80, 0, 
102, 32, 80, 0, 
119, 32, 80, 0, 
143, 31, 80, 0, 
169, 32, 80, 0, 
188, 32, 80, 0, 
195, 33, 80, 0, 
191, 31, 80, 0, 
177, 32, 80, 0, 
156, 33, 80, 0, 
136, 33, 80, 0, 
115, 32, 80, 0, 
99, 32, 80, 0, 
87, 32, 80, 0, 
82, 33, 80, 0, 
82, 33, 80, 0, 
86, 33, 80, 0, 
92, 32, 80, 0, 
97, 32, 80, 0, 
101, 32, 80, 0, 
103, 33, 80, 0, 
103, 33, 80, 0, 
101, 32, 80, 0, 
98, 32, 80, 0, 
94, 32, 80, 0, 
91, 32, 80, 0, 
90, 33, 80, 0, 
89, 33, 80, 0, 
88, 33, 80, 0, 
89, 33, 80, 0, 
89, 31, 80, 0, 
91, 32, 80, 0, 
92, 32, 80, 0, 
93, 31, 80, 0, 
94, 32, 80, 0, 
94, 33, 80, 0, 
94, 31, 80, 0, 
95, 33, 80, 0, 
97, 32, 80, 0, 
108, 32, 80, 0, 
128, 32, 80, 0, 
153, 33, 80, 0, 
177, 32, 80, 0, 
191, 32, 80, 0, 
193, 32, 80, 0, 
183, 32, 80, 0, 
166, 32, 80, 0, 
146, 32, 80, 0, 
125, 32, 80, 0, 
106, 32, 80, 0, 
93, 33, 80, 0, 
85, 32, 80, 0, 
82, 32, 80, 0, 
84, 34, 80, 0, 
90, 32, 80, 0, 
96, 32, 80, 0, 
102, 33, 80, 0, 
105, 32, 80, 0, 
106, 32, 80, 0, 
104, 32, 80, 0, 
100, 31, 80, 0, 
96, 33, 80, 0, 
92, 32, 80, 0, 
90, 32, 80, 0, 
89, 32, 80, 0, 
88, 32, 80, 0, 
89, 32, 80, 0, 
90, 34, 80, 0, 
92, 32, 80, 0, 
93, 34, 80, 0, 
94, 33, 80, 0, 
95, 32, 80, 0, 
95, 33, 80, 0, 
95, 32, 80, 0, 
95, 32, 80, 0, 
99, 33, 80, 0, 
111, 32, 80, 0, 
131, 33, 80, 0, 
155, 33, 80, 0, 
176, 32, 80, 0, 
188, 33, 80, 0, 
187, 32, 80, 0, 
177, 33, 80, 0, 
158, 32, 80, 0, 
138, 32, 80, 0, 
118, 32, 80, 0, 
101, 32, 80, 0, 
89, 33, 80, 0, 
83, 33, 80, 0, 
83, 33, 80, 0, 
86, 32, 80, 0, 
92, 32, 80, 0, 
98, 32, 80, 0, 
103, 32, 80, 0, 
106, 32, 80, 0, 
105, 32, 80, 0, 
103, 32, 80, 0, 
99, 32, 80, 0, 
96, 32, 80, 0, 
92, 32, 80, 0, 
90, 32, 80, 0, 
89, 32, 80, 0, 
89, 32, 80, 0, 
90, 32, 80, 0, 
91, 33, 80, 0, 
92, 32, 80, 0, 
94, 31, 80, 0, 
94, 32, 80, 0, 
94, 32, 80, 0, 
94, 32, 80, 0, 
94, 32, 80, 0, 
96, 33, 81, 0, 
105, 33, 81, 0, 
123, 32, 81, 0, 
147, 32, 81, 0, 
172, 33, 81, 0, 
188, 33, 81, 0, 
194, 32, 81, 0, 
187, 31, 81, 0, 
172, 33, 81, 0, 
