112.0,31.0,-6.0,9.0
110.0,30.0,-4.0,7.0
108.0,30.0,-5.0,7.0
107.0,31.0,-3.0,7.0
107.0,30.0,-3.0,9.0
108.0,32.0,-3.0,7.0
109.0,34.0,-2.0,8.0
109.0,34.0,-1.0,7.0
115.0,37.0,-3.0,3.0
118.0,39.0,-4.0,1.0
114.0,39.0,-6.0,-1.0
109.0,35.0,-7.0,-2.0
106.0,32.0,-7.0,0.0
104.0,29.0,-5.0,-1.0
105.0,28.0,-4.0,1.0
106.0,26.0,-3.0,1.0
107.0,25.0,0.0,-1.0
108.0,28.0,1.0,-1.0
111.0,28.0,1.0,1.0
114.0,31.0,1.0,0.0
118.0,32.0,1.0,0.0
123.0,32.0,1.0,1.0
128.0,33.0,0.0,2.0
131.0,34.0,-2.0,3.0
133.0,34.0,-5.0,3.0
132.0,32.0,-3.0,4.0
131.0,29.0,-2.0,3.0
128.0,28.0,-1.0,5.0
124.0,28.0,0.0,4.0
120.0,27.0,-1.0,3.0
117.0,28.0,0.0,1.0
114.0,29.0,2.0,0.0
112.0,30.0,2.0,2.0
111.0,33.0,2.0,3.0
112.0,33.0,0.0,4.0
112.0,33.0,0.0,5.0
114.0,31.0,-1.0,5.0
115.0,31.0,-2.0,4.0
116.0,31.0,0.0,4.0
116.0,29.0,-1.0,2.0
116.0,29.0,0.0,2.0
115.0,31.0,0.0,3.0
114.0,32.0,0.0,2.0
113.0,32.0,0.0,2.0
112.0,31.0,0.0,3.0
112.0,32.0,0.0,5.0
112.0,34.0,0.0,5.0
114.0,35.0,1.0,7.0
119.0,36.0,-1.0,4.0
128.0,39.0,-4.0,5.0
140.0,42.0,-6.0,3.0
152.0,39.0,-8.0,-2.0
162.0,36.0,-6.0,-2.0
169.0,34.0,-5.0,0.0
170.0,30.0,-3.0,-1.0
166.0,26.0,-4.0,-1.0
159.0,24.0,-3.0,0.0
150.0,25.0,-4.0,0.0
136.0,25.0,-4.0,1.0
123.0,26.0,-5.0,2.0
119.0,30.0,-5.0,2.0
118.0,32.0,-5.0,2.0
119.0,32.0,-4.0,2.0
121.0,33.0,-3.0,4.0
123.0,31.0,-3.0,4.0
125.0,29.0,-3.0,3.0
128.0,28.0,-6.0,2.0
129.0,29.0,-7.0,4.0
129.0,29.0,-7.0,2.0
128.0,30.0,-7.0,2.0
127.0,28.0,-5.0,2.0
125.0,29.0,-5.0,5.0
122.0,29.0,-6.0,4.0
120.0,30.0,-6.0,5.0
118.0,31.0,-6.0,6.0
117.0,30.0,-4.0,5.0
118.0,30.0,-6.0,5.0
122.0,32.0,-5.0,5.0
132.0,31.0,-5.0,5.0
147.0,29.0,-6.0,6.0
165.0,29.0,-6.0,5.0
180.0,30.0,-4.0,6.0
189.0,29.0,-4.0,6.0
189.0,31.0,-4.0,6.0
182.0,31.0,-4.0,6.0
170.0,30.0,-5.0,5.0
155.0,31.0,-3.0,6.0
139.0,30.0,-4.0,8.0
125.0,30.0,-4.0,9.0
115.0,32.0,-4.0,8.0
108.0,34.0,-3.0,9.0
105.0,37.0,-1.0,6.0
105.0,40.0,-3.0,3.0
108.0,40.0,-5.0,0.0
112.0,37.0,-5.0,-1.0
117.0,34.0,-4.0,0.0
121.0,31.0,-2.0,-2.0
125.0,30.0,-2.0,-1.0
128.0,26.0,0.0,0.0
129.0,27.0,0.0,0.0
128.0,28.0,1.0,0.0
126.0,27.0,0.0,0.0
122.0,30.0,2.0,0.0
118.0,31.0,0.0,0.0
114.0,31.0,0.0,0.0
111.0,32.0,-1.0,1.0
111.0,33.0,-1.0,2.0
118.0,34.0,-4.0,3.0
136.0,33.0,-5.0,4.0
160.0,29.0,-3.0,5.0
179.0,27.0,-3.0,5.0
191.0,27.0,-2.0,3.0
195.0,28.0,-1.0,2.0
190.0,27.0,0.0,1.0
178.0,27.0,2.0,2.0
161.0,29.0,1.0,0.0
142.0,31.0,3.0,2.0
123.0,33.0,2.0,3.0
108.0,32.0,0.0,3.0
97.0,34.0,0.0,4.0
91.0,33.0,0.0,4.0
90.0,31.0,-2.0,3.0
94.0,29.0,-2.0,5.0
101.0,28.0,0.0,3.0
108.0,28.0,-2.0,4.0
115.0,29.0,0.0,4.0
120.0,30.0,-2.0,3.0
122.0,32.0,-2.0,4.0
122.0,33.0,-1.0,4.0
119.0,34.0,-2.0,6.0
117.0,34.0,-1.0,7.0
113.0,38.0,-1.0,5.0
110.0,43.0,-5.0,4.0
108.0,43.0,-10.0,2.0
106.0,40.0,-11.0,1.0
106.0,36.0,-9.0,-1.0
109.0,31.0,-7.0,-2.0
118.0,28.0,-5.0,-1.0
134.0,25.0,-5.0,0.0
152.0,23.0,-5.0,0.0
169.0,21.0,-6.0,0.0
179.0,22.0,-6.0,-1.0
181.0,26.0,-5.0,0.0
174.0,29.0,-6.0,2.0
161.0,32.0,-9.0,1.0
145.0,33.0,-8.0,0.0
128.0,33.0,-10.0,2.0
114.0,33.0,-8.0,2.0
102.0,30.0,-7.0,2.0
96.0,30.0,-6.0,2.0
94.0,28.0,-6.0,3.0
96.0,28.0,-6.0,1.0
100.0,28.0,-6.0,1.0
106.0,27.0,-5.0,1.0
112.0,27.0,-6.0,3.0
116.0,28.0,-5.0,3.0
118.0,29.0,-6.0,2.0
118.0,31.0,-6.0,3.0
113.0,30.0,-6.0,2.0
106.0,30.0,-5.0,3.0
106.0,30.0,-6.0,3.0
108.0,30.0,-6.0,3.0
109.0,31.0,-4.0,3.0
109.0,31.0,-4.0,5.0
108.0,29.0,-6.0,5.0
110.0,29.0,-4.0,3.0
117.0,31.0,-5.0,4.0
129.0,31.0,-5.0,3.0
146.0,30.0,-5.0,5.0
162.0,32.0,-3.0,4.0
174.0,31.0,-5.0,6.0
178.0,31.0,-5.0,6.0
174.0,32.0,-5.0,6.0
163.0,34.0,-3.0,6.0
148.0,37.0,-2.0,6.0
132.0,39.0,-4.0,2.0
116.0,38.0,-6.0,1.0
103.0,35.0,-7.0,0.0
94.0,33.0,-5.0,-1.0
91.0,30.0,-1.0,-1.0
92.0,29.0,-1.0,0.0
97.0,27.0,1.0,0.0
104.0,26.0,1.0,0.0
111.0,26.0,0.0,0.0
117.0,27.0,2.0,-2.0
119.0,29.0,1.0,-1.0
119.0,31.0,2.0,-2.0
116.0,33.0,1.0,-2.0
112.0,33.0,0.0,-1.0
108.0,34.0,-4.0,2.0
105.0,35.0,-4.0,4.0
102.0,31.0,-7.0,3.0
100.0,30.0,-4.0,2.0
102.0,29.0,-2.0,3.0
108.0,28.0,-2.0,3.0
121.0,29.0,0.0,2.0
140.0,28.0,-1.0,0.0
162.0,28.0,1.0,0.0
181.0,29.0,0.0,0.0
191.0,30.0,1.0,1.0
191.0,32.0,-1.0,2.0
182.0,31.0,0.0,4.0
165.0,32.0,-1.0,2.0
146.0,32.0,-3.0,2.0
126.0,30.0,-2.0,4.0
108.0,31.0,-2.0,3.0
96.0,29.0,-2.0,3.0
88.0,30.0,-3.0,3.0
90.0,29.0,-3.0,4.0
98.0,30.0,-1.0,4.0
103.0,31.0,-3.0,3.0
107.0,33.0,-3.0,5.0
112.0,32.0,-3.0,5.0
116.0,32.0,-3.0,5.0
119.0,34.0,-3.0,8.0
120.0,36.0,-4.0,5.0
118.0,37.0,-3.0,6.0
116.0,38.0,-5.0,2.0
112.0,40.0,-7.0,1.0
108.0,39.0,-7.0,0.0
104.0,35.0,-6.0,-1.0
101.0,31.0,-4.0,1.0
101.0,28.0,-4.0,-1.0
107.0,25.0,-4.0,1.0
119.0,24.0,-6.0,1.0
139.0,24.0,-5.0,0.0
161.0,27.0,-6.0,2.0
181.0,29.0,-8.0,1.0
191.0,31.0,-9.0,3.0
193.0,31.0,-8.0,3.0
184.0,32.0,-9.0,3.0
168.0,33.0,-6.0,4.0
149.0,30.0,-7.0,4.0
129.0,29.0,-7.0,4.0
112.0,28.0,-7.0,3.0
99.0,28.0,-7.0,3.0
92.0,30.0,-6.0,5.0
89.0,28.0,-6.0,3.0
90.0,28.0,-6.0,5.0
95.0,28.0,-6.0,4.0
101.0,28.0,-6.0,6.0
107.0,30.0,-6.0,5.0
112.0,29.0,-5.0,6.0
116.0,29.0,-7.0,5.0
118.0,29.0,-5.0,6.0
117.0,31.0,-7.0,7.0
116.0,31.0,-8.0,7.0
113.0,30.0,-7.0,7.0
110.0,28.0,-6.0,5.0
106.0,29.0,-5.0,5.0
103.0,28.0,-6.0,7.0
100.0,30.0,-5.0,7.0
100.0,29.0,-5.0,5.0
106.0,31.0,-6.0,5.0
120.0,32.0,-4.0,7.0
141.0,31.0,-4.0,6.0
163.0,33.0,-5.0,9.0
181.0,32.0,-5.0,7.0
185.0,36.0,-3.0,8.0
177.0,36.0,-4.0,4.0
166.0,38.0,-4.0,3.0
151.0,38.0,-7.0,2.0
134.0,37.0,-7.0,1.0
116.0,33.0,-7.0,1.0
101.0,31.0,-5.0,0.0
92.0,26.0,-2.0,1.0
89.0,25.0,-3.0,1.0
91.0,25.0,-1.0,-1.0
97.0,27.0,-2.0,0.0
104.0,28.0,0.0,-2.0
109.0,28.0,1.0,0.0
113.0,31.0,0.0,-1.0
114.0,31.0,2.0,0.0
112.0,34.0,0.0,1.0
109.0,34.0,-1.0,0.0
105.0,36.0,-5.0,3.0
102.0,33.0,-8.0,3.0
100.0,30.0,-7.0,5.0
99.0,27.0,-3.0,2.0
101.0,27.0,-2.0,4.0
103.0,27.0,0.0,4.0
106.0,29.0,-1.0,2.0
113.0,28.0,0.0,2.0
125.0,28.0,0.0,0.0
143.0,29.0,3.0,-1.0
163.0,32.0,1.0,1.0
178.0,31.0,0.0,1.0
185.0,31.0,-2.0,3.0
182.0,31.0,-1.0,6.0
170.0,30.0,-3.0,4.0
153.0,29.0,-2.0,4.0
134.0,29.0,-2.0,5.0
116.0,31.0,-3.0,3.0
100.0,30.0,-2.0,3.0
89.0,32.0,0.0,5.0
84.0,32.0,0.0,5.0
86.0,31.0,0.0,6.0
93.0,33.0,-2.0,5.0
103.0,32.0,-1.0,5.0
114.0,34.0,-1.0,6.0
123.0,34.0,-1.0,7.0
128.0,38.0,-4.0,5.0
129.0,42.0,-6.0,5.0
126.0,41.0,-8.0,2.0
120.0,39.0,-11.0,1.0
113.0,34.0,-8.0,-1.0
109.0,28.0,-7.0,1.0
108.0,26.0,-4.0,0.0
111.0,23.0,-3.0,0.0
117.0,22.0,-5.0,-1.0
114.0,24.0,-5.0,0.0
111.0,28.0,-7.0,3.0
114.0,29.0,-7.0,3.0
126.0,31.0,-6.0,2.0
144.0,34.0,-6.0,2.0
163.0,33.0,-7.0,3.0
176.0,31.0,-6.0,4.0
181.0,30.0,-7.0,3.0
176.0,29.0,-7.0,5.0
163.0,29.0,-6.0,5.0
145.0,28.0,-6.0,3.0
125.0,30.0,-6.0,4.0
105.0,28.0,-7.0,4.0
89.0,29.0,-7.0,4.0
79.0,29.0,-5.0,5.0
75.0,28.0,-7.0,5.0
78.0,30.0,-7.0,4.0
87.0,29.0,-8.0,5.0
97.0,29.0,-8.0,6.0
108.0,29.0,-8.0,5.0
116.0,30.0,-8.0,4.0
122.0,28.0,-8.0,6.0
123.0,28.0,-7.0,4.0
121.0,28.0,-5.0,5.0
117.0,30.0,-7.0,5.0
112.0,29.0,-7.0,6.0
107.0,30.0,-5.0,5.0
103.0,32.0,-5.0,5.0
99.0,31.0,-5.0,5.0
96.0,33.0,-5.0,6.0
97.0,32.0,-5.0,7.0
105.0,32.0,-5.0,8.0
122.0,34.0,-5.0,8.0
146.0,35.0,-5.0,4.0
170.0,39.0,-6.0,2.0
189.0,39.0,-8.0,0.0
196.0,37.0,-10.0,1.0
192.0,34.0,-8.0,2.0
179.0,31.0,-4.0,0.0
160.0,28.0,-4.0,0.0
139.0,26.0,-3.0,1.0
118.0,28.0,-2.0,-1.0
101.0,27.0,-1.0,-1.0
87.0,29.0,-1.0,-2.0
80.0,28.0,0.0,-2.0
78.0,30.0,0.0,0.0
81.0,31.0,-1.0,-1.0
88.0,33.0,-1.0,1.0
93.0,34.0,-3.0,1.0
96.0,35.0,-5.0,3.0
105.0,33.0,-8.0,5.0
115.0,28.0,-8.0,4.0
126.0,28.0,-3.0,3.0
126.0,27.0,-1.0,4.0
123.0,29.0,-1.0,3.0
118.0,30.0,0.0,3.0
111.0,31.0,-1.0,2.0
103.0,30.0,1.0,2.0
96.0,32.0,1.0,2.0
92.0,31.0,0.0,3.0
95.0,31.0,-3.0,4.0
109.0,30.0,-2.0,4.0
133.0,30.0,-4.0,4.0
161.0,29.0,-4.0,6.0
185.0,30.0,-2.0,4.0
199.0,28.0,-3.0,5.0
199.0,29.0,-2.0,4.0
186.0,31.0,-3.0,3.0
165.0,32.0,-1.0,4.0
140.0,32.0,-1.0,7.0
116.0,32.0,-1.0,7.0
95.0,34.0,-3.0,8.0
81.0,35.0,-4.0,8.0
76.0,36.0,-3.0,7.0
78.0,38.0,-6.0,7.0
86.0,38.0,-6.0,5.0
99.0,40.0,-7.0,4.0
113.0,37.0,-9.0,3.0
127.0,34.0,-8.0,1.0
137.0,32.0,-7.0,2.0
143.0,29.0,-5.0,1.0
145.0,25.0,-5.0,1.0
141.0,26.0,-7.0,0.0
132.0,24.0,-7.0,1.0
121.0,25.0,-7.0,1.0
109.0,26.0,-6.0,4.0
99.0,28.0,-8.0,3.0
90.0,32.0,-8.0,3.0
85.0,33.0,-8.0,3.0
82.0,34.0,-6.0,4.0
85.0,31.0,-6.0,5.0
96.0,29.0,-6.0,5.0
119.0,28.0,-8.0,5.0
151.0,28.0,-8.0,4.0
184.0,29.0,-6.0,5.0
209.0,29.0,-7.0,6.0
219.0,27.0,-5.0,4.0
216.0,27.0,-4.0,6.0
202.0,29.0,-4.0,6.0
173.0,30.0,-4.0,5.0
139.0,31.0,-5.0,5.0
107.0,30.0,-5.0,6.0
83.0,30.0,-7.0,7.0
67.0,30.0,-7.0,6.0
61.0,29.0,-7.0,8.0
65.0,30.0,-6.0,7.0
76.0,30.0,-6.0,8.0
91.0,28.0,-7.0,8.0
107.0,30.0,-5.0,8.0
121.0,29.0,-5.0,6.0
129.0,29.0,-4.0,7.0
132.0,29.0,-4.0,5.0
130.0,31.0,-5.0,7.0
124.0,30.0,-3.0,7.0
116.0,31.0,-3.0,9.0
107.0,32.0,-5.0,7.0
100.0,34.0,-5.0,9.0
94.0,36.0,-3.0,5.0
90.0,40.0,-4.0,5.0
86.0,40.0,-5.0,1.0
86.0,38.0,-8.0,0.0
90.0,35.0,-6.0,0.0
103.0,30.0,-6.0,1.0
129.0,29.0,-4.0,1.0
163.0,27.0,-2.0,2.0
196.0,25.0,-1.0,2.0
218.0,27.0,-2.0,0.0
223.0,28.0,-1.0,1.0
213.0,30.0,1.0,1.0
190.0,31.0,1.0,0.0
159.0,31.0,-1.0,0.0
128.0,32.0,0.0,-1.0
100.0,35.0,-1.0,1.0
79.0,35.0,-5.0,5.0
67.0,34.0,-6.0,7.0
64.0,30.0,-7.0,6.0
70.0,26.0,-5.0,6.0
83.0,26.0,-2.0,4.0
100.0,27.0,-2.0,4.0
115.0,29.0,-3.0,3.0
126.0,30.0,-1.0,2.0
130.0,31.0,0.0,3.0
128.0,31.0,1.0,3.0
123.0,32.0,1.0,3.0
115.0,32.0,-1.0,3.0
107.0,32.0,-2.0,4.0
100.0,32.0,-3.0,4.0
92.0,30.0,-4.0,5.0
83.0,29.0,-2.0,5.0
84.0,30.0,-2.0,6.0
88.0,30.0,-3.0,4.0
94.0,31.0,-2.0,4.0
101.0,31.0,-2.0,5.0
113.0,30.0,-2.0,4.0
133.0,32.0,-3.0,6.0
159.0,33.0,-3.0,4.0
185.0,32.0,-3.0,7.0
203.0,34.0,-4.0,7.0
209.0,33.0,-3.0,8.0
200.0,35.0,-3.0,7.0
181.0,39.0,-6.0,4.0
155.0,41.0,-7.0,3.0
128.0,42.0,-8.0,2.0
104.0,35.0,-9.0,2.0
86.0,33.0,-8.0,2.0
77.0,30.0,-6.0,2.0
77.0,27.0,-4.0,0.0
84.0,27.0,-7.0,1.0
94.0,25.0,-6.0,0.0
104.0,25.0,-7.0,2.0
111.0,27.0,-7.0,2.0
116.0,28.0,-7.0,2.0
117.0,28.0,-8.0,3.0
115.0,30.0,-9.0,1.0
112.0,30.0,-8.0,2.0
110.0,32.0,-7.0,3.0
109.0,30.0,-8.0,5.0
110.0,31.0,-7.0,4.0
112.0,31.0,-7.0,5.0
113.0,29.0,-7.0,6.0
114.0,30.0,-8.0,4.0
113.0,29.0,-7.0,5.0
112.0,29.0,-7.0,3.0
114.0,27.0,-7.0,3.0
124.0,29.0,-7.0,3.0
143.0,29.0,-5.0,5.0
166.0,30.0,-5.0,5.0
185.0,29.0,-5.0,4.0
195.0,31.0,-7.0,4.0
193.0,29.0,-5.0,5.0
179.0,30.0,-7.0,7.0
158.0,28.0,-7.0,7.0
135.0,28.0,-6.0,6.0
112.0,30.0,-7.0,6.0
92.0,30.0,-7.0,7.0
78.0,29.0,-5.0,5.0
70.0,29.0,-6.0,5.0
71.0,31.0,-6.0,7.0
82.0,32.0,-6.0,7.0
90.0,33.0,-6.0,6.0
98.0,33.0,-5.0,7.0
106.0,32.0,-4.0,9.0
111.0,35.0,-4.0,9.0
114.0,36.0,-4.0,7.0
113.0,38.0,-3.0,4.0
109.0,40.0,-4.0,0.0
104.0,38.0,-6.0,0.0
99.0,35.0,-6.0,-1.0
95.0,33.0,-6.0,0.0
94.0,29.0,-4.0,0.0
95.0,25.0,-1.0,2.0
98.0,24.0,-1.0,2.0
100.0,26.0,-2.0,0.0
106.0,27.0,1.0,0.0
117.0,28.0,0.0,1.0
138.0,30.0,0.0,0.0
165.0,31.0,-1.0,1.0
191.0,32.0,-2.0,2.0
207.0,34.0,-3.0,2.0
209.0,32.0,-5.0,5.0
198.0,31.0,-6.0,6.0
177.0,30.0,-4.0,3.0
152.0,30.0,-3.0,2.0
126.0,28.0,-3.0,4.0
103.0,28.0,-4.0,4.0
86.0,29.0,-3.0,4.0
74.0,29.0,-2.0,5.0
69.0,29.0,0.0,4.0
71.0,28.0,0.0,2.0
78.0,30.0,0.0,2.0
89.0,31.0,-1.0,3.0
100.0,30.0,0.0,4.0
110.0,33.0,-1.0,6.0
117.0,33.0,-2.0,4.0
119.0,31.0,-4.0,3.0
117.0,30.0,-2.0,6.0
112.0,29.0,-1.0,4.0
107.0,29.0,-1.0,3.0
101.0,30.0,-3.0,5.0
97.0,31.0,-3.0,3.0
93.0,33.0,-2.0,4.0
90.0,34.0,-3.0,3.0
88.0,34.0,-3.0,7.0
89.0,34.0,-2.0,9.0
98.0,36.0,-4.0,6.0
118.0,40.0,-5.0,7.0
148.0,43.0,-9.0,3.0
179.0,41.0,-12.0,2.0
198.0,39.0,-10.0,1.0
212.0,34.0,-9.0,1.0
213.0,30.0,-7.0,2.0
202.0,25.0,-6.0,0.0
181.0,23.0,-7.0,0.0
154.0,22.0,-5.0,2.0
125.0,23.0,-7.0,3.0
99.0,24.0,-6.0,3.0
77.0,27.0,-8.0,5.0
62.0,29.0,-9.0,4.0
56.0,32.0,-9.0,4.0
60.0,34.0,-8.0,3.0
72.0,32.0,-7.0,5.0
89.0,30.0,-6.0,6.0
107.0,30.0,-6.0,7.0
122.0,26.0,-6.0,8.0
133.0,27.0,-8.0,6.0
136.0,26.0,-8.0,4.0
134.0,27.0,-9.0,4.0
126.0,28.0,-8.0,5.0
117.0,30.0,-8.0,4.0
106.0,28.0,-8.0,4.0
97.0,30.0,-6.0,5.0
90.0,30.0,-6.0,5.0
85.0,29.0,-7.0,6.0
84.0,30.0,-7.0,6.0
86.0,28.0,-6.0,8.0
94.0,29.0,-6.0,8.0
113.0,27.0,-7.0,8.0
142.0,28.0,-7.0,8.0
174.0,28.0,-5.0,8.0
201.0,29.0,-5.0,8.0
214.0,31.0,-7.0,6.0
210.0,31.0,-5.0,6.0
193.0,30.0,-5.0,6.0
167.0,30.0,-5.0,8.0
138.0,31.0,-6.0,7.0
109.0,32.0,-4.0,8.0
85.0,35.0,-5.0,8.0
68.0,37.0,-4.0,7.0
59.0,39.0,-7.0,5.0
58.0,39.0,-6.0,2.0
64.0,36.0,-8.0,0.0
76.0,34.0,-7.0,2.0
93.0,31.0,-4.0,2.0
109.0,27.0,-4.0,0.0
123.0,26.0,-2.0,0.0
132.0,25.0,-4.0,0.0
134.0,27.0,-2.0,0.0
131.0,28.0,-1.0,-1.0
130.0,28.0,0.0,-1.0
118.0,29.0,-1.0,1.0
105.0,30.0,0.0,1.0
93.0,31.0,-1.0,-1.0
83.0,34.0,-2.0,2.0
77.0,33.0,-4.0,1.0
74.0,33.0,-6.0,3.0
76.0,32.0,-5.0,5.0
84.0,28.0,-6.0,3.0
105.0,27.0,-4.0,5.0
139.0,27.0,-2.0,3.0
177.0,27.0,-2.0,2.0
209.0,28.0,0.0,3.0
226.0,29.0,-1.0,0.0
223.0,29.0,-1.0,1.0
206.0,30.0,-1.0,2.0
176.0,30.0,0.0,2.0
143.0,32.0,-2.0,5.0
112.0,32.0,-3.0,4.0
87.0,30.0,-2.0,4.0
70.0,29.0,-4.0,5.0
63.0,29.0,-2.0,5.0
65.0,30.0,-3.0,3.0
75.0,30.0,-1.0,3.0
90.0,29.0,-1.0,4.0
106.0,30.0,-3.0,3.0
120.0,32.0,-3.0,5.0
129.0,33.0,-3.0,4.0
132.0,32.0,-3.0,6.0
130.0,34.0,-4.0,7.0
124.0,34.0,-4.0,6.0
116.0,39.0,-4.0,7.0
108.0,40.0,-7.0,4.0
101.0,41.0,-11.0,1.0
95.0,38.0,-10.0,0.0
92.0,36.0,-10.0,-2.0
93.0,31.0,-9.0,-1.0
97.0,27.0,-6.0,0.0
106.0,24.0,-7.0,0.0
119.0,22.0,-6.0,-1.0
139.0,22.0,-6.0,0.0
162.0,25.0,-5.0,2.0
184.0,26.0,-6.0,1.0
198.0,28.0,-7.0,1.0
201.0,31.0,-8.0,0.0
192.0,34.0,-8.0,0.0
175.0,34.0,-9.0,3.0
154.0,32.0,-8.0,5.0
133.0,30.0,-9.0,6.0
112.0,29.0,-8.0,4.0
89.0,29.0,-8.0,5.0
81.0,27.0,-9.0,5.0
81.0,29.0,-7.0,3.0
86.0,29.0,-8.0,4.0
94.0,29.0,-6.0,3.0
102.0,28.0,-7.0,3.0
110.0,30.0,-7.0,3.0
115.0,29.0,-6.0,5.0
118.0,31.0,-8.0,5.0
118.0,31.0,-8.0,7.0
116.0,30.0,-8.0,6.0
113.0,28.0,-6.0,7.0
109.0,28.0,-7.0,6.0
106.0,28.0,-7.0,4.0
102.0,30.0,-7.0,6.0
98.0,30.0,-5.0,6.0
94.0,31.0,-6.0,4.0
91.0,30.0,-4.0,5.0
89.0,32.0,-5.0,6.0
89.0,31.0,-6.0,6.0
97.0,32.0,-5.0,6.0
116.0,32.0,-6.0,8.0
146.0,33.0,-4.0,9.0
179.0,34.0,-3.0,7.0
204.0,36.0,-5.0,7.0
215.0,36.0,-6.0,5.0
210.0,38.0,-5.0,3.0
191.0,38.0,-7.0,1.0
164.0,34.0,-7.0,2.0
135.0,30.0,-5.0,2.0
109.0,28.0,-4.0,1.0
89.0,27.0,-3.0,3.0
77.0,25.0,-3.0,2.0
74.0,27.0,-1.0,1.0
77.0,28.0,-1.0,2.0
85.0,30.0,-3.0,2.0
97.0,32.0,-3.0,1.0
109.0,33.0,-2.0,1.0
118.0,31.0,-3.0,1.0
124.0,33.0,-2.0,3.0
125.0,33.0,-2.0,3.0
123.0,33.0,-3.0,5.0
119.0,32.0,-5.0,4.0
114.0,28.0,-6.0,5.0
111.0,27.0,-3.0,6.0
109.0,26.0,-2.0,6.0
108.0,28.0,-1.0,5.0
106.0,29.0,0.0,4.0
104.0,28.0,0.0,2.0
101.0,30.0,-1.0,3.0
104.0,31.0,1.0,3.0
102.0,31.0,-1.0,3.0
105.0,33.0,-1.0,5.0
122.0,33.0,-2.0,6.0
149.0,31.0,-4.0,6.0
179.0,30.0,-4.0,4.0
201.0,30.0,-4.0,6.0
209.0,30.0,-4.0,4.0
201.0,30.0,-1.0,5.0
181.0,29.0,-1.0,3.0
154.0,31.0,-1.0,4.0
125.0,32.0,-1.0,2.0
98.0,31.0,-3.0,2.0
77.0,32.0,-1.0,4.0
64.0,34.0,-2.0,4.0
60.0,36.0,-1.0,5.0
65.0,39.0,-4.0,5.0
75.0,41.0,-5.0,6.0
89.0,42.0,-10.0,1.0
104.0,39.0,-12.0,2.0
116.0,36.0,-10.0,0.0
126.0,30.0,-8.0,0.0
132.0,28.0,-6.0,0.0
134.0,24.0,-5.0,1.0
132.0,22.0,-6.0,1.0
126.0,24.0,-6.0,0.0
118.0,25.0,-8.0,1.0
109.0,25.0,-7.0,3.0
100.0,29.0,-8.0,4.0
93.0,29.0,-11.0,2.0
89.0,32.0,-10.0,2.0
87.0,32.0,-10.0,3.0
89.0,31.0,-9.0,5.0
96.0,31.0,-10.0,5.0
113.0,30.0,-10.0,7.0
141.0,29.0,-8.0,7.0
175.0,29.0,-7.0,6.0
205.0,27.0,-6.0,6.0
223.0,29.0,-7.0,5.0
224.0,27.0,-7.0,3.0
211.0,27.0,-7.0,5.0
185.0,29.0,-5.0,5.0
154.0,28.0,-5.0,4.0
124.0,29.0,-7.0,6.0
98.0,31.0,-7.0,5.0
78.0,31.0,-8.0,6.0
67.0,31.0,-6.0,6.0
65.0,30.0,-7.0,6.0
70.0,30.0,-7.0,7.0
81.0,30.0,-5.0,5.0
88.0,31.0,-7.0,5.0
101.0,30.0,-5.0,6.0
113.0,32.0,-5.0,5.0
120.0,31.0,-5.0,6.0
122.0,32.0,-6.0,10.0
119.0,34.0,-5.0,10.0
113.0,37.0,-6.0,10.0
107.0,38.0,-4.0,8.0
101.0,39.0,-6.0,5.0
97.0,39.0,-8.0,3.0
94.0,36.0,-7.0,2.0
94.0,33.0,-6.0,1.0
94.0,30.0,-6.0,1.0
96.0,27.0,-3.0,1.0
99.0,28.0,-3.0,4.0
108.0,24.0,-3.0,2.0
126.0,25.0,-1.0,2.0
152.0,26.0,1.0,1.0
181.0,28.0,2.0,2.0
203.0,28.0,0.0,1.0
212.0,32.0,-1.0,3.0
206.0,32.0,-2.0,3.0
188.0,34.0,-2.0,7.0
161.0,35.0,-6.0,8.0
133.0,34.0,-6.0,7.0
107.0,30.0,-4.0,6.0
86.0,28.0,-3.0,6.0
73.0,27.0,-2.0,6.0
68.0,27.0,1.0,4.0
71.0,27.0,1.0,6.0
79.0,28.0,-1.0,3.0
89.0,29.0,0.0,3.0
101.0,29.0,0.0,3.0
110.0,32.0,0.0,1.0
116.0,31.0,0.0,3.0
118.0,32.0,0.0,6.0
117.0,33.0,-2.0,6.0
113.0,32.0,-2.0,8.0
109.0,31.0,-2.0,6.0
105.0,30.0,-3.0,7.0
102.0,30.0,-2.0,6.0
100.0,29.0,-4.0,5.0
99.0,31.0,-4.0,7.0
98.0,32.0,-4.0,6.0
98.0,33.0,-2.0,7.0
97.0,32.0,-1.0,6.0
96.0,33.0,-1.0,7.0
98.0,37.0,-1.0,8.0
107.0,41.0,-6.0,9.0
128.0,42.0,-11.0,6.0
167.0,39.0,-12.0,5.0
197.0,36.0,-11.0,5.0
217.0,31.0,-8.0,2.0
222.0,27.0,-6.0,2.0
213.0,26.0,-5.0,2.0
191.0,25.0,-7.0,1.0
163.0,23.0,-6.0,3.0
132.0,24.0,-7.0,3.0
103.0,25.0,-6.0,2.0
79.0,29.0,-9.0,4.0
63.0,30.0,-11.0,6.0
56.0,32.0,-12.0,5.0
59.0,33.0,-12.0,7.0
70.0,31.0,-9.0,5.0
87.0,30.0,-10.0,6.0
105.0,30.0,-8.0,5.0
122.0,28.0,-9.0,6.0
133.0,27.0,-8.0,6.0
136.0,27.0,-8.0,5.0
133.0,27.0,-7.0,7.0
125.0,26.0,-6.0,5.0
114.0,28.0,-6.0,6.0
103.0,27.0,-6.0,7.0
94.0,28.0,-6.0,6.0
86.0,30.0,-7.0,5.0
82.0,31.0,-8.0,8.0
81.0,29.0,-8.0,8.0
82.0,29.0,-7.0,6.0
85.0,29.0,-6.0,8.0
89.0,29.0,-8.0,7.0
93.0,30.0,-8.0,7.0
102.0,30.0,-6.0,9.0
120.0,29.0,-7.0,7.0
148.0,29.0,-6.0,7.0
179.0,29.0,-6.0,8.0
202.0,30.0,-4.0,9.0
212.0,31.0,-6.0,9.0
206.0,32.0,-5.0,9.0
186.0,34.0,-6.0,11.0
160.0,38.0,-3.0,7.0
132.0,37.0,-4.0,5.0
106.0,38.0,-4.0,5.0
87.0,35.0,-6.0,1.0
75.0,33.0,-3.0,2.0
68.0,31.0,-1.0,2.0
70.0,30.0,-2.0,2.0
78.0,27.0,0.0,-1.0
92.0,26.0,0.0,-1.0
107.0,28.0,3.0,-1.0
119.0,30.0,1.0,0.0
118.0,30.0,2.0,2.0
121.0,32.0,0.0,2.0
121.0,34.0,-1.0,4.0
117.0,34.0,-1.0,3.0
111.0,33.0,-2.0,5.0
103.0,32.0,-3.0,5.0
97.0,30.0,-1.0,4.0
93.0,27.0,1.0,4.0
90.0,27.0,2.0,3.0
89.0,27.0,2.0,4.0
89.0,27.0,2.0,3.0
88.0,28.0,2.0,4.0
88.0,31.0,2.0,2.0
93.0,30.0,3.0,2.0
107.0,32.0,2.0,2.0
132.0,31.0,0.0,3.0
163.0,31.0,-1.0,4.0
190.0,31.0,0.0,4.0
205.0,30.0,-2.0,4.0
206.0,31.0,0.0,5.0
193.0,29.0,-1.0,6.0
170.0,30.0,1.0,6.0
144.0,29.0,1.0,6.0
119.0,30.0,-1.0,7.0
96.0,32.0,0.0,5.0
80.0,33.0,-2.0,6.0
70.0,34.0,-1.0,7.0
69.0,35.0,0.0,8.0
75.0,37.0,0.0,7.0
86.0,39.0,-2.0,7.0
98.0,40.0,-5.0,7.0
110.0,37.0,-8.0,5.0
119.0,34.0,-8.0,4.0
125.0,33.0,-5.0,2.0
129.0,30.0,-5.0,2.0
130.0,29.0,-5.0,-1.0
128.0,26.0,-6.0,0.0
125.0,26.0,-5.0,1.0
120.0,28.0,-7.0,1.0
115.0,29.0,-6.0,2.0
110.0,28.0,-7.0,4.0
104.0,27.0,-8.0,4.0
100.0,29.0,-8.0,6.0
101.0,30.0,-5.0,6.0
111.0,31.0,-4.0,6.0
134.0,32.0,-6.0,4.0
163.0,34.0,-8.0,3.0
189.0,32.0,-10.0,2.0
203.0,33.0,-10.0,1.0
203.0,29.0,-7.0,5.0
200.0,28.0,-6.0,6.0
178.0,24.0,-5.0,5.0
150.0,24.0,-3.0,5.0
123.0,27.0,-5.0,5.0
101.0,27.0,-7.0,7.0
87.0,28.0,-7.0,8.0
79.0,30.0,-9.0,8.0
80.0,28.0,-8.0,6.0
86.0,29.0,-7.0,8.0
94.0,31.0,-6.0,9.0
103.0,29.0,-7.0,9.0
109.0,30.0,-8.0,9.0
113.0,28.0,-6.0,9.0
114.0,28.0,-3.0,7.0
113.0,29.0,-3.0,7.0
110.0,28.0,-5.0,7.0
105.0,31.0,-5.0,8.0
101.0,32.0,-4.0,7.0
96.0,31.0,-6.0,8.0
93.0,31.0,-5.0,10.0
89.0,33.0,-5.0,11.0
87.0,35.0,-7.0,9.0
86.0,37.0,-7.0,8.0
89.0,38.0,-7.0,3.0
101.0,38.0,-6.0,-3.0
125.0,38.0,-5.0,0.0
160.0,36.0,-8.0,-1.0
195.0,33.0,-6.0,-1.0
221.0,31.0,-4.0,0.0
231.0,28.0,-3.0,-2.0
226.0,25.0,-2.0,-1.0
206.0,27.0,-2.0,0.0
176.0,28.0,0.0,-1.0
144.0,28.0,-1.0,0.0
113.0,30.0,-2.0,0.0
87.0,32.0,-4.0,1.0
70.0,36.0,-6.0,4.0
62.0,34.0,-6.0,4.0
64.0,32.0,-7.0,5.0
75.0,30.0,-5.0,4.0
94.0,26.0,-1.0,3.0
113.0,27.0,-1.0,4.0
129.0,25.0,-1.0,3.0
138.0,26.0,1.0,4.0
138.0,27.0,1.0,3.0
132.0,28.0,-1.0,5.0
121.0,30.0,1.0,3.0
108.0,30.0,1.0,6.0
96.0,33.0,1.0,2.0
87.0,34.0,2.0,-2.0
73.0,33.0,-2.0,-1.0
71.0,34.0,-5.0,3.0
77.0,32.0,-6.0,7.0
91.0,33.0,-3.0,9.0
116.0,29.0,-2.0,7.0
151.0,28.0,0.0,7.0
187.0,29.0,2.0,5.0
213.0,30.0,3.0,3.0
223.0,30.0,2.0,4.0
217.0,33.0,2.0,2.0
196.0,34.0,1.0,1.0
166.0,34.0,0.0,2.0
135.0,34.0,1.0,3.0
107.0,35.0,-1.0,6.0
86.0,37.0,0.0,9.0
74.0,38.0,-2.0,3.0
71.0,37.0,-3.0,3.0
77.0,35.0,-4.0,1.0
92.0,34.0,-3.0,-1.0
110.0,32.0,-5.0,0.0
128.0,30.0,-5.0,-2.0
141.0,27.0,-4.0,-2.0
148.0,25.0,-4.0,-1.0
146.0,25.0,-5.0,1.0
139.0,26.0,-4.0,0.0
127.0,29.0,-4.0,2.0
114.0,29.0,-4.0,1.0
101.0,32.0,-3.0,0.0
91.0,32.0,-7.0,1.0
85.0,34.0,-9.0,5.0
83.0,32.0,-9.0,4.0
85.0,32.0,-7.0,6.0
92.0,29.0,-7.0,6.0
110.0,28.0,-8.0,5.0
138.0,27.0,-7.0,5.0
172.0,27.0,-6.0,6.0
201.0,29.0,-5.0,4.0
218.0,28.0,-4.0,3.0
219.0,29.0,-5.0,4.0
181.0,29.0,-7.0,5.0
150.0,29.0,-6.0,4.0
120.0,31.0,-7.0,7.0
95.0,31.0,-9.0,7.0
76.0,31.0,-8.0,8.0
66.0,29.0,-8.0,8.0
63.0,29.0,-9.0,7.0
68.0,28.0,-7.0,5.0
78.0,28.0,-8.0,7.0
92.0,30.0,-7.0,7.0
113.0,30.0,-5.0,6.0
122.0,29.0,-6.0,6.0
124.0,30.0,-6.0,5.0
121.0,29.0,-4.0,6.0
115.0,29.0,-4.0,6.0
108.0,31.0,-5.0,7.0
101.0,31.0,-4.0,7.0
94.0,31.0,-4.0,9.0
89.0,32.0,-5.0,8.0
85.0,35.0,-4.0,8.0
82.0,37.0,-2.0,6.0
82.0,38.0,-3.0,3.0
87.0,39.0,-5.0,2.0
100.0,36.0,-6.0,1.0
123.0,34.0,-6.0,0.0
152.0,30.0,-3.0,2.0
178.0,29.0,-1.0,2.0
195.0,26.0,-2.0,1.0
199.0,26.0,0.0,1.0
191.0,27.0,1.0,1.0
173.0,30.0,2.0,-1.0
149.0,29.0,1.0,0.0
124.0,32.0,2.0,-1.0
102.0,33.0,0.0,1.0
84.0,32.0,-1.0,2.0
73.0,34.0,-1.0,3.0
69.0,32.0,-5.0,5.0
73.0,32.0,-4.0,3.0
82.0,30.0,-5.0,4.0
95.0,27.0,-2.0,5.0
107.0,27.0,0.0,5.0
117.0,29.0,0.0,2.0
122.0,30.0,0.0,4.0
122.0,29.0,-1.0,3.0
119.0,29.0,-1.0,2.0
113.0,31.0,-1.0,3.0
106.0,30.0,0.0,4.0
100.0,32.0,-2.0,4.0
94.0,32.0,-3.0,4.0
91.0,30.0,-2.0,6.0
91.0,31.0,-2.0,4.0
97.0,30.0,-3.0,4.0
110.0,30.0,-2.0,3.0
131.0,29.0,-2.0,3.0
154.0,31.0,-2.0,3.0
173.0,32.0,-1.0,5.0
183.0,33.0,-1.0,5.0
182.0,33.0,-1.0,7.0
171.0,34.0,-1.0,6.0
154.0,36.0,-2.0,7.0
126.0,39.0,-4.0,6.0
107.0,41.0,-5.0,6.0
94.0,42.0,-10.0,2.0
87.0,39.0,-10.0,1.0
84.0,36.0,-7.0,2.0
86.0,31.0,-5.0,2.0
92.0,28.0,-5.0,1.0
100.0,26.0,-4.0,2.0
108.0,26.0,-5.0,2.0
114.0,26.0,-6.0,3.0
117.0,26.0,-9.0,3.0
116.0,26.0,-7.0,4.0
113.0,28.0,-9.0,3.0
109.0,29.0,-9.0,4.0
106.0,29.0,-9.0,5.0
102.0,31.0,-7.0,5.0
100.0,31.0,-8.0,3.0
97.0,29.0,-6.0,5.0
96.0,29.0,-7.0,6.0
98.0,29.0,-5.0,5.0
102.0,30.0,-5.0,6.0
113.0,30.0,-6.0,7.0
128.0,30.0,-4.0,7.0
145.0,28.0,-4.0,6.0
160.0,28.0,-4.0,5.0
168.0,28.0,-4.0,5.0
169.0,29.0,-5.0,7.0
162.0,30.0,-4.0,7.0
150.0,29.0,-5.0,7.0
135.0,30.0,-5.0,7.0
120.0,30.0,-5.0,7.0
106.0,30.0,-4.0,5.0
96.0,28.0,-5.0,7.0
89.0,30.0,-3.0,6.0
87.0,29.0,-5.0,6.0
88.0,30.0,-5.0,7.0
92.0,31.0,-5.0,7.0
97.0,31.0,-3.0,8.0
101.0,33.0,-3.0,8.0
104.0,33.0,-5.0,8.0
106.0,32.0,-4.0,10.0
106.0,35.0,-3.0,9.0
106.0,37.0,-1.0,7.0
105.0,38.0,-3.0,5.0
103.0,38.0,-3.0,1.0
102.0,39.0,-6.0,1.0
100.0,35.0,-6.0,1.0
99.0,31.0,-5.0,0.0
99.0,28.0,-4.0,2.0
103.0,25.0,-3.0,1.0
119.0,26.0,-1.0,2.0
132.0,25.0,-1.0,0.0
144.0,26.0,0.0,1.0
154.0,30.0,1.0,1.0
159.0,31.0,2.0,1.0
158.0,31.0,2.0,-1.0
152.0,34.0,2.0,0.0
141.0,35.0,1.0,3.0
129.0,36.0,-3.0,4.0
116.0,33.0,-3.0,6.0
105.0,30.0,-5.0,5.0
97.0,29.0,-4.0,5.0
94.0,27.0,-2.0,4.0
94.0,28.0,0.0,5.0
96.0,29.0,2.0,5.0
99.0,30.0,2.0,2.0
103.0,29.0,1.0,3.0
105.0,31.0,3.0,2.0
107.0,32.0,1.0,3.0
107.0,30.0,0.0,4.0
106.0,31.0,0.0,4.0
105.0,32.0,1.0,5.0
104.0,32.0,0.0,4.0
103.0,31.0,-2.0,6.0
102.0,31.0,0.0,6.0
101.0,29.0,-1.0,4.0
101.0,29.0,-1.0,4.0
101.0,30.0,0.0,6.0
101.0,30.0,0.0,6.0
104.0,30.0,0.0,7.0
111.0,32.0,-2.0,6.0
123.0,31.0,-2.0,7.0
138.0,33.0,-1.0,8.0
152.0,32.0,-1.0,10.0
162.0,36.0,-3.0,6.0
165.0,38.0,-4.0,7.0
160.0,41.0,-6.0,4.0
151.0,40.0,-6.0,2.0
138.0,36.0,-8.0,3.0
126.0,32.0,-7.0,2.0
115.0,30.0,-6.0,2.0
107.0,27.0,-5.0,1.0
103.0,26.0,-6.0,0.0
102.0,25.0,-5.0,-1.0
103.0,25.0,-7.0,1.0
105.0,25.0,-8.0,0.0
108.0,27.0,-7.0,3.0
110.0,29.0,-9.0,4.0
111.0,32.0,-9.0,1.0
112.0,32.0,-7.0,2.0
104.0,33.0,-5.0,2.0
104.0,32.0,-6.0,3.0
108.0,31.0,-5.0,3.0
111.0,30.0,-7.0,3.0
114.0,30.0,-7.0,3.0
114.0,30.0,-6.0,5.0
113.0,29.0,-7.0,4.0
112.0,27.0,-7.0,5.0
111.0,27.0,-5.0,4.0
114.0,27.0,-6.0,4.0
122.0,29.0,-6.0,6.0
135.0,30.0,-6.0,4.0
151.0,31.0,-4.0,5.0
166.0,30.0,-4.0,5.0
174.0,30.0,-6.0,5.0
175.0,30.0,-6.0,5.0
169.0,31.0,-5.0,5.0
157.0,30.0,-6.0,5.0
143.0,28.0,-5.0,7.0
128.0,28.0,-5.0,5.0
114.0,30.0,-3.0,5.0
104.0,30.0,-4.0,5.0
98.0,32.0,-3.0,5.0
97.0,33.0,-3.0,7.0
99.0,32.0,-5.0,7.0
103.0,34.0,-4.0,9.0
109.0,36.0,-5.0,9.0
114.0,36.0,-3.0,8.0
117.0,37.0,-4.0,5.0
119.0,39.0,-5.0,3.0
119.0,38.0,-5.0,0.0
117.0,35.0,-7.0,0.0
115.0,32.0,-6.0,0.0
114.0,27.0,-4.0,1.0
112.0,25.0,-1.0,0.0
111.0,26.0,0.0,-1.0
110.0,26.0,1.0,0.0
110.0,27.0,0.0,0.0
112.0,31.0,2.0,-1.0
120.0,32.0,0.0,0.0
134.0,34.0,1.0,0.0
153.0,35.0,-2.0,2.0
173.0,35.0,-4.0,3.0
187.0,32.0,-5.0,4.0
192.0,30.0,-4.0,5.0
188.0,30.0,-3.0,5.0
177.0,27.0,-2.0,5.0
162.0,27.0,-2.0,4.0
144.0,29.0,-2.0,2.0
126.0,28.0,0.0,3.0
119.0,29.0,1.0,1.0
109.0,31.0,0.0,2.0
99.0,31.0,0.0,2.0
94.0,31.0,0.0,3.0
94.0,30.0,1.0,4.0
98.0,30.0,-1.0,3.0
104.0,30.0,0.0,5.0
110.0,30.0,-2.0,5.0
114.0,31.0,-1.0,4.0
117.0,31.0,-2.0,5.0
118.0,31.0,0.0,3.0
117.0,30.0,0.0,3.0
114.0,30.0,-2.0,3.0
111.0,31.0,-2.0,5.0
107.0,33.0,-2.0,4.0
104.0,33.0,-2.0,5.0
102.0,34.0,-2.0,7.0
102.0,37.0,-2.0,8.0
106.0,39.0,-5.0,9.0
117.0,41.0,-7.0,6.0
136.0,41.0,-11.0,3.0
161.0,35.0,-8.0,3.0
185.0,33.0,-5.0,2.0
201.0,28.0,-4.0,1.0
206.0,27.0,-5.0,-2.0
197.0,25.0,-5.0,-1.0
180.0,24.0,-5.0,1.0
156.0,27.0,-5.0,2.0
130.0,28.0,-6.0,1.0
107.0,28.0,-9.0,3.0
89.0,31.0,-10.0,3.0
77.0,31.0,-12.0,2.0
72.0,31.0,-10.0,4.0
73.0,31.0,-10.0,3.0
80.0,31.0,-7.0,4.0
90.0,30.0,-8.0,3.0
101.0,29.0,-6.0,4.0
111.0,29.0,-6.0,3.0
118.0,30.0,-8.0,5.0
121.0,30.0,-8.0,5.0
120.0,29.0,-6.0,5.0
116.0,28.0,-8.0,5.0
111.0,28.0,-8.0,5.0
105.0,28.0,-8.0,6.0
100.0,29.0,-8.0,5.0
97.0,28.0,-8.0,5.0
95.0,30.0,-8.0,7.0
94.0,29.0,-8.0,5.0
95.0,29.0,-8.0,5.0
99.0,30.0,-5.0,5.0
101.0,28.0,-5.0,7.0
117.0,28.0,-6.0,5.0
140.0,30.0,-4.0,7.0
162.0,31.0,-4.0,6.0
178.0,31.0,-4.0,6.0
182.0,30.0,-6.0,6.0
176.0,30.0,-6.0,5.0
162.0,32.0,-6.0,6.0
143.0,32.0,-6.0,8.0
124.0,31.0,-5.0,7.0
106.0,33.0,-6.0,8.0
92.0,36.0,-5.0,7.0
83.0,38.0,-5.0,5.0
79.0,40.0,-5.0,2.0
81.0,39.0,-8.0,1.0
86.0,34.0,-6.0,1.0
94.0,33.0,-6.0,1.0
103.0,28.0,-3.0,0.0
112.0,27.0,-3.0,-1.0
118.0,26.0,-2.0,-1.0
121.0,25.0,-2.0,-2.0
120.0,27.0,-1.0,-1.0
117.0,29.0,0.0,0.0
111.0,32.0,0.0,-1.0
105.0,32.0,1.0,-1.0
99.0,34.0,-2.0,1.0
93.0,35.0,-2.0,2.0
89.0,33.0,-4.0,4.0
89.0,31.0,-6.0,4.0
96.0,29.0,-7.0,3.0
112.0,28.0,-4.0,3.0
135.0,27.0,-3.0,3.0
161.0,28.0,-2.0,3.0
181.0,27.0,0.0,3.0
190.0,28.0,-1.0,1.0
185.0,31.0,1.0,3.0
170.0,31.0,0.0,2.0
148.0,31.0,1.0,3.0
124.0,31.0,1.0,2.0
103.0,31.0,0.0,2.0
86.0,31.0,-2.0,4.0
74.0,32.0,-1.0,3.0
69.0,30.0,-2.0,3.0
70.0,29.0,-2.0,4.0
75.0,29.0,-2.0,2.0
84.0,29.0,-2.0,4.0
94.0,30.0,-2.0,4.0
103.0,31.0,-1.0,3.0
110.0,33.0,-3.0,3.0
113.0,32.0,-2.0,4.0
122.0,34.0,-1.0,6.0
120.0,33.0,-3.0,8.0
114.0,37.0,-4.0,5.0
106.0,39.0,-7.0,5.0
99.0,41.0,-8.0,4.0
95.0,40.0,-9.0,1.0
92.0,35.0,-7.0,0.0
92.0,33.0,-6.0,-2.0
95.0,29.0,-5.0,-1.0
106.0,28.0,-6.0,0.0
125.0,25.0,-5.0,-1.0
148.0,24.0,-7.0,1.0
170.0,24.0,-6.0,2.0
185.0,25.0,-8.0,1.0
188.0,27.0,-8.0,1.0
180.0,31.0,-7.0,1.0
163.0,33.0,-9.0,3.0
142.0,32.0,-7.0,2.0
122.0,31.0,-7.0,4.0
105.0,30.0,-8.0,3.0
92.0,30.0,-8.0,5.0
84.0,30.0,-8.0,5.0
81.0,28.0,-7.0,5.0
83.0,29.0,-5.0,4.0
87.0,27.0,-5.0,3.0
93.0,29.0,-6.0,5.0
99.0,29.0,-6.0,4.0
105.0,28.0,-5.0,6.0
110.0,30.0,-7.0,6.0
112.0,29.0,-8.0,5.0
112.0,30.0,-6.0,5.0
111.0,30.0,-6.0,5.0
109.0,31.0,-6.0,6.0
105.0,30.0,-7.0,5.0
102.0,28.0,-7.0,5.0
99.0,28.0,-5.0,6.0
96.0,30.0,-6.0,6.0
94.0,29.0,-6.0,6.0
95.0,31.0,-5.0,6.0
101.0,31.0,-4.0,6.0
115.0,31.0,-5.0,7.0
136.0,30.0,-5.0,7.0
159.0,32.0,-4.0,9.0
178.0,32.0,-5.0,8.0
186.0,34.0,-3.0,9.0
183.0,38.0,-4.0,5.0
169.0,39.0,-4.0,3.0
149.0,38.0,-6.0,2.0
127.0,36.0,-8.0,3.0
106.0,34.0,-5.0,3.0
83.0,29.0,-3.0,1.0
73.0,27.0,-1.0,2.0
73.0,26.0,-1.0,1.0
79.0,26.0,-3.0,1.0
87.0,26.0,-2.0,-1.0
95.0,29.0,1.0,0.0
103.0,28.0,1.0,-1.0
108.0,30.0,0.0,1.0
111.0,33.0,1.0,-1.0
112.0,32.0,-2.0,-1.0
111.0,34.0,-2.0,2.0
109.0,35.0,-6.0,5.0
106.0,31.0,-6.0,5.0
103.0,30.0,-6.0,4.0
101.0,27.0,-4.0,5.0
101.0,27.0,-1.0,3.0
101.0,29.0,-1.0,2.0
101.0,29.0,-1.0,3.0
100.0,29.0,0.0,1.0
104.0,29.0,1.0,3.0
115.0,31.0,0.0,2.0
133.0,31.0,1.0,4.0
157.0,30.0,-1.0,4.0
177.0,32.0,-2.0,4.0
189.0,32.0,-3.0,4.0
188.0,30.0,-2.0,6.0
177.0,31.0,-2.0,4.0
158.0,29.0,-2.0,5.0
136.0,31.0,-3.0,3.0
114.0,30.0,-1.0,3.0
95.0,32.0,-1.0,3.0
81.0,31.0,-3.0,3.0
74.0,32.0,-3.0,5.0
73.0,32.0,-2.0,4.0
78.0,34.0,-3.0,4.0
88.0,35.0,-4.0,3.0
100.0,38.0,-4.0,6.0
111.0,41.0,-8.0,4.0
120.0,39.0,-11.0,1.0
126.0,36.0,-11.0,-1.0
129.0,34.0,-10.0,-1.0
130.0,28.0,-7.0,1.0
129.0,24.0,-7.0,0.0
128.0,24.0,-7.0,2.0
124.0,23.0,-6.0,2.0
119.0,23.0,-8.0,2.0
112.0,27.0,-8.0,1.0
104.0,28.0,-7.0,3.0
100.0,30.0,-9.0,1.0
103.0,32.0,-7.0,1.0
125.0,34.0,-8.0,1.0
151.0,31.0,-6.0,3.0
176.0,31.0,-8.0,5.0
195.0,30.0,-9.0,5.0
202.0,30.0,-8.0,5.0
198.0,29.0,-9.0,3.0
182.0,28.0,-7.0,2.0
160.0,29.0,-6.0,4.0
135.0,29.0,-7.0,4.0
110.0,29.0,-5.0,3.0
91.0,30.0,-7.0,5.0
78.0,29.0,-7.0,5.0
73.0,29.0,-6.0,5.0
75.0,29.0,-7.0,5.0
83.0,31.0,-7.0,4.0
95.0,29.0,-5.0,6.0
108.0,29.0,-5.0,6.0
118.0,30.0,-5.0,6.0
124.0,29.0,-5.0,6.0
125.0,29.0,-6.0,6.0
123.0,30.0,-4.0,4.0
117.0,30.0,-4.0,4.0
111.0,30.0,-4.0,5.0
104.0,32.0,-4.0,7.0
99.0,31.0,-4.0,8.0
95.0,32.0,-4.0,8.0
93.0,36.0,-5.0,9.0
94.0,36.0,-3.0,8.0
102.0,39.0,-5.0,5.0
120.0,39.0,-7.0,4.0
148.0,36.0,-8.0,2.0
179.0,32.0,-7.0,4.0
206.0,29.0,-5.0,3.0
221.0,28.0,-3.0,2.0
221.0,26.0,-1.0,2.0
207.0,26.0,-2.0,2.0
184.0,28.0,-2.0,1.0
156.0,27.0,0.0,1.0
128.0,30.0,-1.0,1.0
103.0,30.0,0.0,2.0
85.0,32.0,-1.0,2.0
74.0,33.0,0.0,3.0
72.0,34.0,-3.0,4.0
77.0,34.0,-5.0,4.0
87.0,33.0,-6.0,5.0
101.0,31.0,-5.0,6.0
116.0,27.0,-4.0,6.0
129.0,27.0,-4.0,4.0
137.0,27.0,-3.0,3.0
139.0,28.0,-2.0,2.0
128.0,30.0,-1.0,3.0
119.0,30.0,-1.0,1.0
113.0,31.0,1.0,3.0
106.0,30.0,1.0,4.0
100.0,32.0,0.0,4.0
95.0,31.0,-1.0,5.0
91.0,32.0,-3.0,3.0
91.0,32.0,-2.0,5.0
99.0,30.0,-4.0,4.0
118.0,29.0,-4.0,5.0
148.0,29.0,-4.0,5.0
181.0,30.0,-2.0,5.0
208.0,29.0,-3.0,3.0
221.0,30.0,-2.0,3.0
218.0,31.0,-2.0,4.0
201.0,32.0,-2.0,6.0
175.0,34.0,-3.0,5.0
145.0,33.0,-2.0,8.0
117.0,36.0,-2.0,5.0
94.0,39.0,-4.0,7.0
78.0,39.0,-6.0,4.0
70.0,39.0,-9.0,3.0
71.0,36.0,-9.0,2.0
80.0,32.0,-8.0,3.0
95.0,31.0,-5.0,1.0
113.0,28.0,-5.0,0.0
129.0,25.0,-6.0,0.0
139.0,26.0,-6.0,0.0
140.0,25.0,-8.0,0.0
135.0,26.0,-8.0,4.0
126.0,27.0,-7.0,2.0
114.0,27.0,-8.0,3.0
104.0,30.0,-11.0,3.0
96.0,30.0,-10.0,4.0
91.0,32.0,-10.0,3.0
89.0,30.0,-8.0,3.0
89.0,30.0,-9.0,4.0
92.0,31.0,-10.0,6.0
100.0,30.0,-10.0,4.0
117.0,30.0,-9.0,5.0
143.0,28.0,-8.0,5.0
172.0,27.0,-7.0,5.0
198.0,27.0,-5.0,6.0
212.0,27.0,-6.0,4.0
211.0,28.0,-7.0,6.0
197.0,30.0,-7.0,6.0
174.0,29.0,-8.0,5.0
147.0,31.0,-8.0,5.0
121.0,31.0,-7.0,7.0
98.0,30.0,-7.0,7.0
90.0,30.0,-7.0,6.0
81.0,28.0,-8.0,6.0
76.0,29.0,-6.0,7.0
76.0,29.0,-6.0,7.0
83.0,28.0,-5.0,7.0
92.0,30.0,-7.0,7.0
103.0,29.0,-5.0,6.0
112.0,31.0,-7.0,6.0
118.0,30.0,-7.0,6.0
121.0,32.0,-5.0,7.0
120.0,31.0,-5.0,8.0
116.0,35.0,-5.0,9.0
111.0,35.0,-6.0,7.0
105.0,37.0,-4.0,5.0
100.0,39.0,-7.0,4.0
96.0,38.0,-9.0,3.0
93.0,34.0,-7.0,1.0
94.0,33.0,-6.0,2.0
102.0,28.0,-5.0,2.0
121.0,28.0,-2.0,2.0
149.0,27.0,-2.0,2.0
179.0,27.0,-1.0,2.0
203.0,26.0,0.0,2.0
214.0,29.0,1.0,1.0
209.0,29.0,0.0,-1.0
190.0,31.0,0.0,1.0
162.0,34.0,1.0,2.0
132.0,35.0,-1.0,3.0
104.0,35.0,-4.0,5.0
82.0,34.0,-5.0,5.0
69.0,29.0,-5.0,5.0
65.0,28.0,-5.0,6.0
71.0,28.0,-2.0,4.0
83.0,27.0,-1.0,4.0
99.0,29.0,-1.0,3.0
112.0,30.0,0.0,4.0
121.0,30.0,1.0,3.0
125.0,29.0,0.0,4.0
123.0,30.0,0.0,2.0
118.0,32.0,1.0,5.0
111.0,32.0,-1.0,5.0
105.0,31.0,-1.0,6.0
99.0,32.0,-2.0,6.0
94.0,30.0,-4.0,6.0
91.0,31.0,-2.0,4.0
90.0,29.0,-3.0,4.0
90.0,29.0,-3.0,6.0
93.0,29.0,-3.0,4.0
102.0,31.0,-1.0,6.0
121.0,30.0,-3.0,6.0
142.0,32.0,-1.0,6.0
172.0,33.0,-1.0,5.0
200.0,32.0,-3.0,7.0
215.0,34.0,-2.0,8.0
213.0,36.0,-4.0,7.0
196.0,37.0,-4.0,6.0
169.0,41.0,-6.0,4.0
138.0,41.0,-9.0,2.0
110.0,38.0,-10.0,1.0
88.0,33.0,-10.0,2.0
75.0,30.0,-8.0,3.0
73.0,29.0,-6.0,0.0
78.0,25.0,-6.0,-1.0
89.0,25.0,-6.0,-1.0
101.0,26.0,-8.0,1.0
110.0,27.0,-7.0,2.0
117.0,26.0,-9.0,3.0
119.0,28.0,-9.0,2.0
118.0,31.0,-8.0,1.0
116.0,30.0,-9.0,3.0
112.0,30.0,-9.0,2.0
109.0,31.0,-7.0,5.0
106.0,30.0,-9.0,6.0
104.0,29.0,-9.0,5.0
104.0,29.0,-8.0,6.0
103.0,28.0,-8.0,6.0
103.0,30.0,-9.0,5.0
102.0,28.0,-9.0,5.0
104.0,28.0,-7.0,5.0
112.0,29.0,-8.0,6.0
130.0,29.0,-8.0,5.0
156.0,28.0,-8.0,5.0
184.0,30.0,-7.0,6.0
204.0,30.0,-7.0,8.0
210.0,28.0,-9.0,7.0
202.0,28.0,-9.0,7.0
183.0,29.0,-7.0,7.0
157.0,29.0,-7.0,7.0
129.0,28.0,-8.0,8.0
104.0,30.0,-6.0,8.0
83.0,29.0,-8.0,8.0
69.0,29.0,-8.0,8.0
62.0,31.0,-6.0,7.0
64.0,31.0,-5.0,7.0
71.0,30.0,-5.0,9.0
83.0,30.0,-7.0,9.0
96.0,31.0,-5.0,10.0
108.0,34.0,-7.0,9.0
116.0,34.0,-4.0,8.0
120.0,36.0,-4.0,5.0
126.0,37.0,-6.0,3.0
123.0,37.0,-7.0,2.0
114.0,35.0,-8.0,2.0
104.0,32.0,-7.0,2.0
98.0,29.0,-4.0,1.0
95.0,28.0,-3.0,1.0
95.0,25.0,-4.0,2.0
96.0,25.0,-1.0,2.0
97.0,26.0,-1.0,0.0
99.0,28.0,0.0,0.0
105.0,30.0,1.0,2.0
120.0,33.0,-1.0,3.0
145.0,34.0,-1.0,4.0
172.0,33.0,-3.0,6.0
193.0,32.0,-6.0,4.0
203.0,31.0,-5.0,4.0
199.0,28.0,-4.0,4.0
184.0,28.0,-4.0,5.0
161.0,26.0,-2.0,4.0
136.0,29.0,-2.0,3.0
110.0,28.0,-2.0,3.0
88.0,28.0,-1.0,2.0
70.0,29.0,-1.0,2.0
60.0,30.0,-1.0,4.0
59.0,32.0,0.0,3.0
64.0,32.0,0.0,3.0
76.0,31.0,-1.0,5.0
90.0,32.0,-3.0,5.0
103.0,30.0,-3.0,4.0
113.0,29.0,-3.0,4.0
119.0,30.0,-3.0,5.0
121.0,28.0,-2.0,3.0
118.0,29.0,-1.0,5.0
113.0,31.0,-1.0,5.0
106.0,32.0,-2.0,5.0
100.0,33.0,-4.0,6.0
95.0,32.0,-2.0,6.0
91.0,34.0,-2.0,7.0
89.0,36.0,-4.0,5.0
89.0,40.0,-5.0,6.0
90.0,41.0,-8.0,5.0
96.0,43.0,-9.0,1.0
139.0,32.0,-8.0,1.0
174.0,30.0,-7.0,1.0
207.0,27.0,-4.0,1.0
228.0,23.0,-6.0,-2.0
231.0,24.0,-5.0,1.0
215.0,23.0,-5.0,0.0
187.0,26.0,-6.0,2.0
146.0,29.0,-8.0,3.0
111.0,32.0,-8.0,4.0
85.0,32.0,-10.0,3.0
69.0,34.0,-11.0,3.0
61.0,33.0,-8.0,3.0
61.0,30.0,-9.0,3.0
70.0,30.0,-8.0,3.0
86.0,29.0,-8.0,3.0
104.0,29.0,-6.0,3.0
120.0,28.0,-7.0,3.0
130.0,29.0,-5.0,5.0
134.0,27.0,-7.0,5.0
131.0,29.0,-7.0,3.0
123.0,29.0,-7.0,4.0
113.0,30.0,-7.0,4.0
104.0,29.0,-8.0,4.0
97.0,31.0,-7.0,6.0
92.0,31.0,-8.0,5.0
90.0,29.0,-8.0,5.0
90.0,30.0,-8.0,5.0
91.0,28.0,-8.0,7.0
94.0,28.0,-8.0,7.0
102.0,30.0,-6.0,7.0
118.0,30.0,-7.0,5.0
144.0,29.0,-5.0,5.0
173.0,29.0,-5.0,5.0
198.0,31.0,-5.0,7.0
211.0,30.0,-5.0,6.0
209.0,32.0,-5.0,7.0
194.0,33.0,-5.0,10.0
169.0,35.0,-6.0,9.0
141.0,35.0,-5.0,6.0
113.0,38.0,-4.0,5.0
89.0,39.0,-7.0,1.0
71.0,38.0,-9.0,1.0
60.0,36.0,-7.0,0.0
59.0,31.0,-7.0,0.0
67.0,28.0,-5.0,1.0
82.0,28.0,-4.0,0.0
100.0,27.0,-2.0,1.0
117.0,26.0,-3.0,1.0
129.0,28.0,-2.0,-1.0
134.0,30.0,-1.0,1.0
132.0,29.0,-1.0,-1.0
124.0,32.0,0.0,0.0
114.0,32.0,-3.0,2.0
104.0,33.0,-3.0,2.0
95.0,34.0,-6.0,2.0
89.0,33.0,-7.0,3.0
87.0,31.0,-7.0,3.0
94.0,27.0,-6.0,3.0
100.0,26.0,-4.0,3.0
104.0,26.0,-3.0,2.0
112.0,29.0,-1.0,4.0
128.0,30.0,-2.0,2.0
153.0,29.0,0.0,3.0
182.0,30.0,0.0,2.0
204.0,31.0,0.0,4.0
213.0,32.0,-1.0,3.0
207.0,31.0,-2.0,5.0
188.0,30.0,-2.0,4.0
161.0,31.0,-4.0,4.0
133.0,29.0,-4.0,4.0
107.0,30.0,-4.0,5.0
85.0,29.0,-2.0,5.0
69.0,31.0,-2.0,3.0
62.0,30.0,-4.0,5.0
62.0,32.0,-4.0,5.0
69.0,33.0,-4.0,5.0
82.0,32.0,-2.0,5.0
97.0,32.0,-2.0,8.0
111.0,34.0,-4.0,7.0
122.0,39.0,-4.0,7.0
128.0,41.0,-7.0,6.0
128.0,39.0,-10.0,4.0
125.0,36.0,-12.0,2.0
121.0,35.0,-10.0,1.0
117.0,32.0,-6.0,2.0
116.0,28.0,-5.0,0.0
115.0,26.0,-5.0,-1.0
114.0,26.0,-7.0,0.0
110.0,26.0,-6.0,1.0
105.0,27.0,-5.0,1.0
98.0,28.0,-6.0,2.0
93.0,28.0,-7.0,4.0
95.0,30.0,-9.0,3.0
110.0,31.0,-9.0,5.0
139.0,33.0,-7.0,4.0
174.0,32.0,-8.0,6.0
204.0,29.0,-8.0,4.0
219.0,30.0,-9.0,4.0
216.0,28.0,-9.0,5.0
199.0,29.0,-8.0,3.0
172.0,27.0,-8.0,5.0
141.0,28.0,-7.0,4.0
111.0,26.0,-6.0,4.0
85.0,27.0,-6.0,4.0
66.0,28.0,-5.0,4.0
56.0,29.0,-7.0,6.0
55.0,31.0,-6.0,7.0
55.0,30.0,-6.0,7.0
66.0,30.0,-6.0,7.0
85.0,31.0,-8.0,6.0
105.0,29.0,-7.0,8.0
120.0,28.0,-7.0,6.0
129.0,28.0,-6.0,7.0
131.0,30.0,-6.0,7.0
128.0,31.0,-5.0,7.0
120.0,30.0,-5.0,7.0
111.0,31.0,-5.0,5.0
103.0,30.0,-5.0,7.0
95.0,32.0,-6.0,10.0
88.0,32.0,-5.0,11.0
83.0,35.0,-5.0,10.0
80.0,36.0,-5.0,9.0
78.0,38.0,-6.0,4.0
80.0,39.0,-6.0,3.0
89.0,37.0,-7.0,1.0
111.0,34.0,-6.0,-1.0
142.0,31.0,-6.0,-1.0
176.0,28.0,-4.0,1.0
203.0,26.0,-2.0,1.0
215.0,26.0,-3.0,-1.0
212.0,26.0,-1.0,1.0
195.0,29.0,-1.0,1.0
171.0,31.0,1.0,1.0
143.0,32.0,0.0,0.0
115.0,32.0,-1.0,3.0
92.0,33.0,-2.0,2.0
75.0,32.0,-5.0,4.0
67.0,33.0,-5.0,3.0
67.0,31.0,-5.0,5.0
74.0,28.0,-6.0,4.0
87.0,27.0,-4.0,6.0
103.0,27.0,-3.0,6.0
116.0,27.0,-1.0,5.0
126.0,29.0,-1.0,3.0
129.0,28.0,-2.0,5.0
126.0,29.0,-1.0,4.0
120.0,31.0,1.0,4.0
111.0,31.0,0.0,2.0
102.0,32.0,-1.0,3.0
95.0,32.0,-3.0,3.0
90.0,32.0,-3.0,5.0
87.0,31.0,-2.0,4.0
87.0,29.0,-4.0,6.0
91.0,30.0,-4.0,6.0
104.0,30.0,-4.0,6.0
128.0,31.0,-4.0,6.0
159.0,30.0,-4.0,4.0
196.0,31.0,-2.0,4.0
218.0,33.0,-4.0,4.0
220.0,32.0,-2.0,5.0
207.0,34.0,-2.0,8.0
183.0,34.0,-2.0,5.0
155.0,39.0,-5.0,5.0
127.0,39.0,-7.0,5.0
102.0,40.0,-9.0,2.0
82.0,37.0,-10.0,2.0
70.0,34.0,-10.0,3.0
68.0,31.0,-7.0,1.0
76.0,27.0,-6.0,0.0
90.0,27.0,-6.0,1.0
107.0,25.0,-7.0,1.0
121.0,25.0,-6.0,2.0
129.0,27.0,-8.0,1.0
131.0,27.0,-9.0,2.0
128.0,28.0,-9.0,2.0
122.0,28.0,-9.0,2.0
114.0,31.0,-8.0,2.0
107.0,32.0,-8.0,2.0
102.0,33.0,-8.0,4.0
99.0,31.0,-9.0,6.0
98.0,30.0,-9.0,5.0
98.0,29.0,-8.0,7.0
101.0,30.0,-8.0,5.0
107.0,28.0,-9.0,5.0
120.0,29.0,-8.0,6.0
142.0,27.0,-7.0,5.0
170.0,29.0,-7.0,5.0
195.0,28.0,-6.0,4.0
211.0,28.0,-4.0,4.0
212.0,28.0,-4.0,5.0
200.0,30.0,-6.0,4.0
179.0,30.0,-5.0,5.0
153.0,29.0,-5.0,7.0
126.0,31.0,-7.0,8.0
103.0,32.0,-10.0,11.0
84.0,32.0,-11.0,10.0
72.0,35.0,-6.0,10.0
66.0,32.0,-4.0,6.0
68.0,33.0,-4.0,4.0
75.0,31.0,-2.0,1.0
84.0,31.0,-1.0,-2.0
95.0,32.0,-3.0,-1.0
106.0,33.0,-2.0,0.0
113.0,32.0,-3.0,3.0
117.0,33.0,-2.0,2.0
117.0,33.0,0.0,4.0
114.0,34.0,3.0,5.0
103.0,34.0,8.0,4.0
95.0,36.0,8.0,2.0
92.0,34.0,5.0,-1.0
92.0,33.0,4.0,0.0
93.0,30.0,1.0,-2.0
96.0,28.0,-1.0,-3.0
104.0,27.0,-3.0,0.0
120.0,28.0,-2.0,2.0
146.0,28.0,-2.0,3.0
174.0,28.0,-1.0,4.0
199.0,30.0,3.0,2.0
212.0,30.0,3.0,1.0
211.0,29.0,4.0,-1.0
196.0,31.0,4.0,-2.0
171.0,32.0,3.0,0.0
143.0,32.0,3.0,0.0
116.0,34.0,1.0,0.0
92.0,33.0,-2.0,2.0
75.0,30.0,-5.0,7.0
66.0,29.0,-3.0,9.0
67.0,29.0,-1.0,7.0
76.0,28.0,2.0,6.0
89.0,29.0,2.0,4.0
103.0,30.0,2.0,3.0
114.0,30.0,2.0,2.0
120.0,32.0,3.0,1.0
122.0,31.0,1.0,3.0
118.0,33.0,0.0,2.0
113.0,32.0,0.0,3.0
107.0,32.0,0.0,4.0
101.0,31.0,1.0,7.0
98.0,30.0,0.0,7.0
95.0,30.0,0.0,7.0
94.0,29.0,2.0,7.0
93.0,31.0,0.0,5.0
94.0,32.0,1.0,6.0
101.0,33.0,-1.0,6.0
117.0,32.0,1.0,6.0
140.0,34.0,1.0,5.0
167.0,36.0,1.0,4.0
189.0,38.0,0.0,6.0
200.0,42.0,-3.0,6.0
197.0,40.0,-5.0,7.0
184.0,37.0,-7.0,3.0
163.0,32.0,-7.0,4.0
142.0,30.0,-6.0,4.0
122.0,28.0,-4.0,2.0
105.0,26.0,-5.0,1.0
91.0,26.0,-2.0,1.0
80.0,27.0,-1.0,1.0
80.0,29.0,-1.0,2.0
80.0,31.0,-3.0,3.0
79.0,32.0,-6.0,3.0
80.0,32.0,-7.0,5.0
86.0,33.0,-8.0,5.0
95.0,30.0,-5.0,7.0
105.0,28.0,-3.0,6.0
114.0,28.0,-1.0,5.0
120.0,27.0,-2.0,3.0
121.0,28.0,-2.0,4.0
118.0,28.0,-4.0,5.0
113.0,30.0,-4.0,5.0
107.0,30.0,-4.0,5.0
102.0,30.0,-4.0,7.0
100.0,30.0,-3.0,7.0
104.0,29.0,-4.0,6.0
118.0,30.0,-4.0,5.0
139.0,28.0,-3.0,4.0
164.0,27.0,0.0,4.0
186.0,27.0,-2.0,5.0
196.0,28.0,-1.0,5.0
196.0,29.0,-4.0,5.0
184.0,32.0,-4.0,6.0
165.0,32.0,-5.0,7.0
142.0,34.0,-6.0,10.0
118.0,33.0,-3.0,8.0
96.0,33.0,-2.0,10.0
80.0,34.0,-1.0,11.0
71.0,37.0,-1.0,10.0
70.0,38.0,0.0,5.0
76.0,37.0,-3.0,2.0
86.0,37.0,-2.0,4.0
98.0,35.0,-5.0,2.0
111.0,35.0,-2.0,1.0
121.0,30.0,-4.0,0.0
128.0,29.0,-3.0,0.0
130.0,26.0,0.0,1.0
127.0,26.0,2.0,-1.0
121.0,28.0,2.0,-1.0
114.0,28.0,2.0,-3.0
106.0,32.0,1.0,-3.0
98.0,32.0,2.0,0.0
93.0,33.0,-1.0,-1.0
93.0,35.0,-1.0,1.0
105.0,34.0,-2.0,3.0
127.0,29.0,-3.0,6.0
157.0,28.0,-1.0,6.0
188.0,27.0,-1.0,5.0
212.0,28.0,-1.0,3.0
223.0,30.0,0.0,3.0
215.0,29.0,1.0,1.0
190.0,30.0,3.0,-2.0
159.0,31.0,4.0,-1.0
128.0,31.0,1.0,2.0
100.0,30.0,0.0,2.0
80.0,30.0,0.0,4.0
68.0,32.0,0.0,5.0
66.0,31.0,-1.0,5.0
73.0,31.0,-2.0,3.0
86.0,31.0,0.0,2.0
101.0,30.0,1.0,3.0
114.0,32.0,1.0,2.0
123.0,32.0,2.0,2.0
126.0,32.0,3.0,3.0
124.0,31.0,3.0,3.0
119.0,31.0,3.0,4.0
112.0,33.0,4.0,5.0
104.0,33.0,3.0,6.0
97.0,36.0,2.0,8.0
92.0,39.0,-1.0,7.0
89.0,41.0,-4.0,4.0
91.0,40.0,-4.0,4.0
101.0,37.0,-5.0,2.0
123.0,35.0,-3.0,3.0
155.0,31.0,-4.0,2.0
186.0,29.0,-5.0,2.0
210.0,27.0,-6.0,0.0
218.0,24.0,-4.0,1.0
211.0,23.0,-4.0,0.0
191.0,23.0,-4.0,3.0
163.0,28.0,-2.0,4.0
132.0,30.0,-3.0,5.0
104.0,31.0,-3.0,6.0
81.0,33.0,-4.0,6.0
66.0,32.0,-6.0,6.0
62.0,33.0,-6.0,6.0
66.0,32.0,-5.0,6.0
78.0,31.0,-4.0,6.0
93.0,30.0,-3.0,5.0
108.0,27.0,-3.0,7.0
120.0,28.0,-1.0,7.0
126.0,28.0,-2.0,8.0
128.0,27.0,-2.0,7.0
124.0,29.0,-1.0,6.0
118.0,28.0,-2.0,8.0
110.0,30.0,-1.0,8.0
103.0,29.0,-2.0,8.0
96.0,30.0,-1.0,8.0
90.0,30.0,-1.0,7.0
87.0,30.0,-2.0,8.0
92.0,32.0,-2.0,8.0
101.0,30.0,-2.0,8.0
113.0,32.0,0.0,7.0
133.0,31.0,0.0,8.0
159.0,31.0,-1.0,8.0
183.0,32.0,-2.0,6.0
197.0,32.0,-2.0,7.0
198.0,34.0,2.0,9.0
186.0,35.0,3.0,9.0
166.0,35.0,3.0,4.0
142.0,37.0,3.0,5.0
117.0,38.0,-1.0,3.0
95.0,37.0,-2.0,4.0
78.0,35.0,-1.0,4.0
70.0,32.0,-2.0,3.0
70.0,27.0,1.0,2.0
77.0,24.0,1.0,2.0
89.0,25.0,5.0,0.0
101.0,25.0,6.0,-2.0
111.0,27.0,7.0,-1.0
116.0,31.0,6.0,-4.0
117.0,31.0,4.0,-2.0
114.0,34.0,4.0,-1.0
109.0,36.0,2.0,-2.0
104.0,34.0,-1.0,1.0
100.0,34.0,-2.0,7.0
98.0,30.0,-1.0,8.0
98.0,29.0,1.0,10.0
99.0,27.0,2.0,6.0
102.0,26.0,3.0,3.0
105.0,27.0,3.0,4.0
111.0,28.0,4.0,1.0
125.0,30.0,5.0,0.0
146.0,31.0,4.0,0.0
170.0,32.0,5.0,1.0
190.0,33.0,5.0,4.0
201.0,32.0,4.0,6.0
200.0,31.0,2.0,5.0
188.0,29.0,3.0,7.0
168.0,29.0,4.0,7.0
145.0,31.0,5.0,5.0
122.0,30.0,5.0,6.0
101.0,31.0,4.0,6.0
85.0,32.0,2.0,4.0
75.0,32.0,4.0,4.0
73.0,32.0,3.0,4.0
79.0,32.0,4.0,5.0
88.0,33.0,5.0,6.0
99.0,36.0,5.0,7.0
108.0,40.0,2.0,8.0
109.0,39.0,-1.0,5.0
110.0,38.0,-4.0,3.0
114.0,36.0,-4.0,0.0
119.0,33.0,-4.0,1.0
122.0,31.0,-4.0,1.0
123.0,26.0,-4.0,2.0
121.0,23.0,-2.0,-1.0
117.0,22.0,-1.0,0.0
110.0,24.0,0.0,3.0
103.0,26.0,1.0,3.0
98.0,30.0,-1.0,6.0
100.0,31.0,-2.0,6.0
114.0,32.0,-2.0,4.0
140.0,32.0,-4.0,5.0
171.0,33.0,-5.0,5.0
197.0,32.0,-3.0,5.0
209.0,32.0,-3.0,6.0
206.0,29.0,-1.0,4.0
166.0,28.0,-2.0,4.0
139.0,28.0,-2.0,4.0
113.0,27.0,-2.0,6.0
92.0,29.0,-2.0,6.0
78.0,30.0,0.0,6.0
72.0,29.0,-2.0,6.0
74.0,31.0,-2.0,6.0
82.0,30.0,-1.0,7.0
93.0,30.0,-1.0,7.0
104.0,30.0,-1.0,5.0
112.0,30.0,-2.0,7.0
117.0,30.0,-1.0,7.0
117.0,30.0,1.0,5.0
114.0,30.0,0.0,5.0
109.0,32.0,0.0,6.0
103.0,32.0,1.0,7.0
97.0,32.0,0.0,10.0
93.0,33.0,2.0,10.0
90.0,35.0,3.0,9.0
88.0,38.0,4.0,5.0
88.0,38.0,0.0,5.0
94.0,37.0,-2.0,2.0
108.0,35.0,0.0,2.0
134.0,32.0,2.0,2.0
166.0,29.0,2.0,2.0
196.0,26.0,3.0,0.0
215.0,26.0,3.0,1.0
219.0,26.0,5.0,0.0
208.0,25.0,5.0,1.0
186.0,27.0,6.0,-1.0
159.0,30.0,7.0,1.0
136.0,32.0,5.0,1.0
113.0,34.0,6.0,2.0
89.0,34.0,3.0,4.0
71.0,36.0,3.0,3.0
62.0,32.0,1.0,5.0
62.0,29.0,2.0,4.0
71.0,28.0,2.0,5.0
85.0,26.0,6.0,5.0
101.0,25.0,7.0,3.0
114.0,26.0,5.0,4.0
121.0,27.0,6.0,2.0
123.0,30.0,4.0,1.0
119.0,31.0,6.0,2.0
111.0,30.0,6.0,1.0
103.0,33.0,4.0,2.0
97.0,33.0,4.0,5.0
92.0,32.0,2.0,4.0
89.0,31.0,4.0,4.0
89.0,31.0,2.0,5.0
90.0,31.0,3.0,5.0
94.0,32.0,1.0,5.0
102.0,31.0,3.0,3.0
118.0,33.0,2.0,4.0
142.0,32.0,3.0,4.0
171.0,33.0,5.0,4.0
196.0,38.0,5.0,5.0
210.0,42.0,3.0,6.0
209.0,43.0,-3.0,2.0
195.0,41.0,-6.0,0.0
173.0,39.0,-7.0,-2.0
148.0,35.0,-5.0,-1.0
126.0,31.0,-5.0,1.0
107.0,26.0,-4.0,0.0
94.0,22.0,-4.0,0.0
86.0,21.0,-2.0,-1.0
84.0,22.0,-1.0,1.0
85.0,25.0,0.0,2.0
89.0,31.0,-2.0,4.0
93.0,32.0,-2.0,5.0
99.0,34.0,-5.0,4.0
104.0,34.0,-8.0,4.0
108.0,33.0,-7.0,4.0
111.0,30.0,-5.0,5.0
113.0,29.0,-4.0,5.0
114.0,28.0,-2.0,5.0
112.0,29.0,-4.0,6.0
110.0,27.0,-3.0,6.0
107.0,27.0,-4.0,4.0
104.0,27.0,-2.0,6.0
101.0,28.0,-3.0,6.0
94.0,29.0,-3.0,4.0
93.0,29.0,-3.0,5.0
105.0,31.0,-2.0,5.0
128.0,31.0,-4.0,4.0
157.0,33.0,-4.0,5.0
184.0,31.0,-4.0,5.0
202.0,32.0,-3.0,5.0
206.0,32.0,-3.0,5.0
196.0,32.0,-1.0,4.0
177.0,32.0,-1.0,3.0
151.0,31.0,-1.0,4.0
125.0,33.0,-1.0,7.0
101.0,32.0,-3.0,7.0
82.0,33.0,-2.0,7.0
70.0,37.0,0.0,7.0
65.0,38.0,0.0,5.0
68.0,39.0,0.0,2.0
76.0,38.0,-1.0,0.0
88.0,36.0,-2.0,-1.0
101.0,32.0,-1.0,-3.0
114.0,31.0,-1.0,0.0
125.0,28.0,0.0,-2.0
131.0,26.0,1.0,-2.0
133.0,24.0,2.0,-2.0
130.0,26.0,3.0,-2.0
124.0,27.0,6.0,-1.0
115.0,30.0,6.0,0.0
105.0,33.0,6.0,-1.0
96.0,34.0,3.0,0.0
89.0,33.0,4.0,0.0
84.0,33.0,3.0,3.0
87.0,34.0,2.0,3.0
100.0,30.0,-1.0,1.0
128.0,29.0,-1.0,1.0
164.0,28.0,0.0,3.0
199.0,28.0,4.0,4.0
223.0,28.0,4.0,3.0
231.0,27.0,4.0,1.0
218.0,28.0,5.0,1.0
193.0,29.0,5.0,1.0
160.0,30.0,5.0,2.0
128.0,33.0,4.0,3.0
99.0,33.0,4.0,3.0
77.0,32.0,1.0,2.0
64.0,31.0,0.0,2.0
60.0,30.0,2.0,3.0
66.0,29.0,2.0,5.0
78.0,28.0,2.0,5.0
93.0,30.0,1.0,5.0
109.0,31.0,3.0,3.0
126.0,32.0,1.0,3.0
137.0,31.0,1.0,5.0
135.0,32.0,2.0,5.0
126.0,33.0,1.0,8.0
116.0,35.0,3.0,8.0
105.0,40.0,2.0,9.0
96.0,44.0,0.0,6.0
89.0,44.0,-5.0,1.0
85.0,40.0,-7.0,-2.0
83.0,36.0,-6.0,-2.0
85.0,32.0,-3.0,-1.0
90.0,29.0,-2.0,0.0
101.0,24.0,-2.0,0.0
119.0,22.0,-4.0,1.0
144.0,23.0,-4.0,0.0
172.0,24.0,-4.0,3.0
195.0,29.0,-4.0,4.0
206.0,30.0,-4.0,4.0
204.0,34.0,-5.0,4.0
189.0,33.0,-8.0,4.0
167.0,34.0,-9.0,6.0
142.0,30.0,-6.0,7.0
117.0,29.0,-5.0,5.0
97.0,28.0,-5.0,5.0
83.0,30.0,-6.0,6.0
74.0,29.0,-4.0,4.0
70.0,28.0,-3.0,5.0
72.0,28.0,-4.0,5.0
77.0,28.0,-2.0,5.0
84.0,30.0,-2.0,4.0
93.0,30.0,-4.0,6.0
101.0,29.0,-5.0,7.0
106.0,31.0,-5.0,8.0
110.0,29.0,-6.0,6.0
110.0,30.0,-5.0,8.0
109.0,28.0,-6.0,8.0
106.0,28.0,-6.0,8.0
103.0,28.0,-4.0,7.0
99.0,29.0,-5.0,7.0
95.0,29.0,-3.0,7.0
92.0,29.0,-4.0,6.0
89.0,31.0,-2.0,7.0
88.0,30.0,-2.0,8.0
91.0,31.0,-2.0,9.0
101.0,33.0,-2.0,12.0
122.0,33.0,-2.0,10.0
149.0,35.0,-2.0,10.0
177.0,37.0,0.0,7.0
196.0,40.0,-1.0,5.0
201.0,37.0,-3.0,4.0
188.0,34.0,-5.0,4.0
167.0,33.0,-3.0,4.0
146.0,28.0,-1.0,4.0
127.0,28.0,0.0,2.0
110.0,27.0,2.0,1.0
95.0,27.0,3.0,2.0
83.0,28.0,4.0,0.0
76.0,28.0,5.0,1.0
74.0,32.0,5.0,2.0
78.0,33.0,4.0,2.0
85.0,34.0,2.0,3.0
94.0,33.0,2.0,4.0
102.0,34.0,1.0,4.0
108.0,33.0,-1.0,4.0
113.0,31.0,-1.0,6.0
115.0,27.0,1.0,4.0
116.0,26.0,1.0,6.0
115.0,28.0,4.0,4.0
112.0,27.0,3.0,4.0
108.0,28.0,5.0,4.0
102.0,30.0,4.0,4.0
96.0,31.0,4.0,3.0
93.0,32.0,4.0,5.0
100.0,33.0,3.0,6.0
118.0,33.0,2.0,5.0
146.0,32.0,1.0,5.0
176.0,30.0,1.0,6.0
198.0,31.0,2.0,7.0
207.0,30.0,1.0,7.0
201.0,30.0,1.0,7.0
183.0,29.0,1.0,5.0
158.0,31.0,3.0,5.0
131.0,32.0,1.0,5.0
106.0,33.0,1.0,8.0
85.0,32.0,1.0,7.0
70.0,32.0,1.0,8.0
64.0,32.0,1.0,9.0
66.0,33.0,2.0,11.0
74.0,36.0,0.0,10.0
86.0,39.0,0.0,9.0
98.0,38.0,-3.0,5.0
108.0,37.0,-6.0,6.0
115.0,35.0,-6.0,3.0
119.0,31.0,-4.0,3.0
121.0,29.0,-1.0,1.0
122.0,28.0,-3.0,1.0
120.0,25.0,-2.0,2.0
116.0,25.0,-4.0,3.0
111.0,26.0,-2.0,2.0
104.0,27.0,-4.0,2.0
103.0,29.0,-5.0,3.0
101.0,32.0,-6.0,4.0
96.0,33.0,-5.0,4.0
100.0,33.0,-6.0,5.0
118.0,31.0,-5.0,7.0
147.0,30.0,-6.0,5.0
181.0,29.0,-5.0,6.0
207.0,28.0,-5.0,7.0
218.0,28.0,-3.0,5.0
212.0,29.0,-2.0,5.0
192.0,29.0,-3.0,6.0
164.0,28.0,-1.0,6.0
134.0,30.0,-3.0,5.0
104.0,28.0,-2.0,7.0
81.0,30.0,-2.0,6.0
65.0,29.0,-2.0,8.0
58.0,31.0,-2.0,8.0
60.0,30.0,-3.0,8.0
69.0,31.0,-4.0,8.0
83.0,31.0,-4.0,6.0
98.0,29.0,-2.0,6.0
111.0,30.0,-2.0,8.0
120.0,31.0,-4.0,6.0
124.0,32.0,-2.0,8.0
123.0,31.0,-3.0,7.0
119.0,31.0,-3.0,8.0
112.0,33.0,-2.0,10.0
105.0,34.0,-2.0,12.0
99.0,34.0,-2.0,12.0
94.0,36.0,1.0,10.0
90.0,38.0,-1.0,8.0
89.0,38.0,-2.0,4.0
93.0,36.0,-3.0,3.0
108.0,34.0,-1.0,2.0
133.0,30.0,0.0,2.0
164.0,29.0,2.0,3.0
193.0,25.0,2.0,3.0
210.0,25.0,2.0,3.0
211.0,27.0,3.0,3.0
199.0,28.0,4.0,4.0
176.0,32.0,4.0,3.0
147.0,32.0,3.0,4.0
118.0,33.0,1.0,4.0
92.0,33.0,2.0,5.0
72.0,33.0,-1.0,5.0
60.0,31.0,-2.0,8.0
56.0,30.0,-1.0,8.0
61.0,28.0,-1.0,6.0
74.0,28.0,2.0,7.0
90.0,27.0,3.0,5.0
101.0,29.0,1.0,6.0
107.0,29.0,1.0,4.0
115.0,28.0,2.0,3.0
118.0,29.0,3.0,6.0
117.0,30.0,3.0,5.0
112.0,31.0,3.0,6.0
106.0,33.0,2.0,6.0
100.0,30.0,0.0,6.0
94.0,31.0,2.0,8.0
91.0,29.0,2.0,8.0
89.0,31.0,0.0,6.0
91.0,30.0,0.0,6.0
98.0,30.0,1.0,7.0
115.0,32.0,1.0,7.0
141.0,30.0,1.0,6.0
172.0,30.0,0.0,8.0
197.0,31.0,0.0,8.0
210.0,32.0,1.0,10.0
209.0,37.0,2.0,9.0
194.0,40.0,1.0,11.0
170.0,41.0,-3.0,7.0
141.0,40.0,-8.0,5.0
114.0,35.0,-7.0,3.0
93.0,30.0,-5.0,4.0
79.0,29.0,-4.0,2.0
74.0,28.0,-4.0,3.0
77.0,26.0,-4.0,3.0
84.0,25.0,-6.0,1.0
94.0,26.0,-6.0,4.0
103.0,28.0,-4.0,6.0
110.0,30.0,-6.0,6.0
113.0,33.0,-7.0,5.0
114.0,32.0,-8.0,7.0
113.0,31.0,-7.0,6.0
111.0,29.0,-6.0,6.0
108.0,28.0,-6.0,7.0
105.0,29.0,-4.0,9.0
103.0,29.0,-5.0,7.0
100.0,29.0,-5.0,7.0
98.0,29.0,-3.0,6.0
97.0,29.0,-3.0,8.0
102.0,29.0,-3.0,8.0
116.0,28.0,-4.0,7.0
140.0,30.0,-3.0,8.0
168.0,29.0,-3.0,9.0
192.0,31.0,-4.0,7.0
205.0,29.0,-6.0,8.0
204.0,30.0,-4.0,10.0
191.0,28.0,-4.0,10.0
168.0,28.0,-5.0,10.0
147.0,28.0,-3.0,10.0
125.0,28.0,-5.0,10.0
100.0,30.0,-5.0,9.0
79.0,29.0,-4.0,11.0
66.0,29.0,-4.0,11.0
61.0,31.0,-2.0,11.0
66.0,30.0,-3.0,11.0
76.0,31.0,-2.0,12.0
90.0,32.0,-4.0,11.0
103.0,32.0,-4.0,12.0
113.0,33.0,-2.0,11.0
119.0,33.0,-1.0,11.0
121.0,35.0,-3.0,8.0
118.0,37.0,-2.0,7.0
112.0,37.0,-3.0,7.0
106.0,35.0,-4.0,3.0
102.0,31.0,-4.0,2.0
98.0,30.0,-1.0,3.0
97.0,27.0,0.0,4.0
99.0,28.0,-1.0,3.0
108.0,27.0,0.0,4.0
127.0,28.0,2.0,4.0
154.0,31.0,3.0,2.0
182.0,31.0,3.0,3.0
203.0,32.0,3.0,4.0
211.0,32.0,2.0,5.0
204.0,34.0,-1.0,5.0
185.0,32.0,-1.0,8.0
159.0,32.0,-4.0,6.0
133.0,28.0,-2.0,8.0
109.0,26.0,0.0,5.0
91.0,26.0,2.0,5.0
79.0,27.0,3.0,5.0
74.0,28.0,1.0,4.0
75.0,30.0,1.0,6.0
81.0,31.0,3.0,5.0
89.0,30.0,2.0,7.0
99.0,30.0,3.0,6.0
108.0,30.0,2.0,7.0
115.0,31.0,0.0,8.0
117.0,29.0,1.0,9.0
117.0,30.0,-1.0,9.0
115.0,30.0,1.0,7.0
111.0,30.0,1.0,7.0
106.0,30.0,0.0,9.0
102.0,31.0,2.0,7.0
98.0,30.0,2.0,8.0
94.0,32.0,0.0,7.0
93.0,31.0,0.0,9.0
100.0,33.0,0.0,9.0
113.0,33.0,0.0,10.0
137.0,35.0,1.0,10.0
170.0,37.0,-2.0,13.0
199.0,41.0,-3.0,9.0
214.0,42.0,-5.0,7.0
212.0,38.0,-8.0,7.0
197.0,36.0,-9.0,5.0
174.0,32.0,-5.0,5.0
149.0,29.0,-2.0,2.0
124.0,25.0,-3.0,1.0
102.0,25.0,-2.0,2.0
84.0,25.0,-2.0,2.0
70.0,26.0,-4.0,4.0
61.0,28.0,-5.0,5.0
57.0,31.0,-6.0,6.0
58.0,33.0,-8.0,4.0
63.0,32.0,-8.0,5.0
72.0,32.0,-7.0,6.0
82.0,29.0,-6.0,4.0
94.0,28.0,-5.0,4.0
105.0,27.0,-6.0,6.0
116.0,28.0,-5.0,5.0
124.0,28.0,-5.0,7.0
130.0,29.0,-6.0,7.0
132.0,29.0,-4.0,8.0
132.0,29.0,-4.0,6.0
128.0,29.0,-5.0,8.0
121.0,30.0,-5.0,8.0
115.0,29.0,-4.0,8.0
115.0,31.0,-4.0,7.0
126.0,31.0,-6.0,7.0
146.0,31.0,-6.0,8.0
171.0,30.0,-6.0,9.0
191.0,28.0,-6.0,9.0
202.0,28.0,-6.0,8.0
198.0,30.0,-4.0,9.0
183.0,29.0,-5.0,9.0
161.0,29.0,-3.0,10.0
136.0,29.0,-3.0,10.0
111.0,31.0,-4.0,11.0
89.0,30.0,-4.0,12.0
75.0,31.0,-2.0,12.0
67.0,34.0,-2.0,13.0
68.0,37.0,0.0,11.0
75.0,39.0,-3.0,7.0
86.0,41.0,-4.0,3.0
98.0,39.0,-5.0,1.0
110.0,34.0,-3.0,1.0
119.0,32.0,-3.0,2.0
125.0,28.0,-1.0,3.0
132.0,24.0,1.0,1.0
137.0,24.0,0.0,2.0
131.0,27.0,3.0,2.0
121.0,29.0,2.0,2.0
109.0,32.0,2.0,3.0
98.0,32.0,2.0,3.0
90.0,33.0,1.0,3.0
89.0,33.0,-1.0,4.0
101.0,32.0,-1.0,4.0
127.0,30.0,0.0,4.0
161.0,29.0,-1.0,2.0
195.0,27.0,-1.0,3.0
217.0,29.0,2.0,2.0
222.0,29.0,4.0,1.0
212.0,30.0,4.0,3.0
189.0,30.0,4.0,1.0
157.0,31.0,4.0,1.0
125.0,33.0,2.0,2.0
97.0,32.0,3.0,2.0
75.0,32.0,1.0,3.0
64.0,32.0,2.0,3.0
63.0,33.0,0.0,5.0
71.0,32.0,0.0,4.0
86.0,29.0,1.0,6.0
104.0,28.0,0.0,6.0
119.0,28.0,0.0,6.0
129.0,29.0,2.0,6.0
133.0,30.0,1.0,5.0
131.0,31.0,3.0,4.0
124.0,32.0,3.0,5.0
115.0,33.0,1.0,7.0
105.0,32.0,2.0,8.0
96.0,32.0,2.0,8.0
90.0,32.0,0.0,7.0
87.0,34.0,0.0,8.0
87.0,34.0,0.0,7.0
95.0,35.0,-1.0,9.0
115.0,38.0,-3.0,6.0
146.0,39.0,-4.0,5.0
183.0,36.0,-6.0,4.0
214.0,32.0,-5.0,3.0
231.0,31.0,-2.0,4.0
231.0,30.0,-1.0,2.0
221.0,27.0,-3.0,0.0
194.0,28.0,-2.0,1.0
159.0,28.0,-3.0,2.0
124.0,29.0,-5.0,4.0
93.0,32.0,-6.0,5.0
70.0,33.0,-6.0,6.0
57.0,33.0,-7.0,6.0
50.0,30.0,-7.0,5.0
54.0,30.0,-7.0,7.0
72.0,29.0,-5.0,5.0
97.0,27.0,-4.0,5.0
120.0,29.0,-4.0,5.0
137.0,28.0,-4.0,6.0
144.0,30.0,-3.0,5.0
142.0,30.0,-5.0,6.0
134.0,30.0,-3.0,7.0
122.0,28.0,-3.0,6.0
110.0,27.0,-3.0,8.0
100.0,28.0,-5.0,7.0
93.0,30.0,-4.0,7.0
89.0,29.0,-4.0,8.0
87.0,31.0,-5.0,7.0
88.0,31.0,-4.0,8.0
94.0,29.0,-5.0,7.0
109.0,29.0,-5.0,9.0
135.0,29.0,-3.0,9.0
168.0,29.0,-3.0,9.0
198.0,31.0,-3.0,8.0
217.0,31.0,-4.0,9.0
219.0,32.0,-4.0,8.0
206.0,31.0,-4.0,9.0
181.0,32.0,-3.0,12.0
151.0,33.0,-4.0,12.0
121.0,35.0,-3.0,11.0
94.0,37.0,-1.0,7.0
74.0,37.0,-3.0,7.0
62.0,37.0,-3.0,5.0
58.0,33.0,-3.0,4.0
63.0,31.0,-2.0,4.0
74.0,28.0,0.0,3.0
90.0,26.0,1.0,2.0
105.0,25.0,1.0,2.0
117.0,27.0,2.0,2.0
123.0,29.0,3.0,1.0
123.0,31.0,2.0,3.0
120.0,33.0,1.0,3.0
112.0,34.0,2.0,2.0
103.0,35.0,1.0,2.0
95.0,35.0,0.0,3.0
90.0,32.0,-1.0,4.0
86.0,31.0,-3.0,5.0
86.0,29.0,-2.0,5.0
89.0,28.0,0.0,3.0
93.0,27.0,0.0,5.0
100.0,29.0,0.0,4.0
111.0,28.0,2.0,3.0
132.0,30.0,2.0,3.0
163.0,31.0,1.0,3.0
198.0,30.0,2.0,4.0
218.0,30.0,0.0,5.0
222.0,30.0,1.0,5.0
211.0,32.0,-1.0,6.0
188.0,32.0,-1.0,4.0
158.0,31.0,-1.0,4.0
127.0,31.0,-1.0,4.0
100.0,29.0,-1.0,4.0
78.0,31.0,-1.0,6.0
65.0,30.0,-1.0,4.0
62.0,30.0,-1.0,5.0
66.0,31.0,-1.0,5.0
78.0,33.0,1.0,6.0
92.0,32.0,0.0,7.0
105.0,35.0,0.0,6.0
115.0,40.0,-1.0,8.0
119.0,40.0,-5.0,6.0
119.0,40.0,-10.0,4.0
116.0,36.0,-10.0,4.0
114.0,32.0,-8.0,4.0
113.0,30.0,-6.0,3.0
114.0,27.0,-4.0,4.0
115.0,25.0,-2.0,3.0
113.0,25.0,-4.0,3.0
110.0,25.0,-3.0,3.0
104.0,27.0,-5.0,4.0
96.0,30.0,-6.0,5.0
90.0,33.0,-8.0,6.0
92.0,34.0,-9.0,6.0
108.0,33.0,-8.0,7.0
138.0,32.0,-8.0,5.0
175.0,29.0,-5.0,7.0
208.0,28.0,-6.0,5.0
226.0,29.0,-4.0,7.0
225.0,29.0,-3.0,5.0
209.0,28.0,-5.0,5.0
179.0,28.0,-5.0,5.0
145.0,29.0,-3.0,7.0
111.0,29.0,-4.0,6.0
84.0,29.0,-4.0,6.0
65.0,28.0,-3.0,6.0
56.0,30.0,-3.0,6.0
57.0,29.0,-5.0,6.0
67.0,30.0,-5.0,6.0
82.0,30.0,-4.0,8.0
97.0,31.0,-4.0,8.0
111.0,31.0,-4.0,8.0
119.0,31.0,-4.0,9.0
122.0,30.0,-3.0,9.0
117.0,31.0,-4.0,9.0
106.0,30.0,-4.0,7.0
101.0,32.0,-4.0,8.0
98.0,31.0,-3.0,9.0
96.0,33.0,-4.0,9.0
94.0,34.0,-2.0,10.0
93.0,34.0,-1.0,10.0
93.0,35.0,-1.0,7.0
92.0,37.0,-2.0,6.0
92.0,34.0,-3.0,3.0
95.0,34.0,-4.0,4.0
107.0,32.0,-3.0,3.0
131.0,28.0,0.0,3.0
165.0,27.0,0.0,3.0
198.0,28.0,-1.0,3.0
221.0,27.0,0.0,3.0
227.0,28.0,2.0,3.0
216.0,30.0,1.0,4.0
191.0,33.0,0.0,4.0
159.0,34.0,0.0,3.0
126.0,33.0,0.0,4.0
97.0,34.0,-3.0,5.0
75.0,31.0,-3.0,5.0
62.0,29.0,-4.0,7.0
59.0,29.0,-1.0,5.0
66.0,28.0,1.0,6.0
80.0,28.0,0.0,6.0
95.0,29.0,2.0,4.0
109.0,30.0,2.0,4.0
118.0,30.0,0.0,5.0
121.0,31.0,2.0,5.0
119.0,32.0,2.0,6.0
114.0,32.0,0.0,5.0
107.0,32.0,-1.0,5.0
100.0,30.0,0.0,7.0
95.0,30.0,0.0,7.0
92.0,31.0,-1.0,6.0
90.0,29.0,-1.0,7.0
90.0,29.0,-1.0,6.0
91.0,29.0,1.0,6.0
92.0,31.0,1.0,7.0
93.0,30.0,1.0,7.0
93.0,32.0,0.0,6.0
97.0,33.0,0.0,8.0
109.0,33.0,0.0,9.0
133.0,33.0,0.0,10.0
166.0,34.0,-2.0,10.0
198.0,37.0,-2.0,11.0
217.0,37.0,-3.0,8.0
220.0,39.0,-7.0,5.0
210.0,38.0,-9.0,6.0
192.0,35.0,-8.0,4.0
162.0,30.0,-5.0,3.0
130.0,28.0,-3.0,4.0
102.0,27.0,-4.0,1.0
81.0,25.0,-3.0,1.0
67.0,26.0,-6.0,3.0
60.0,28.0,-5.0,2.0
60.0,28.0,-8.0,3.0
66.0,31.0,-9.0,3.0
77.0,30.0,-11.0,3.0
89.0,30.0,-10.0,4.0
102.0,30.0,-10.0,6.0
113.0,31.0,-8.0,5.0
122.0,29.0,-7.0,5.0
127.0,30.0,-6.0,4.0
128.0,28.0,-6.0,4.0
126.0,29.0,-6.0,5.0
120.0,27.0,-4.0,3.0
112.0,28.0,-4.0,5.0
103.0,28.0,-6.0,6.0
94.0,28.0,-6.0,6.0
87.0,28.0,-6.0,4.0
83.0,30.0,-6.0,6.0
80.0,29.0,-7.0,5.0
82.0,31.0,-8.0,7.0
92.0,31.0,-8.0,7.0
116.0,31.0,-6.0,5.0
150.0,30.0,-7.0,7.0
188.0,30.0,-7.0,7.0
217.0,30.0,-5.0,7.0
231.0,29.0,-5.0,5.0
223.0,31.0,-6.0,7.0
203.0,31.0,-4.0,5.0
172.0,30.0,-4.0,7.0
138.0,32.0,-5.0,6.0
106.0,31.0,-5.0,7.0
80.0,32.0,-4.0,10.0
62.0,35.0,-3.0,8.0
54.0,35.0,-3.0,9.0
54.0,37.0,-2.0,5.0
63.0,39.0,-3.0,5.0
77.0,38.0,-7.0,3.0
93.0,34.0,-7.0,3.0
108.0,31.0,-5.0,3.0
121.0,28.0,-3.0,3.0
129.0,27.0,-2.0,3.0
131.0,24.0,0.0,1.0
128.0,24.0,1.0,1.0
122.0,26.0,2.0,1.0
110.0,28.0,1.0,2.0
95.0,32.0,2.0,3.0
87.0,32.0,1.0,2.0
84.0,33.0,-1.0,2.0
83.0,34.0,-3.0,5.0
82.0,33.0,-4.0,6.0
84.0,32.0,-6.0,7.0
91.0,28.0,-4.0,7.0
110.0,26.0,-1.0,5.0
142.0,27.0,0.0,5.0
181.0,27.0,0.0,5.0
215.0,28.0,2.0,3.0
231.0,30.0,1.0,4.0
231.0,29.0,1.0,3.0
218.0,30.0,1.0,4.0
188.0,32.0,0.0,6.0
151.0,32.0,1.0,5.0
117.0,32.0,-1.0,5.0
89.0,30.0,0.0,7.0
70.0,31.0,0.0,5.0
60.0,31.0,0.0,7.0
60.0,31.0,-1.0,5.0
68.0,31.0,-1.0,5.0
82.0,30.0,0.0,5.0
97.0,32.0,0.0,5.0
112.0,33.0,-1.0,7.0
122.0,34.0,-1.0,8.0
127.0,33.0,0.0,9.0
126.0,37.0,0.0,9.0
120.0,40.0,-4.0,10.0
112.0,39.0,-8.0,7.0
104.0,38.0,-8.0,7.0
98.0,33.0,-8.0,4.0
95.0,31.0,-4.0,2.0
95.0,29.0,-4.0,3.0
98.0,27.0,-3.0,1.0
102.0,26.0,-5.0,2.0
104.0,26.0,-5.0,3.0
105.0,26.0,-6.0,2.0
104.0,29.0,-6.0,2.0
109.0,31.0,-9.0,4.0
124.0,32.0,-8.0,3.0
152.0,33.0,-8.0,3.0
184.0,32.0,-8.0,5.0
211.0,30.0,-7.0,5.0
223.0,31.0,-7.0,5.0
220.0,30.0,-7.0,5.0
203.0,28.0,-7.0,5.0
174.0,28.0,-7.0,4.0
142.0,28.0,-5.0,4.0
113.0,29.0,-4.0,5.0
92.0,29.0,-6.0,5.0
71.0,28.0,-4.0,5.0
56.0,30.0,-4.0,4.0
51.0,29.0,-6.0,6.0
56.0,31.0,-6.0,5.0
69.0,31.0,-6.0,5.0
85.0,29.0,-6.0,6.0
100.0,31.0,-5.0,4.0
112.0,30.0,-5.0,4.0
120.0,31.0,-6.0,4.0
121.0,30.0,-6.0,4.0
118.0,31.0,-4.0,3.0
112.0,32.0,-4.0,4.0
106.0,33.0,-4.0,6.0
99.0,32.0,-5.0,9.0
94.0,33.0,-7.0,10.0
91.0,35.0,-6.0,8.0
90.0,36.0,-3.0,6.0
90.0,39.0,-3.0,2.0
89.0,36.0,-6.0,0.0
89.0,34.0,-4.0,0.0
94.0,31.0,-4.0,2.0
110.0,30.0,-1.0,2.0
139.0,26.0,1.0,0.0
175.0,24.0,0.0,-1.0
207.0,26.0,2.0,0.0
225.0,28.0,1.0,1.0
223.0,29.0,3.0,2.0
207.0,33.0,1.0,1.0
178.0,33.0,2.0,1.0
143.0,34.0,-1.0,2.0
110.0,35.0,-2.0,2.0
83.0,34.0,-3.0,4.0
63.0,32.0,-3.0,5.0
53.0,28.0,0.0,3.0
54.0,28.0,0.0,3.0
63.0,28.0,2.0,2.0
78.0,27.0,1.0,4.0
95.0,28.0,1.0,4.0
109.0,29.0,2.0,4.0
120.0,29.0,1.0,5.0
124.0,30.0,2.0,6.0
124.0,30.0,0.0,5.0
120.0,32.0,1.0,4.0
114.0,31.0,1.0,5.0
107.0,32.0,1.0,5.0
102.0,30.0,1.0,4.0
97.0,31.0,0.0,6.0
94.0,31.0,0.0,4.0
90.0,29.0,0.0,4.0
83.0,29.0,0.0,4.0
85.0,31.0,1.0,6.0
95.0,30.0,1.0,5.0
116.0,31.0,-1.0,7.0
147.0,33.0,-1.0,6.0
182.0,32.0,0.0,7.0
210.0,32.0,0.0,8.0
223.0,34.0,-1.0,8.0
219.0,36.0,-2.0,8.0
201.0,38.0,-2.0,9.0
172.0,38.0,-3.0,5.0
139.0,38.0,-5.0,4.0
108.0,36.0,-6.0,3.0
83.0,33.0,-6.0,4.0
68.0,30.0,-4.0,3.0
63.0,28.0,-4.0,1.0
68.0,26.0,-5.0,2.0
80.0,26.0,-5.0,1.0
93.0,28.0,-7.0,3.0
105.0,29.0,-8.0,4.0
114.0,29.0,-7.0,5.0
118.0,31.0,-8.0,5.0
118.0,32.0,-9.0,4.0
116.0,32.0,-10.0,5.0
112.0,31.0,-7.0,6.0
107.0,30.0,-6.0,6.0
105.0,29.0,-5.0,5.0
103.0,27.0,-7.0,5.0
101.0,28.0,-5.0,7.0
100.0,29.0,-7.0,7.0
98.0,29.0,-6.0,7.0
96.0,28.0,-7.0,6.0
94.0,29.0,-5.0,6.0
96.0,27.0,-4.0,8.0
110.0,29.0,-4.0,8.0
137.0,28.0,-5.0,7.0
173.0,29.0,-7.0,6.0
206.0,29.0,-7.0,7.0
225.0,31.0,-5.0,8.0
227.0,29.0,-5.0,7.0
212.0,30.0,-5.0,7.0
185.0,30.0,-5.0,7.0
152.0,28.0,-6.0,9.0
120.0,30.0,-6.0,9.0
92.0,30.0,-6.0,9.0
72.0,29.0,-6.0,8.0
59.0,31.0,-4.0,8.0
56.0,30.0,-5.0,8.0
60.0,30.0,-5.0,8.0
73.0,30.0,-5.0,10.0
94.0,31.0,-5.0,11.0
108.0,34.0,-3.0,10.0
116.0,34.0,-2.0,10.0
119.0,36.0,-4.0,8.0
119.0,37.0,-6.0,5.0
115.0,36.0,-7.0,5.0
109.0,34.0,-6.0,2.0
104.0,32.0,-4.0,2.0
101.0,29.0,-3.0,3.0
100.0,29.0,-3.0,3.0
101.0,26.0,-2.0,2.0
101.0,27.0,-1.0,0.0
101.0,27.0,1.0,1.0
101.0,28.0,0.0,1.0
105.0,30.0,2.0,2.0
120.0,31.0,0.0,2.0
145.0,34.0,-1.0,1.0
176.0,35.0,-1.0,2.0
202.0,33.0,-4.0,4.0
215.0,32.0,-4.0,5.0
211.0,31.0,-6.0,6.0
195.0,29.0,-4.0,6.0
171.0,28.0,-2.0,5.0
143.0,28.0,1.0,5.0
115.0,27.0,1.0,4.0
90.0,29.0,-1.0,5.0
71.0,30.0,-1.0,5.0
58.0,31.0,1.0,6.0
54.0,30.0,1.0,6.0
58.0,32.0,-1.0,4.0
70.0,32.0,0.0,4.0
85.0,30.0,-2.0,5.0
101.0,31.0,-1.0,7.0
114.0,30.0,-2.0,6.0
123.0,28.0,-2.0,5.0
126.0,28.0,-2.0,6.0
125.0,29.0,-2.0,4.0
119.0,30.0,-2.0,4.0
111.0,31.0,-2.0,6.0
102.0,32.0,0.0,8.0
94.0,34.0,0.0,10.0
88.0,33.0,-3.0,10.0
84.0,38.0,-3.0,9.0
83.0,41.0,-6.0,9.0
86.0,42.0,-9.0,5.0
98.0,40.0,-8.0,3.0
123.0,36.0,-9.0,2.0
160.0,32.0,-7.0,3.0
199.0,28.0,-5.0,5.0
227.0,26.0,-5.0,4.0
231.0,27.0,-6.0,1.0
222.0,24.0,-6.0,-1.0
201.0,25.0,-5.0,0.0
169.0,26.0,-5.0,3.0
135.0,31.0,-7.0,7.0
103.0,32.0,-8.0,7.0
77.0,31.0,-9.0,8.0
61.0,31.0,-10.0,7.0
54.0,31.0,-7.0,5.0
58.0,28.0,-7.0,5.0
70.0,27.0,-6.0,7.0
86.0,28.0,-6.0,7.0
102.0,27.0,-4.0,7.0
115.0,28.0,-4.0,5.0
122.0,30.0,-7.0,6.0
124.0,29.0,-7.0,7.0
122.0,28.0,-5.0,7.0
117.0,28.0,-6.0,8.0
112.0,28.0,-5.0,8.0
107.0,30.0,-5.0,7.0
103.0,29.0,-7.0,8.0
100.0,31.0,-7.0,6.0
97.0,31.0,-5.0,8.0
95.0,30.0,-5.0,8.0
98.0,28.0,-5.0,7.0
110.0,29.0,-6.0,7.0
133.0,28.0,-5.0,7.0
163.0,30.0,-4.0,9.0
191.0,29.0,-4.0,9.0
210.0,30.0,-4.0,9.0
212.0,32.0,-5.0,10.0
200.0,32.0,-5.0,11.0
176.0,31.0,-5.0,10.0
148.0,31.0,-4.0,11.0
119.0,35.0,-4.0,11.0
93.0,36.0,-2.0,9.0
74.0,38.0,-3.0,6.0
61.0,38.0,-6.0,6.0
56.0,36.0,-5.0,3.0
61.0,32.0,-4.0,2.0
74.0,31.0,-2.0,2.0
92.0,29.0,-1.0,1.0
110.0,28.0,-2.0,1.0
126.0,26.0,-2.0,1.0
135.0,28.0,-2.0,2.0
137.0,30.0,0.0,0.0
133.0,32.0,0.0,2.0
124.0,33.0,0.0,2.0
112.0,32.0,1.0,1.0
102.0,34.0,-2.0,2.0
99.0,34.0,-1.0,5.0
91.0,33.0,-2.0,4.0
83.0,30.0,-4.0,6.0
82.0,30.0,-4.0,4.0
94.0,27.0,-2.0,4.0
120.0,27.0,1.0,5.0
158.0,27.0,0.0,3.0
197.0,28.0,2.0,3.0
225.0,30.0,0.0,3.0
231.0,29.0,0.0,3.0
231.0,31.0,0.0,5.0
205.0,30.0,0.0,6.0
172.0,32.0,1.0,6.0
138.0,32.0,0.0,6.0
106.0,30.0,-2.0,5.0
82.0,31.0,0.0,7.0
66.0,29.0,0.0,7.0
60.0,29.0,-1.0,5.0
63.0,31.0,-1.0,6.0
74.0,30.0,0.0,6.0
90.0,32.0,0.0,6.0
105.0,32.0,-1.0,5.0
119.0,31.0,-1.0,6.0
127.0,33.0,0.0,6.0
129.0,33.0,-2.0,8.0
127.0,32.0,-1.0,10.0
121.0,36.0,-1.0,9.0
113.0,38.0,-4.0,9.0
105.0,39.0,-7.0,6.0
99.0,38.0,-8.0,3.0
94.0,38.0,-9.0,3.0
92.0,34.0,-8.0,2.0
94.0,31.0,-7.0,1.0
105.0,28.0,-5.0,2.0
126.0,26.0,-4.0,0.0
156.0,24.0,-5.0,1.0
186.0,25.0,-4.0,3.0
210.0,28.0,-6.0,5.0
219.0,30.0,-6.0,6.0
214.0,33.0,-7.0,4.0
196.0,32.0,-9.0,4.0
170.0,31.0,-8.0,5.0
143.0,29.0,-5.0,7.0
118.0,29.0,-4.0,5.0
97.0,27.0,-5.0,5.0
83.0,28.0,-5.0,5.0
75.0,29.0,-5.0,5.0
73.0,28.0,-5.0,5.0
76.0,28.0,-5.0,5.0
82.0,30.0,-5.0,5.0
84.0,30.0,-5.0,7.0
94.0,30.0,-5.0,8.0
105.0,30.0,-5.0,8.0
114.0,29.0,-6.0,9.0
117.0,29.0,-6.0,7.0
117.0,29.0,-5.0,7.0
114.0,30.0,-7.0,7.0
110.0,30.0,-6.0,9.0
105.0,28.0,-6.0,8.0
100.0,30.0,-6.0,8.0
96.0,29.0,-4.0,9.0
93.0,31.0,-4.0,7.0
94.0,30.0,-6.0,9.0
102.0,31.0,-4.0,10.0
120.0,30.0,-5.0,10.0
147.0,32.0,-3.0,10.0
176.0,34.0,-3.0,12.0
198.0,34.0,-3.0,8.0
207.0,36.0,-4.0,8.0
201.0,37.0,-5.0,5.0
183.0,36.0,-6.0,5.0
157.0,34.0,-5.0,2.0
130.0,33.0,-4.0,2.0
106.0,28.0,-2.0,3.0
88.0,27.0,-3.0,2.0
76.0,26.0,-3.0,3.0
73.0,26.0,-2.0,2.0
76.0,27.0,1.0,2.0
83.0,29.0,0.0,2.0
93.0,31.0,0.0,1.0
102.0,32.0,-1.0,3.0
109.0,34.0,-2.0,4.0
112.0,34.0,-4.0,4.0
113.0,33.0,-5.0,4.0
112.0,31.0,-4.0,6.0
109.0,28.0,-3.0,6.0
108.0,27.0,-1.0,6.0
107.0,27.0,0.0,6.0
106.0,27.0,-1.0,5.0
104.0,28.0,0.0,5.0
102.0,30.0,1.0,5.0
101.0,31.0,1.0,5.0
107.0,30.0,1.0,4.0
123.0,30.0,-1.0,6.0
148.0,30.0,0.0,5.0
175.0,30.0,-2.0,6.0
196.0,31.0,-3.0,6.0
205.0,30.0,-3.0,6.0
201.0,31.0,-1.0,6.0
185.0,29.0,-2.0,7.0
168.0,30.0,0.0,7.0
141.0,30.0,0.0,7.0
111.0,31.0,0.0,6.0
88.0,30.0,-2.0,7.0
72.0,32.0,-2.0,8.0
65.0,33.0,-2.0,8.0
68.0,32.0,-1.0,8.0
77.0,34.0,-3.0,10.0
91.0,37.0,-3.0,9.0
104.0,39.0,-3.0,10.0
115.0,41.0,-6.0,5.0
121.0,38.0,-9.0,4.0
124.0,36.0,-10.0,4.0
124.0,32.0,-6.0,4.0
122.0,28.0,-5.0,3.0
120.0,27.0,-6.0,1.0
118.0,24.0,-4.0,1.0
113.0,26.0,-6.0,1.0
108.0,26.0,-6.0,1.0
101.0,30.0,-7.0,4.0
96.0,32.0,-8.0,4.0
96.0,34.0,-10.0,4.0
109.0,34.0,-9.0,6.0
134.0,31.0,-10.0,5.0
166.0,29.0,-8.0,7.0
196.0,29.0,-7.0,5.0
214.0,28.0,-6.0,5.0
216.0,28.0,-5.0,5.0
203.0,27.0,-5.0,6.0
179.0,29.0,-5.0,6.0
149.0,28.0,-4.0,6.0
119.0,28.0,-6.0,5.0
92.0,28.0,-6.0,6.0
73.0,30.0,-5.0,8.0
64.0,29.0,-7.0,7.0
65.0,29.0,-6.0,8.0
73.0,29.0,-7.0,8.0
86.0,29.0,-7.0,8.0
101.0,29.0,-5.0,8.0
114.0,28.0,-6.0,7.0
121.0,28.0,-5.0,8.0
124.0,28.0,-6.0,7.0
122.0,29.0,-4.0,7.0
117.0,31.0,-5.0,8.0
110.0,31.0,-4.0,7.0
103.0,31.0,-5.0,9.0
97.0,30.0,-5.0,10.0
92.0,32.0,-3.0,11.0
89.0,33.0,-3.0,10.0
88.0,34.0,-3.0,12.0
87.0,34.0,-2.0,10.0
105.0,36.0,-4.0,9.0
136.0,39.0,-4.0,5.0
170.0,37.0,-7.0,3.0
200.0,33.0,-5.0,4.0
216.0,30.0,-3.0,4.0
216.0,28.0,-1.0,4.0
203.0,28.0,0.0,3.0
179.0,27.0,0.0,2.0
151.0,26.0,0.0,2.0
123.0,30.0,1.0,1.0
97.0,30.0,0.0,2.0
78.0,31.0,0.0,3.0
66.0,32.0,1.0,3.0
62.0,34.0,0.0,3.0
65.0,34.0,-4.0,5.0
74.0,31.0,-5.0,8.0
86.0,31.0,-5.0,5.0
100.0,28.0,-2.0,5.0
112.0,27.0,-2.0,5.0
121.0,27.0,-1.0,4.0
124.0,29.0,-1.0,3.0
123.0,28.0,1.0,5.0
117.0,28.0,1.0,5.0
109.0,29.0,0.0,6.0
101.0,31.0,0.0,6.0
94.0,32.0,-1.0,6.0
88.0,32.0,-2.0,5.0
86.0,32.0,-1.0,5.0
89.0,30.0,-3.0,7.0
102.0,31.0,-1.0,8.0
127.0,30.0,-1.0,6.0
160.0,28.0,-2.0,7.0
191.0,30.0,0.0,6.0
213.0,31.0,-2.0,7.0
218.0,30.0,-1.0,6.0
208.0,31.0,-1.0,6.0
185.0,33.0,-2.0,7.0
155.0,32.0,0.0,8.0
126.0,34.0,-2.0,10.0
100.0,39.0,-2.0,11.0
80.0,41.0,-6.0,9.0
68.0,41.0,-10.0,9.0
65.0,36.0,-9.0,6.0
72.0,34.0,-8.0,6.0
85.0,31.0,-4.0,2.0
103.0,27.0,-5.0,2.0
119.0,27.0,-6.0,1.0
131.0,26.0,-5.0,2.0
135.0,24.0,-5.0,3.0
140.0,26.0,-6.0,3.0
131.0,28.0,-6.0,3.0
117.0,30.0,-7.0,5.0
102.0,30.0,-10.0,7.0
89.0,31.0,-9.0,6.0
81.0,32.0,-9.0,5.0
78.0,33.0,-10.0,7.0
81.0,30.0,-8.0,6.0
92.0,28.0,-7.0,8.0
115.0,27.0,-7.0,6.0
148.0,27.0,-6.0,6.0
183.0,27.0,-5.0,7.0
209.0,29.0,-3.0,5.0
220.0,29.0,-5.0,5.0
214.0,28.0,-4.0,7.0
195.0,28.0,-6.0,6.0
167.0,30.0,-6.0,8.0
137.0,29.0,-7.0,8.0
108.0,29.0,-6.0,7.0
85.0,29.0,-6.0,7.0
69.0,30.0,-7.0,7.0
62.0,28.0,-5.0,7.0
64.0,28.0,-6.0,8.0
72.0,29.0,-6.0,7.0
85.0,31.0,-6.0,7.0
98.0,29.0,-6.0,6.0
110.0,31.0,-6.0,8.0
118.0,31.0,-4.0,8.0
121.0,30.0,-5.0,8.0
119.0,31.0,-4.0,11.0
115.0,34.0,-5.0,11.0
108.0,37.0,-4.0,8.0
101.0,39.0,-2.0,7.0
94.0,40.0,-5.0,3.0
89.0,38.0,-8.0,3.0
89.0,35.0,-6.0,5.0
100.0,33.0,-5.0,3.0
125.0,28.0,-2.0,2.0
158.0,28.0,-1.0,2.0
189.0,25.0,-1.0,1.0
209.0,25.0,0.0,2.0
214.0,26.0,0.0,0.0
202.0,28.0,2.0,2.0
178.0,30.0,3.0,1.0
147.0,32.0,1.0,1.0
115.0,33.0,0.0,1.0
86.0,36.0,-2.0,5.0
64.0,34.0,-4.0,5.0
52.0,33.0,-5.0,5.0
50.0,29.0,-3.0,4.0
50.0,27.0,-1.0,5.0
65.0,28.0,1.0,3.0
87.0,29.0,2.0,5.0
106.0,28.0,2.0,2.0
119.0,28.0,2.0,2.0
124.0,29.0,1.0,2.0
122.0,30.0,1.0,3.0
116.0,31.0,0.0,5.0
108.0,33.0,1.0,4.0
100.0,31.0,-1.0,4.0
94.0,30.0,0.0,4.0
89.0,30.0,0.0,6.0
87.0,31.0,0.0,5.0
91.0,31.0,-1.0,6.0
103.0,31.0,1.0,6.0
127.0,29.0,1.0,6.0
158.0,31.0,-1.0,6.0
188.0,30.0,-1.0,7.0
207.0,30.0,0.0,5.0
211.0,32.0,-1.0,6.0
200.0,31.0,0.0,8.0
177.0,31.0,0.0,8.0
148.0,31.0,-2.0,9.0
119.0,32.0,-2.0,8.0
94.0,34.0,0.0,8.0
75.0,37.0,-3.0,8.0
63.0,40.0,-4.0,5.0
61.0,37.0,-9.0,3.0
67.0,36.0,-8.0,2.0
80.0,34.0,-7.0,3.0
98.0,30.0,-4.0,3.0
116.0,29.0,-7.0,1.0
130.0,26.0,-6.0,2.0
136.0,26.0,-7.0,0.0
135.0,25.0,-6.0,1.0
128.0,27.0,-5.0,2.0
117.0,29.0,-8.0,5.0
105.0,32.0,-8.0,4.0
93.0,34.0,-8.0,5.0
85.0,32.0,-7.0,5.0
80.0,32.0,-6.0,4.0
84.0,29.0,-5.0,4.0
100.0,28.0,-5.0,5.0
128.0,29.0,-4.0,5.0
163.0,29.0,-4.0,4.0
193.0,28.0,-4.0,4.0
210.0,29.0,-4.0,4.0
211.0,29.0,-4.0,6.0
197.0,29.0,-4.0,5.0
173.0,30.0,-6.0,5.0
153.0,29.0,-5.0,5.0
125.0,31.0,-7.0,5.0
97.0,31.0,-7.0,7.0
75.0,31.0,-6.0,7.0
62.0,29.0,-6.0,6.0
59.0,29.0,-5.0,8.0
65.0,30.0,-6.0,8.0
77.0,29.0,-6.0,7.0
91.0,29.0,-4.0,9.0
104.0,29.0,-4.0,8.0
113.0,29.0,-5.0,9.0
117.0,31.0,-3.0,7.0
117.0,31.0,-3.0,9.0
113.0,30.0,-3.0,10.0
107.0,32.0,-4.0,9.0
100.0,35.0,-2.0,9.0
93.0,36.0,-2.0,7.0
88.0,38.0,-4.0,5.0
87.0,39.0,-7.0,3.0
94.0,35.0,-6.0,4.0
115.0,33.0,-4.0,3.0
146.0,30.0,-2.0,1.0
180.0,27.0,-2.0,2.0
206.0,27.0,0.0,0.0
216.0,27.0,0.0,1.0
209.0,29.0,-1.0,0.0
188.0,31.0,1.0,2.0
160.0,32.0,1.0,1.0
130.0,33.0,0.0,3.0
101.0,34.0,-3.0,2.0
79.0,34.0,-4.0,4.0
64.0,33.0,-5.0,6.0
59.0,31.0,-4.0,5.0
62.0,29.0,-5.0,6.0
74.0,28.0,-3.0,6.0
90.0,26.0,0.0,3.0
105.0,29.0,1.0,3.0
116.0,30.0,1.0,2.0
121.0,30.0,-1.0,4.0
120.0,31.0,0.0,3.0
115.0,30.0,0.0,3.0
107.0,30.0,-1.0,5.0
99.0,30.0,0.0,4.0
92.0,30.0,-2.0,4.0
86.0,30.0,-2.0,6.0
82.0,32.0,-2.0,4.0
83.0,30.0,-1.0,6.0
89.0,31.0,-3.0,5.0
106.0,29.0,-3.0,5.0
